维度	实体	状态/事件	边界值	期望表现(出处)	实测	结论	证据
D10	亡语(death payload)	死亡触发	死亡时范围伤害 + 召唤	亡语范围伤害 + 死亡召唤同队 (参考规格§5 亡语)	bomb 亡语 300 伤 2.0格内敌; 召唤 2 骷髅	一致	cover_offline_test.go:253(TestCoverDeathPayload 实测行 :277)
D10	冠数	计数	0:0 / 1:1 / 2:2 / 3:0	冠数本身不结束对局; 王塔倒下⇒3冠 (参考规格§3)	0:0→1:1→2:2 均未结束; 0:0 起王塔倒⇒3:0	一致	cover_offline_test.go:498(TestCoverCrownCounts 实测行 :542)
D10	加时结束判定	胜负判定	300s 平冠	比塔 HP 万分比; 全平⇒draw (参考规格§3 ③④)	HpRateA=10000/HpRateB=8653 winner=blue reason=time_up_hp; 全平⇒draw	一致	battle_test.go:337(TestOvertimeThenHpRate)
D10	加时触发条件	胜负判定	180s 冠数不同 vs 平冠	不同⇒立即 time_up_crowns; 平冠⇒进加时 (参考规格§3)	1-0@180 ⇒ ended reason=time_up_crowns winner=blue phase=2	一致	cover_offline_test.go:550(TestCoverVictoryCrownsAt180Differs 实测行 :587)
D10	召唤(建筑周期)	周期召唤	间隔1000ms / 上限3	按间隔召唤至 SpawnLimit 后停 (参考规格§5 建筑)	3.5s 内 spawn 3 个; spawnedCount 停在 3 (存活数可能因进军被塔击杀而下降)	一致	cover_offline_test.go:280(TestCoverSpawnerBuilding 实测行 :311)
D10	圣水(elixirBar)	再生/花费	0 / 9 / 10 / 超上限(20000) / 负(-500)	上限10、满则不攒零头、9付不起10、0只付免费 (参考规格§3: 起始6/上限10)	clamp 20000→10000; -500→0; 满再生成 10000/acc0; 9 afford(9)=T afford(10)=F; 0 仅 afford(0)	一致	cover_offline_test.go:317(TestCoverElixirBoundaries 实测行 :370)
D10	圣水三阶段速率	再生速率	0–120s/120–240s/240–300s	2800/1400/930 ms每点, 时间轴累计不重置 (参考规格§3)	120s=42857, 240s=128571, 300s=193087 milli	一致	core_test.go:196(TestElixirThreePhases)
D10	塔 HP	伤害漏斗	HP=1 受 0/负 伤害; HP=1 受 1 点	0/负不死; 恰好1点死并给对手1冠 (参考规格§3)	hp1 存活于 0/-5; 受1点→hp0/alive=false; crowns+1	一致	cover_offline_test.go:393(TestCoverTowerHpBoundaries 实测行 :441)
D10	塔血×三冠判定	数值×逻辑	公主塔 HP 3584 倒下	公主塔倒⇒对手+1冠; 王塔倒⇒对手=3冠 (参考规格§3)	公主塔倒 crowns+1; 王塔倒 crowns=3	一致	rules.go:410(resolveDeath) / cover TestCoverCrownCounts
D10	手牌轮转(hand)	循环	4张手牌→第5~8张→回到起点	8卡循环: 4手牌+下一张; 8次出牌后手牌与"下一张"复原 (参考规格§7 S11)	8次出牌后 hand=[2 4 7 8]==开局, next=1==开局	一致	cover_offline_test.go:350(TestCoverHandFullCycle 实测行 :414)
D10	手牌轮转: 未持牌出牌被拒	异常分支	出不在手牌的卡	拒绝且不消耗 (core 无 logger ⇒ 返回 error)	err=ErrCardNotInHand; 手牌不变	一致	core_test.go:336 / fixtures
D10	攻击	前摇/间隔	LoadTime=500 / HitSpeed=1000	首次 LoadTime 前摇, 之后 HitSpeed 间隔 (参考规格§5 攻击)	<500ms 无挥击; 500ms swings=1; 1500ms swings=2	一致	cover_offline_test.go:590(TestCoverAttackWindupAndProjectile 实测行 :616)
D10	攻击: 命中数算术	数值×逻辑	伤害公式×命中	ceil(HP/Damage) 次致死 (Knight 1766/202=9)	9 次挥击致死; 8 次(1616)<1766 不足; 塔 14 次杀 1766HP	一致	battle_test.go:81(TestMeleeKillsInExpectedHits)
D10	时间轴	胜负判定	179 / 180 / 181 / 299 / 300 / 301 s	平冠: 180 进加时、300 结束; 结束后再推进无效 (参考规格§3)	179 normal(未结束); 180 overtime; 181/299 未结束; 300 draw; 301 tick 不变	一致	cover_offline_test.go:417(TestCoverTimeBoundaries 实测行 :488)
D10	法术	效果	瞬伤/持续/击退/召唤	瞬伤范围、持续云、击退、召唤各支路 (参考规格§5 法术)	瞬伤 688 命中、pushback 生效、法术可过河	一致	core_test.go:409 / cover TestCoverKnockbackPushback
D10	确定性	重放	同种子同操作序列	两次运行快照逐字段相同 (project 约定)	900 tick 后 Snapshot 完全相同	一致	battle_test.go:399(TestDeterminism)
D10	索敌: 只打建筑	目标过滤	建筑目标兵 vs 部队	OnlyBuildings 看不见部队, 能看塔 (参考规格§5 索敌)	canTarget(巨人,骑士)=false; canTarget(巨人,塔)=true	一致	cover_offline_test.go:520(TestCoverOnlyBuildingsCannotSeeTroops 实测行 :566)
D10	索敌: 塔只打最近目标	目标选择	范围内近/远两敌	只打最近敌方单位 (参考规格§5)	target=near.ID; far 未受伤	一致	battle_test.go:140(TestTowerShellsNearestTarget)
D10	索敌: 惰性王塔	攻击开关	未激活王塔 + 视野内有敌	未激活不攻击; 被激(公主塔倒/自身被打)后恰3300ms激活 (参考规格§4.1)	king.swings=0(未激); 激后 delta=3300ms	一致	battle_test.go:177(TestKingTowerInertUntilProvoked)
D10	胜负: 投降	胜负判定	Surrender(team)	立即结束、对方胜; 二次投降无效 (参考规格§3)	winner=blue reason=surrender; 二次不改	一致	battle_test.go:385(TestSurrender)
D10	胜负: 王塔被毁	胜负判定	任一王塔倒下	立即结束、对手3冠 (参考规格§3 ①)	reason=king_destroyed winner=blue crowns 3/0 phase=2	一致	battle_test.go:269(TestVictoryByKingDestroyed)
D10	部署延迟	可选性	部署中单位	部署中不可被选中/不行动 (参考规格§5 部署延迟)	acquirable()=false while deploying	一致	entity.go:141 / targeting.go:29
D11	Game.Input(鼠标左键按下)	对局/HUD手牌	按下手牌槽	开始拖放:命中槽位则 BeginDrag	HitTestHand 命中则 BeginDrag；未命中 return	一致(脚本)	HudPanel.cs:718-732
D11	Game.Input(鼠标抬起)	对局/HUD手牌	抬起	EndDrag 发 C2S 出牌请求	GetMouseButtonUp(0)→EndDrag	一致(脚本)	HudPanel.cs:738-741
D11	Game.Input(鼠标拖动)	对局/HUD手牌	拖动中	幽灵卡跟手 MoveGhost	MoveGhost(screen) 每帧	一致(脚本)	HudPanel.cs:736
D11	快捷键(全局)	全上下文	按键	本项目不挂裸快捷键	无 UnityEngine.Input.GetKey 命中；契约要求输入走 Game.Input	一致(脚本)	HudPanel.cs:670；全仓扫描(step3)
D11	拖放-弹窗开启(暂停/结算/设置)	对局+弹窗	弹窗打开	一律不许拖放出牌(轮询挡不住遮罩)	显式挡 IsOpen<Pause/Result/Settings>；拖到一半则 CancelDrag	一致(脚本)	HudPanel.cs:701-714
D11	拖放-按键状态丢失	对局	抬起事件丢失	CancelDrag 收尾防幽灵卡	!GetMouseButton(0) 时 CancelDrag	一致(脚本)	HudPanel.cs:744-749
D11	拖放出牌-合法落点	对局	落点在合法格	指示器显示可放置+出牌成功	PlacementIndicator 判点(InsideCircle/桥区)	一致(脚本)	PlacementIndicator.cs:178-194
D11	拖放出牌-非法落点	对局	落点非法	出牌被拒/指示器红色	实测：非法落点(y=13 敌方半场) → 运行时播 BadDrop 音 + 日志"放下落点非法 ⇒ 播无效投放音"；代码 PlacementIndicator.IllegalColor=(0.95,0.25,0.20,0.35) 红 / LegalColor 绿，Show(tile,radius,legal) 按合法性取色	一致	22:11:45.630 BadDrop/bad_drop_03；22:11:45.631 [HudPanel] 放下落点非法；PlacementIndicator.cs:32,35,85（⚠️ 未截到拖放"中"的红圈，拖放瞬时完成）
D11	按钮点击-主菜单	主菜单	点人机对战	Emit AiBattleRequest→开始	MainMenuPanel CbBtn→事件	一致(脚本)	AppFlow.cs:323；MainMenuPanel
D11	按钮点击-卡组编辑	卡组	点卡池加卡/减卡	选中态切换	_selected 逻辑；**入口链（AM1b，2026-09-22）**：第 2 次及以后 Play 主菜单「卡组编辑」仍可打开（`listeners[Deck.OpenRequest]=1` / `deckOpen=True` / `DeckBox 1000x1518`，`.ai-tmp/test/AM1b-report.md` §3）⇒ 本行「点卡池加卡/减卡」可达；根因 D109 已消除	一致(脚本)	DeckEditPanel.cs:591-614
D11	按钮点击-弹窗	弹窗	点确认/取消	面板响应	Pause/Result/Settings CbBtn	一致(脚本)	各面板
D11	按钮点击-设置滑块	设置	拖动滑块	Emit Settings.*Request→真改	SettingsManager 订阅并应用	一致(脚本)	SettingsManager.cs:160-205
D11	暂停按钮点击	对局HUD	点暂停	Emit StationEnterRequest→Pause	OnPauseClicked→Emit(Events.Flow.StationEnterRequest,Stations.Pause)	一致(脚本)	HudPanel.cs:672-676
D11	暂停时能否出牌	暂停	暂停面板打开	不能出牌	PollDrag 在 PausePanel 打开时 return	一致(脚本)	HudPanel.cs:707-714
D11	滚轮-列表滚动	房间列表/卡池	滚轮	列表滚动	房间列表与卡池均为**分页**实现（每页 5 行 / 8 张 + 上一页/下一页）；全工程 `Assets/**.cs` 的 `ScrollRect` 命中数 = 0（唯一一处是 RoomListPanel.cs:18-22 的注释"引擎里没有滚动列表工厂 ⇒ 取分页"）；滚轮滚动无对应控件 ⇒ 按任务书"可滚动或分页"口径成立	一致（滚轮不适用，分页已实现）	grep ScrollRect count=0；RoomListPanel.cs:18-22/55-56；DeckEditPanel.cs:326-345；AL3-evidence step11 PoolLabel='卡池：共 60 张 · 第 8/8 页（每页 8 张）'；step30 PageLabel='第 1/1 页'
D11	菜单内屏蔽(点HUD下层)	菜单/弹窗	点弹窗空白	不穿透点到下层HUD	Popup 层遮罩挡 uGUI 点击；轮询另有显式挡	一致(脚本)	HudPanel.cs:701-714
D11	触屏/多点	全上下文	—	本项目鼠标为主	本项目目标平台为 PC 鼠标（原版为移动端触屏）；本片无采集动作（任务书要求如实登记即可）	允许的差异（D92）	差异登记 D92；验收表 §3 D92；任务书 §③/#2
D11	输入框聚焦时快捷键误触	输入框聚焦	输入框内打字	快捷键不误触	无全局快捷键 ⇒ 无误触面	一致(脚本)	step3 无 Input.GetKey
D11	输入框输入-房间	房间/房间列表	输入房名/搜索	受 characterLimit	RoomListPanel 的 `RoomNameInput` 读出 `characterLimit=32`；程序化注入 40 字符后 `readLen=32`（被夹到上限）⇒ 文本不溢出输入框（截图见 AL3-long-Room.png）	一致	AL3-evidence step13: RoomNameInput.characterLimit=32 action=injected40 readLen=32；.ai-tmp/screenshots/AL3-shots/AL3-long-Room.png
D11	输入框输入-昵称	创角面板	输入昵称	受 characterLimit 限制	characterLimit 命中	一致(脚本)	NicknamePanel.cs
D11	输入框输入-登录	登录面板	输入账号/密码	字符入框不触发按钮	InputField 标准;characterLimit	一致(脚本)	LoginPanel.cs；CrUiStyle.Field:527-547
D11	连点防重入-回主菜单	暂停/结算	重复回主菜单	幂等忽略	_returningToMainMenu 幂等	一致(脚本)	AppFlow.cs:224-228
D11	连点防重入-登录	登录	快速连点登录	只执行一次	_busy 防重入 Warn 忽略	一致(脚本)	AppFlow.cs:543-547
D11	连点防重入-进图	房间→对局	重复 PushBattleStart	按 roomId 幂等只进一次	_enteringBattle/_enteringRoomId 幂等	一致(脚本)	AppFlow.cs:177-189
D12	Battle→Battle(重连)	已在Battle01	—	只切站点不重载场景	CurrentScene==Battle01→GoTo(Battle)	一致(脚本)	AppFlow.cs:200-207
D12	Battle→Pause	点暂停	—	切 Pause 站点(不真暂停)	StationEnterRequest(Pause)→EnterPause	一致(脚本)	AppFlow.cs:528-533
D12	Battle→Result	对局结束	胜负	开结算面板	本片 Play 开始那一刻屏幕上就是一个**自然打完**的人机对局结算（站内 Timer='00:00'、Phase='对局已结束'、ResultPanel 已开、`Outcome='失 败'`、`Crowns='我方冠 0 : 对方冠 2'`、`Reason='结算原因：加时结束，比冠数'`、`Detail='我方塔血 46% : 对方塔血 87% · 人机对局 · 房间 r1790001678804-2'`）⇒ 服务端 PushBattleEnd → 结算面板链路成立。⚠️ 该结算非本片驱动产生（是本会话此前 180s 自然结束留下的状态，本片 step2 点登录后被 AppFlow 切站点关掉；未能在其存活期间截图）——如实登记	一致（链路成立；该局非本片驱动）	AL3-evidence step3 DUMP: open.Result=True open.Hud=True [Outcome]='失 败' [Crowns]='我方冠 0 : 对方冠 2' [Reason]='结算原因：加时结束，比冠数' [Detail]='我方塔血 46% : 对方塔血 87%    ·    人机对局    ·    房间 r1790001678804-2' [Phase]='对局已结束' [Timer]='00:00'
D12	Boot→Login(开发态)	当前活动场景已是Main	—	跳过场景加载直接进 Login	activeScene==Main → GoTo(Login)	一致(脚本)	AppFlow.cs:464-471
D12	Boot→Login(经Main场景)	启动画面停留结束	BootSplashSeconds	切 Main 场景→进 Login 站点	Timer.After→LoadMainSceneFromBoot→Scene.Load(Main)→GoTo(Login)	一致(脚本)	AppFlow.cs:419-489
D12	Boot→Login(非预期)	Game.Scene为空	—	打Error并直接进Login不挂死	LogError+GoTo(Login)	一致(脚本)	AppFlow.cs:449-457
D12	Boot计时器竞争	停留回调晚到	站点已变	不再切场景	Fsm.Current!=Boot 时 return	一致(脚本)	AppFlow.cs:421-427
D12	D11×上下文 拖放仅在 Battle	各站点	—	仅 Battle 上下文可拖放出牌	PollDrag 仅 HudPanel(Battle)	一致(脚本)	HudPanel.cs:696-714
D12	D4×D12 暂停时 HUD	暂停	—	HUD 保留+弹窗压遮罩	EnterPause 不关下层 HUD；PausePanel 为 Popup 层	一致(脚本)	AppFlow.cs:528-533
D12	D4×D12 结算时 HUD	结算	—	结算覆盖/清 HUD	结算态实测 `open.Result=True` 且 `open.Hud=True`（HUD 面板**未清**），HUD 的文本节点（[Crowns]/[Timer]/[ElixirText]/[HandText0..3]）全部 activeInHierarchy ⇒ 结算页以全屏暗底 Dim(alpha 0.62) 压住 HUD，而非卸载 HUD（ResultPanel.cs:169-171 的设计注释）	一致（覆盖成立；HUD 未清属设计）	AL3-evidence step3 DUMP: open.Result=True open.Hud=True 且 TEXT 行同时列出 [Crowns]='0 : 2' [Timer]='00:00' [ElixirText] … 与 [Outcome]='失 败'；ResultPanel.cs:54-55 DimColor / 169-171
D12	D7×D12 音乐随场景转移	进图/回菜单	—	进图停 BGM 回菜单起 BGM	实测：Login/MainMenu 站 D7.bgmCurrent=Menu/music_lobby_202606；进图后=Battle/2min_loop_battle_01（菜单曲被换掉）；AF1 三站日志同源	一致	step0/step4 D7.bgmCurrent 读数（Menu→Battle）；AF1 报告三站日志
D12	Login→MainMenu	登录成功已有昵称	—	进主菜单站点	GoTo(MainMenu)	一致(脚本)	AppFlow.cs:606
D12	Login→Nickname	登录成功且昵称为空	空昵称	进创角站点	GoTo(Nickname)	一致(脚本)	AppFlow.cs:606
D12	Login→注册	点注册	—	仍留 Login 站点, 开注册面板	OnOpenRegister:CloseAll+Open<RegisterPanel>	一致(脚本)	AppFlow.cs:374-378
D12	MainMenu→Battle	点人机对战	—	建房→PushBattleStart→读条进图	StartAiBattleAsync→PushBattleStart→RequestEnterBattle	一致(脚本)	AppFlow.cs:779-828
D12	MainMenu→Room	点房间列表	—	广播 Room.OpenListRequest(Module/Room 开面板)	RequestOpenRoomList→Emit	一致(脚本)	AppFlow.cs:145-149/512-518
D12	MainMenu→卡组编辑	点卡组	—	广播 Deck.OpenRequest	RequestOpenDeckEdit→Emit；实测（AM1b，2026-09-22）：**同域第 2 次 Play**（= 用户报障条件）仍可打开 ⇒ `listeners[Deck.OpenRequest]=1` / `deckOpen=True` / `DeckBox scr=(40,235)-(1040,1753) size=1000x1518 active=True`（15:23:47）；日志 `[Deck] 检测到新的事件总线…重新装载订阅`；根因 = `DeckManager.cs:62/:89` 裸 bool 判订阅幂等 ⇒ D109（已消除）	一致(脚本)	AppFlow.cs:135-139
D12	Nickname→MainMenu	创角成功	—	进主菜单	SetNickname ok→GoTo(MainMenu)	一致(脚本)	AppFlow.cs:682-692
D12	Pause→Battle(继续)	点继续	—	回 Battle 站点	实测：点 HUD PauseButton → station=Battle→Pause，PausePanel open=True；点 ContinueButton → station=Pause→Battle，hudOpen=True	一致	panelStep0；panelStep1（station=Pause→Battle hudOpen=True）；AI2-14-pause.png
D12	Pause→MainMenu(投降/退出)	点投降/退出	—	读条回主菜单	RequestReturnToMainMenu→EnterSceneAsync(Main)	一致(脚本)	AppFlow.cs:222-242
D12	Result→MainMenu	点回主菜单	—	回主菜单站点	RequestReturnToMainMenu	一致(脚本)	AppFlow.cs:222-242
D12	Room→Battle	真人开打	—	读条进图切 Battle 站点	RequestEnterBattle(roomId,start)→EnterSceneAsync(Battle01)	一致(脚本)	AppFlow.cs:168-216
D12	任意→Login(被踢)	会话失效	—	回登录站点并提示	OnKicked→GoTo(Login)	一致(脚本)	AppFlow.cs:715-723
D12	启动→Boot	启动	—	进 Boot 站点并开启动画面	Start():RegisterStations+Subscribe+GoTo(Boot)	一致(脚本)	AppFlow.cs:246-256
D12	回主菜单后表现层残留	回主菜单	—	无残留单位/HUD/幽灵卡	复采实测：加 BattleViewRoot._inBattle 门后，第 2 次"进图→回菜单"（aj2Step8）残留全 0：unitViews=0 fxViews=0 battleContent=NONE battleAudio=NONE scene=Main roots=Bootstrap,Main Camera；对比 AI2 修前第 1 次 unitViews=1 fxViews=1 battleAudioNode=FOUND	一致	AJ2: aj2Step8 RESIDUAL#2 unitViews=0 fxViews=0 battleContent=NONE battleAudio=NONE scene=Main roots=Bootstrap,Main Camera,；对比 AI2 panelStep3（unitViews=1 fxViews=1 battleAudioNode=FOUND）；BattleViewRoot.cs:116,361,508-519,536-547
D12	回主菜单幂等	重复回主菜单	—	忽略重复请求	_returningToMainMenu 幂等	一致(脚本)	AppFlow.cs:224-228
D12	暂停态服务端tick是否继续	暂停	—	设计"不真暂停"⇒服务端tick继续	实测：暂停面板打开期间客户端快照计数继续增长（step8 snapshots=178 → step9 192 → step10 206，即暂停态仍在收快照）；面板文案亦声明"服务端仍在推进（计时/圣水/兵线/塔血）"；实图暂停面板背景 HUD 仍在计时	一致	panelStep输出 snapshots 178→192→206；AI2-14-pause.png（⚠️ 无服务端 tick 日志）
D12	注册→返回登录	点返回	—	回 Login 站点(返回路径存在)	BackToLoginRequest→GoTo(Login)	一致(脚本)	AppFlow.cs:297
D12	登录失败→Login站点	登录/注册失败	超时/4xx/拒登	留 Login 站点并带入失败原因	Fail→_pendingLoginError→EnterLogin 带入面板	一致(脚本)	AppFlow.cs:700-707/492-498
D12	连做两次回主菜单→再进图 计数一致	回主菜单→再进图×2	2次	计数一致(验收表T段)	实测：回主菜单后再点人机对战，beforeReenter snapshots=461 units=7 → afterReenter（新一局）station=Battle scene=Battle01 snapshots=102 units=1 hudOpen=True ⇒ 新局计数重新开始、无跨局累积	一致	panelStep15 beforeReenter snapshots=461 units=7；panelStep16 afterReenter snapshots=102 units=1
D12	退出	点退出	—	编辑器停Play/打包退出	Quit:EditorApplication.isPlaying=false / Application.Quit	一致(脚本)	AppFlow.cs:871-880
D1资源	ArenaRoot	资源根存在	exists	ResPaths 资源根必须在盘上	Test-Path True: Assets/Resources/Sprites/Arenas/arena_training_out	一致	coverage-enumerate.py
D1资源	BarWhite	键→文件存在	exists / missing	ResPaths 键必须指向盘上存在的 frame	Test-Path True: Sprites/Ui/Bars/ui_battle_end_out/frame_222.png	一致	coverage-enumerate.py / check-ui-keys.ps1 A
D1资源	BootBackground	资源根存在	exists	ResPaths 资源根必须在盘上	Test-Path True: Assets/Resources/Sprites/Ui/loading_bg	一致	coverage-enumerate.py
D1资源	BuildingsRoot	资源根存在	exists	ResPaths 资源根必须在盘上	Test-Path True: Assets/Resources/Sprites/Buildings	一致	coverage-enumerate.py
D1资源	ButtonBlueCorner	键→文件存在	exists / missing	ResPaths 键必须指向盘上存在的 frame	Test-Path True: Sprites/Ui/Buttons/ui_out/frame_165.png	一致	coverage-enumerate.py / check-ui-keys.ps1 A
D1资源	ButtonBlueCornerAlt	键→文件存在	exists / missing	ResPaths 键必须指向盘上存在的 frame	Test-Path True: Sprites/Ui/Buttons/ui_out/frame_166.png	一致	coverage-enumerate.py / check-ui-keys.ps1 A
D1资源	ButtonCapsule	键→文件存在	exists / missing	ResPaths 键必须指向盘上存在的 frame	Test-Path True: Sprites/Ui/Buttons/ui_out/frame_002.png	一致	coverage-enumerate.py / check-ui-keys.ps1 A
D1资源	ButtonDarkGrey	键→文件存在	exists / missing	ResPaths 键必须指向盘上存在的 frame	Test-Path True: Sprites/Ui/Buttons/ui_out/frame_014.png	一致	coverage-enumerate.py / check-ui-keys.ps1 A
D1资源	ButtonDarkGreyAlt	键→文件存在	exists / missing	ResPaths 键必须指向盘上存在的 frame	Test-Path True: Sprites/Ui/Buttons/ui_out/frame_015.png	一致	coverage-enumerate.py / check-ui-keys.ps1 A
D1资源	ButtonGold	键→文件存在	exists / missing	ResPaths 键必须指向盘上存在的 frame	Test-Path True: Sprites/Ui/Buttons/ui_out/frame_300.png	一致	coverage-enumerate.py / check-ui-keys.ps1 A
D1资源	ButtonGreenCorner	键→文件存在	exists / missing	ResPaths 键必须指向盘上存在的 frame	Test-Path True: Sprites/Ui/Buttons/ui_out/frame_005.png	一致	coverage-enumerate.py / check-ui-keys.ps1 A
D1资源	ButtonGreenCornerTl	键→文件存在	exists / missing	ResPaths 键必须指向盘上存在的 frame	Test-Path True: Sprites/Ui/Buttons/ui_out/frame_004.png	一致	coverage-enumerate.py / check-ui-keys.ps1 A
D1资源	ButtonOrange	键→文件存在	exists / missing	ResPaths 键必须指向盘上存在的 frame	Test-Path True: Sprites/Ui/Buttons/ui_out/frame_357.png	一致	coverage-enumerate.py / check-ui-keys.ps1 A
D1资源	ButtonOrangeAlt	键→文件存在	exists / missing	ResPaths 键必须指向盘上存在的 frame	Test-Path True: Sprites/Ui/Buttons/ui_out/frame_359.png	一致	coverage-enumerate.py / check-ui-keys.ps1 A
D1资源	ButtonOrangeWide	键→文件存在	exists / missing	ResPaths 键必须指向盘上存在的 frame	Test-Path True: Sprites/Ui/Buttons/ui_out/frame_551.png	一致	coverage-enumerate.py / check-ui-keys.ps1 A
D1资源	ButtonWhite	键→文件存在	exists / missing	ResPaths 键必须指向盘上存在的 frame	Test-Path True: Sprites/Ui/Buttons/ui_out/frame_476.png	一致	coverage-enumerate.py / check-ui-keys.ps1 A
D1资源	CardFrameGlowLegendary	键→文件存在	exists / missing	ResPaths 键必须指向盘上存在的 frame	Test-Path True: Sprites/Ui/Panels/ui_out/frame_532.png	一致	coverage-enumerate.py / check-ui-keys.ps1 A
D1资源	CardsRoot	资源根存在	exists	ResPaths 资源根必须在盘上	Test-Path True: Assets/Resources/Sprites/Cards	一致	coverage-enumerate.py
D1资源	ChatBubble	键→文件存在	exists / missing	ResPaths 键必须指向盘上存在的 frame	Test-Path True: Sprites/Ui/Slots/ui_out/frame_054.png	一致	coverage-enumerate.py / check-ui-keys.ps1 A
D1资源	ElixirBarFill	键→文件存在	exists / missing	ResPaths 键必须指向盘上存在的 frame	Test-Path True: Sprites/Ui/Bars/ui_out/frame_157.png	一致	coverage-enumerate.py / check-ui-keys.ps1 A
D1资源	ElixirBarFrame	键→文件存在	exists / missing	ResPaths 键必须指向盘上存在的 frame	Test-Path True: Sprites/Ui/Bars/ui_out/frame_158.png	一致	coverage-enumerate.py / check-ui-keys.ps1 A
D1资源	ElixirBarTick	键→文件存在	exists / missing	ResPaths 键必须指向盘上存在的 frame	Test-Path True: Sprites/Ui/Bars/ui_out/frame_160.png	一致	coverage-enumerate.py / check-ui-keys.ps1 A
D1资源	ElixirBarTrack	键→文件存在	exists / missing	ResPaths 键必须指向盘上存在的 frame	Test-Path True: Sprites/Ui/Bars/ui_out/frame_155.png	一致	coverage-enumerate.py / check-ui-keys.ps1 A
D1资源	ElixirBarTrackAlt	键→文件存在	exists / missing	ResPaths 键必须指向盘上存在的 frame	Test-Path True: Sprites/Ui/Bars/ui_out/frame_156.png	一致	coverage-enumerate.py / check-ui-keys.ps1 A
D1资源	ElixirRequirementEnd	键→文件存在	exists / missing	ResPaths 键必须指向盘上存在的 frame	Test-Path True: Sprites/Ui/Bars/ui_out/frame_162.png	一致	coverage-enumerate.py / check-ui-keys.ps1 A
D1资源	ElixirRequirementTrack	键→文件存在	exists / missing	ResPaths 键必须指向盘上存在的 frame	Test-Path True: Sprites/Ui/Bars/ui_out/frame_161.png	一致	coverage-enumerate.py / check-ui-keys.ps1 A
D1资源	GoldSquarePlate	键→文件存在	exists / missing	ResPaths 键必须指向盘上存在的 frame	Test-Path True: Sprites/Ui/Bars/ui_battle_end_out/frame_201.png	一致	coverage-enumerate.py / check-ui-keys.ps1 A
D1资源	HudClockIcon	键→文件存在	exists / missing	ResPaths 键必须指向盘上存在的 frame	Test-Path True: Sprites/Ui/Icons/ui_out/frame_042.png	一致	coverage-enumerate.py / check-ui-keys.ps1 A
D1资源	HudHandSlot	键→文件存在	exists / missing	ResPaths 键必须指向盘上存在的 frame	Test-Path True: Sprites/Ui/Slots/ui_out/frame_200.png	一致	coverage-enumerate.py / check-ui-keys.ps1 A
D1资源	HudHandSlotDraft	键→文件存在	exists / missing	ResPaths 键必须指向盘上存在的 frame	Test-Path True: Sprites/Ui/Slots/ui_out/frame_201.png	一致	coverage-enumerate.py / check-ui-keys.ps1 A
D1资源	HudPauseButtonPlate	键→文件存在	exists / missing	ResPaths 键必须指向盘上存在的 frame	Test-Path True: Sprites/Ui/Buttons/ui_out/frame_163.png	一致	coverage-enumerate.py / check-ui-keys.ps1 A
D1资源	HudPauseIconPause	键→文件存在	exists / missing	ResPaths 键必须指向盘上存在的 frame	Test-Path True: Sprites/Ui/Icons/ui_out/frame_171.png	一致	coverage-enumerate.py / check-ui-keys.ps1 A
D1资源	HudPauseIconPlay	键→文件存在	exists / missing	ResPaths 键必须指向盘上存在的 frame	Test-Path True: Sprites/Ui/Icons/ui_out/frame_170.png	一致	coverage-enumerate.py / check-ui-keys.ps1 A
D1资源	HudScoreNamePlate	键→文件存在	exists / missing	ResPaths 键必须指向盘上存在的 frame	Test-Path True: Sprites/Ui/Panels/ui_out/frame_196.png	一致	coverage-enumerate.py / check-ui-keys.ps1 A
D1资源	HudStarEnemy	键→文件存在	exists / missing	ResPaths 键必须指向盘上存在的 frame	Test-Path True: Sprites/Ui/Icons/ui_out/frame_188.png	一致	coverage-enumerate.py / check-ui-keys.ps1 A
D1资源	HudStarEnemyAlt	键→文件存在	exists / missing	ResPaths 键必须指向盘上存在的 frame	Test-Path True: Sprites/Ui/Icons/ui_out/frame_198.png	一致	coverage-enumerate.py / check-ui-keys.ps1 A
D1资源	HudStarPlayer	键→文件存在	exists / missing	ResPaths 键必须指向盘上存在的 frame	Test-Path True: Sprites/Ui/Icons/ui_out/frame_187.png	一致	coverage-enumerate.py / check-ui-keys.ps1 A
D1资源	HudStarPlayerAlt	键→文件存在	exists / missing	ResPaths 键必须指向盘上存在的 frame	Test-Path True: Sprites/Ui/Icons/ui_out/frame_197.png	一致	coverage-enumerate.py / check-ui-keys.ps1 A
D1资源	HudTopRightPlate	键→文件存在	exists / missing	ResPaths 键必须指向盘上存在的 frame	Test-Path True: Sprites/Ui/Panels/ui_out/frame_193.png	一致	coverage-enumerate.py / check-ui-keys.ps1 A
D1资源	IconArrowUp	键→文件存在	exists / missing	ResPaths 键必须指向盘上存在的 frame	Test-Path True: Sprites/Ui/Icons/ui_out/frame_519.png	一致	coverage-enumerate.py / check-ui-keys.ps1 A
D1资源	IconAttackGear	键→文件存在	exists / missing	ResPaths 键必须指向盘上存在的 frame	Test-Path True: Sprites/Ui/Icons/ui_out/frame_280.png	一致	coverage-enumerate.py / check-ui-keys.ps1 A
D1资源	IconBanner	键→文件存在	exists / missing	ResPaths 键必须指向盘上存在的 frame	Test-Path True: Sprites/Ui/Icons/ui_battle_end_out/frame_226.png	一致	coverage-enumerate.py / check-ui-keys.ps1 A
D1资源	IconBattle	键→文件存在	exists / missing	ResPaths 键必须指向盘上存在的 frame	Test-Path True: Sprites/Ui/Icons/ui_out/frame_226.png	一致	coverage-enumerate.py / check-ui-keys.ps1 A
D1资源	IconCastle	键→文件存在	exists / missing	ResPaths 键必须指向盘上存在的 frame	Test-Path True: Sprites/Ui/Icons/ui_battle_end_out/frame_223.png	一致	coverage-enumerate.py / check-ui-keys.ps1 A
D1资源	IconChat	键→文件存在	exists / missing	ResPaths 键必须指向盘上存在的 frame	Test-Path True: Sprites/Ui/Icons/ui_out/frame_572.png	一致	coverage-enumerate.py / check-ui-keys.ps1 A
D1资源	IconChestGoldOpen	键→文件存在	exists / missing	ResPaths 键必须指向盘上存在的 frame	Test-Path True: Sprites/Ui/Icons/ui_out/frame_526.png	一致	coverage-enumerate.py / check-ui-keys.ps1 A
D1资源	IconChestHalfOpen	键→文件存在	exists / missing	ResPaths 键必须指向盘上存在的 frame	Test-Path True: Sprites/Ui/Icons/ui_out/frame_555.png	一致	coverage-enumerate.py / check-ui-keys.ps1 A
D1资源	IconChestWoodClosed	键→文件存在	exists / missing	ResPaths 键必须指向盘上存在的 frame	Test-Path True: Sprites/Ui/Icons/ui_out/frame_527.png	一致	coverage-enumerate.py / check-ui-keys.ps1 A
D1资源	IconCoin	键→文件存在	exists / missing	ResPaths 键必须指向盘上存在的 frame	Test-Path True: Sprites/Ui/Icons/ui_battle_end_out/frame_215.png	一致	coverage-enumerate.py / check-ui-keys.ps1 A
D1资源	IconCoinPile	键→文件存在	exists / missing	ResPaths 键必须指向盘上存在的 frame	Test-Path True: Sprites/Ui/Icons/ui_battle_end_out/frame_216.png	一致	coverage-enumerate.py / check-ui-keys.ps1 A
D1资源	IconCrownBig	键→文件存在	exists / missing	ResPaths 键必须指向盘上存在的 frame	Test-Path True: Sprites/Ui/Icons/ui_out/frame_883.png	一致	coverage-enumerate.py / check-ui-keys.ps1 A
D1资源	IconCrownBlack	键→文件存在	exists / missing	ResPaths 键必须指向盘上存在的 frame	Test-Path True: Sprites/Ui/Icons/ui_out/frame_075.png	一致	coverage-enumerate.py / check-ui-keys.ps1 A
D1资源	IconCrownBlueGem	键→文件存在	exists / missing	ResPaths 键必须指向盘上存在的 frame	Test-Path True: Sprites/Ui/Icons/ui_out/frame_187.png	一致	coverage-enumerate.py / check-ui-keys.ps1 A
D1资源	IconCrownFivePoint	键→文件存在	exists / missing	ResPaths 键必须指向盘上存在的 frame	Test-Path True: Sprites/Ui/Icons/ui_out/frame_878.png	一致	coverage-enumerate.py / check-ui-keys.ps1 A
D1资源	IconCrownGold	键→文件存在	exists / missing	ResPaths 键必须指向盘上存在的 frame	Test-Path True: Sprites/Ui/Icons/ui_out/frame_050.png	一致	coverage-enumerate.py / check-ui-keys.ps1 A
D1资源	IconCrownRedGem	键→文件存在	exists / missing	ResPaths 键必须指向盘上存在的 frame	Test-Path True: Sprites/Ui/Icons/ui_out/frame_188.png	一致	coverage-enumerate.py / check-ui-keys.ps1 A
D1资源	IconElixirBarLeft	键→文件存在	exists / missing	ResPaths 键必须指向盘上存在的 frame	Test-Path True: Sprites/Ui/Icons/ui_out/frame_159.png	一致	coverage-enumerate.py / check-ui-keys.ps1 A
D1资源	IconElixirDrop	键→文件存在	exists / missing	ResPaths 键必须指向盘上存在的 frame	Test-Path True: Sprites/Ui/Icons/ui_out/frame_099.png	一致	coverage-enumerate.py / check-ui-keys.ps1 A
D1资源	IconGamepad	键→文件存在	exists / missing	ResPaths 键必须指向盘上存在的 frame	Test-Path True: Sprites/Ui/Icons/ui_out/frame_570.png	一致	coverage-enumerate.py / check-ui-keys.ps1 A
D1资源	IconGear	键→文件存在	exists / missing	ResPaths 键必须指向盘上存在的 frame	Test-Path True: Sprites/Ui/Icons/ui_out/frame_563.png	一致	coverage-enumerate.py / check-ui-keys.ps1 A
D1资源	IconGemBlue	键→文件存在	exists / missing	ResPaths 键必须指向盘上存在的 frame	Test-Path True: Sprites/Ui/Icons/ui_out/frame_597.png	一致	coverage-enumerate.py / check-ui-keys.ps1 A
D1资源	IconGemGreen	键→文件存在	exists / missing	ResPaths 键必须指向盘上存在的 frame	Test-Path True: Sprites/Ui/Icons/ui_battle_end_out/frame_214.png	一致	coverage-enumerate.py / check-ui-keys.ps1 A
D1资源	IconMedal	键→文件存在	exists / missing	ResPaths 键必须指向盘上存在的 frame	Test-Path True: Sprites/Ui/Icons/ui_battle_end_out/frame_213.png	一致	coverage-enumerate.py / check-ui-keys.ps1 A
D1资源	IconPlus	键→文件存在	exists / missing	ResPaths 键必须指向盘上存在的 frame	Test-Path True: Sprites/Ui/Icons/ui_out/frame_521.png	一致	coverage-enumerate.py / check-ui-keys.ps1 A
D1资源	IconQuestion	键→文件存在	exists / missing	ResPaths 键必须指向盘上存在的 frame	Test-Path True: Sprites/Ui/Icons/ui_out/frame_292.png	一致	coverage-enumerate.py / check-ui-keys.ps1 A
D1资源	IconQuitCross	键→文件存在	exists / missing	ResPaths 键必须指向盘上存在的 frame	Test-Path True: Sprites/Ui/Icons/ui_out/frame_164.png	一致	coverage-enumerate.py / check-ui-keys.ps1 A
D1资源	IconSearch	键→文件存在	exists / missing	ResPaths 键必须指向盘上存在的 frame	Test-Path True: Sprites/Ui/Icons/ui_out/frame_279.png	一致	coverage-enumerate.py / check-ui-keys.ps1 A
D1资源	IconShieldBlue	键→文件存在	exists / missing	ResPaths 键必须指向盘上存在的 frame	Test-Path True: Sprites/Ui/Icons/ui_battle_end_out/frame_225.png	一致	coverage-enumerate.py / check-ui-keys.ps1 A
D1资源	IconSpellBook	键→文件存在	exists / missing	ResPaths 键必须指向盘上存在的 frame	Test-Path True: Sprites/Ui/Icons/ui_battle_end_out/frame_205.png	一致	coverage-enumerate.py / check-ui-keys.ps1 A
D1资源	IconTournamentCreate	键→文件存在	exists / missing	ResPaths 键必须指向盘上存在的 frame	Test-Path True: Sprites/Ui/Icons/ui_out/frame_281.png	一致	coverage-enumerate.py / check-ui-keys.ps1 A
D1资源	IconTrophy	键→文件存在	exists / missing	ResPaths 键必须指向盘上存在的 frame	Test-Path True: Sprites/Ui/Icons/ui_battle_end_out/frame_109.png	一致	coverage-enumerate.py / check-ui-keys.ps1 A
D1资源	IconTrophyLaurel	键→文件存在	exists / missing	ResPaths 键必须指向盘上存在的 frame	Test-Path True: Sprites/Ui/Icons/ui_battle_end_out/frame_195.png	一致	coverage-enumerate.py / check-ui-keys.ps1 A
D1资源	PanelCornerBlueGold	键→文件存在	exists / missing	ResPaths 键必须指向盘上存在的 frame	Test-Path True: Sprites/Ui/Panels/ui_out/frame_505.png	一致	coverage-enumerate.py / check-ui-keys.ps1 A
D1资源	PanelEdgeBlueGold	键→文件存在	exists / missing	ResPaths 键必须指向盘上存在的 frame	Test-Path True: Sprites/Ui/Panels/ui_out/frame_506.png	一致	coverage-enumerate.py / check-ui-keys.ps1 A
D1资源	PanelFrameDark	键→文件存在	exists / missing	ResPaths 键必须指向盘上存在的 frame	Test-Path True: Sprites/Ui/Panels/ui_battle_end_out/frame_108.png	一致	coverage-enumerate.py / check-ui-keys.ps1 A
D1资源	PanelFrameGrey	键→文件存在	exists / missing	ResPaths 键必须指向盘上存在的 frame	Test-Path True: Sprites/Ui/Panels/ui_out/frame_592.png	一致	coverage-enumerate.py / check-ui-keys.ps1 A
D1资源	PanelFrameOutline	键→文件存在	exists / missing	ResPaths 键必须指向盘上存在的 frame	Test-Path True: Sprites/Ui/Panels/ui_out/frame_802.png	一致	coverage-enumerate.py / check-ui-keys.ps1 A
D1资源	PanelPaper	键→文件存在	exists / missing	ResPaths 键必须指向盘上存在的 frame	Test-Path True: Sprites/Ui/Panels/ui_out/frame_806.png	一致	coverage-enumerate.py / check-ui-keys.ps1 A
D1资源	PanelPaperCornerBig	键→文件存在	exists / missing	ResPaths 键必须指向盘上存在的 frame	Test-Path True: Sprites/Ui/Panels/ui_out/frame_812.png	一致	coverage-enumerate.py / check-ui-keys.ps1 A
D1资源	PanelPaperCornerBl	键→文件存在	exists / missing	ResPaths 键必须指向盘上存在的 frame	Test-Path True: Sprites/Ui/Panels/ui_out/frame_811.png	一致	coverage-enumerate.py / check-ui-keys.ps1 A
D1资源	PanelPaperCornerTl	键→文件存在	exists / missing	ResPaths 键必须指向盘上存在的 frame	Test-Path True: Sprites/Ui/Panels/ui_out/frame_808.png	一致	coverage-enumerate.py / check-ui-keys.ps1 A
D1资源	PanelPaperCornerTr	键→文件存在	exists / missing	ResPaths 键必须指向盘上存在的 frame	Test-Path True: Sprites/Ui/Panels/ui_out/frame_807.png	一致	coverage-enumerate.py / check-ui-keys.ps1 A
D1资源	SlotCard	键→文件存在	exists / missing	ResPaths 键必须指向盘上存在的 frame	Test-Path True: Sprites/Ui/Slots/ui_out/frame_043.png	一致	coverage-enumerate.py / check-ui-keys.ps1 A
D1资源	SlotCardPlain	键→文件存在	exists / missing	ResPaths 键必须指向盘上存在的 frame	Test-Path True: Sprites/Ui/Slots/ui_out/frame_531.png	一致	coverage-enumerate.py / check-ui-keys.ps1 A
D1资源	SlotCorner	键→文件存在	exists / missing	ResPaths 键必须指向盘上存在的 frame	Test-Path True: Sprites/Ui/Slots/ui_out/frame_011.png	一致	coverage-enumerate.py / check-ui-keys.ps1 A
D1资源	SpellArtRoot	资源根存在	exists	ResPaths 资源根必须在盘上	Test-Path True: Assets/Resources/Sprites/Cards/ui_spells_out	一致	coverage-enumerate.py
D1资源	SpritesRoot	资源根存在	exists	ResPaths 资源根必须在盘上	Test-Path True: Assets/Resources/Sprites	一致	coverage-enumerate.py
D1资源	TitleBarGold	键→文件存在	exists / missing	ResPaths 键必须指向盘上存在的 frame	Test-Path True: Sprites/Ui/Bars/ui_out/frame_069.png	一致	coverage-enumerate.py / check-ui-keys.ps1 A
D1资源	TitleBarWood	键→文件存在	exists / missing	ResPaths 键必须指向盘上存在的 frame	Test-Path True: Sprites/Ui/Bars/ui_out/frame_070.png	一致	coverage-enumerate.py / check-ui-keys.ps1 A
D1资源	TowersRoot	资源根存在	exists	ResPaths 资源根必须在盘上	Test-Path True: Assets/Resources/Sprites/Towers/building_tower_out	一致	coverage-enumerate.py
D1资源	UiRoot	资源根存在	exists	ResPaths 资源根必须在盘上	Test-Path True: Assets/Resources/Sprites/Ui	一致	coverage-enumerate.py
D1资源	UnitsRoot	资源根存在	exists	ResPaths 资源根必须在盘上	Test-Path True: Assets/Resources/Sprites/Units	一致	coverage-enumerate.py
D1资源	arena_training_out	源目录是否已落地	落地 / 未落地	已落地	已落地	一致	coverage-enumerate.py
D1资源	building_barbarian_hut_out	sprite_dir 是否有对应目录	dir hit / miss	unit_cs.sprite_dir 必须在盘上存在	dir hit: client/Assets/Resources/Sprites/Buildings/building_barbarian_hut_out	一致	coverage-enumerate.py
D1资源	building_barbarian_hut_out	源目录是否已落地	落地 / 未落地	已落地	已落地	一致	coverage-enumerate.py
D1资源	building_basic_cannon_out	sprite_dir 是否有对应目录	dir hit / miss	unit_cs.sprite_dir 必须在盘上存在	dir hit: client/Assets/Resources/Sprites/Buildings/building_basic_cannon_out	一致	coverage-enumerate.py
D1资源	building_basic_cannon_out	源目录是否已落地	落地 / 未落地	已落地	已落地	一致	coverage-enumerate.py
D1资源	building_bomb_tower_out	sprite_dir 是否有对应目录	dir hit / miss	unit_cs.sprite_dir 必须在盘上存在	dir hit: client/Assets/Resources/Sprites/Buildings/building_bomb_tower_out	一致	coverage-enumerate.py
D1资源	building_bomb_tower_out	源目录是否已落地	落地 / 未落地	已落地	已落地	一致	coverage-enumerate.py
D1资源	building_elixir_collector_out	sprite_dir 是否有对应目录	dir hit / miss	unit_cs.sprite_dir 必须在盘上存在	dir hit: client/Assets/Resources/Sprites/Buildings/building_elixir_collector_out	一致	coverage-enumerate.py
D1资源	building_elixir_collector_out	源目录是否已落地	落地 / 未落地	已落地	已落地	一致	coverage-enumerate.py
D1资源	building_firespirit_hut_out	源目录是否已落地	落地 / 未落地	参考规格 §6 列出的素材目录应落地	未落地（Resources 下无同名目录）	允许的差异（D76）	范围判据 = 策划/策划案/皇室战争参考规格.md §6 的 60 卡素材目录表 + §0「明确不做」；归属 = AE1-redrows #12；素材按「只复制被引用的那几个」口径未搬运
D1资源	building_goblin_hut_out	sprite_dir 是否有对应目录	dir hit / miss	unit_cs.sprite_dir 必须在盘上存在	dir hit: client/Assets/Resources/Sprites/Buildings/building_goblin_hut_out	一致	coverage-enumerate.py
D1资源	building_goblin_hut_out	源目录是否已落地	落地 / 未落地	已落地	已落地	一致	coverage-enumerate.py
D1资源	building_inferno_tower_out	sprite_dir 是否有对应目录	dir hit / miss	unit_cs.sprite_dir 必须在盘上存在	dir hit: client/Assets/Resources/Sprites/Buildings/building_inferno_tower_out	一致	coverage-enumerate.py
D1资源	building_inferno_tower_out	源目录是否已落地	落地 / 未落地	已落地	已落地	一致	coverage-enumerate.py
D1资源	building_mega_bomb_out	源目录是否已落地	落地 / 未落地	参考规格 §6 列出的素材目录应落地	未落地（Resources 下无同名目录）	允许的差异（D76）	范围判据 = 策划/策划案/皇室战争参考规格.md §6 的 60 卡素材目录表 + §0「明确不做」；归属 = AE1-redrows #12；素材按「只复制被引用的那几个」口径未搬运
D1资源	building_mortar_out	sprite_dir 是否有对应目录	dir hit / miss	unit_cs.sprite_dir 必须在盘上存在	dir hit: client/Assets/Resources/Sprites/Buildings/building_mortar_out	一致	coverage-enumerate.py
D1资源	building_mortar_out	源目录是否已落地	落地 / 未落地	已落地	已落地	一致	coverage-enumerate.py
D1资源	building_rage_bottle_out	源目录是否已落地	落地 / 未落地	参考规格 §6 列出的素材目录应落地	未落地（Resources 下无同名目录）	允许的差异（D76）	范围判据 = 策划/策划案/皇室战争参考规格.md §6 的 60 卡素材目录表 + §0「明确不做」；归属 = AE1-redrows #12；素材按「只复制被引用的那几个」口径未搬运
D1资源	building_tesla_out	sprite_dir 是否有对应目录	dir hit / miss	unit_cs.sprite_dir 必须在盘上存在	dir hit: client/Assets/Resources/Sprites/Buildings/building_tesla_out	一致	coverage-enumerate.py
D1资源	building_tesla_out	源目录是否已落地	落地 / 未落地	已落地	已落地	一致	coverage-enumerate.py
D1资源	building_tombstone_out	sprite_dir 是否有对应目录	dir hit / miss	unit_cs.sprite_dir 必须在盘上存在	dir hit: client/Assets/Resources/Sprites/Buildings/building_tombstone_out	一致	coverage-enumerate.py
D1资源	building_tombstone_out	源目录是否已落地	落地 / 未落地	已落地	已落地	一致	coverage-enumerate.py
D1资源	building_tower_out	sprite_dir 是否有对应目录	dir hit / miss	unit_cs.sprite_dir 必须在盘上存在	dir hit: client/Assets/Resources/Sprites/Towers/building_tower_out	一致	coverage-enumerate.py
D1资源	building_tower_out	源目录是否已落地	落地 / 未落地	已落地	已落地	一致	coverage-enumerate.py
D1资源	building_xbow_out	sprite_dir 是否有对应目录	dir hit / miss	unit_cs.sprite_dir 必须在盘上存在	dir hit: client/Assets/Resources/Sprites/Buildings/building_xbow_out	一致	coverage-enumerate.py
D1资源	building_xbow_out	源目录是否已落地	落地 / 未落地	已落地	已落地	一致	coverage-enumerate.py
D1资源	chr_archer_out	sprite_dir 是否有对应目录	dir hit / miss	unit_cs.sprite_dir 必须在盘上存在	dir hit: client/Assets/Resources/Sprites/Units/chr_archer_out	一致	coverage-enumerate.py
D1资源	chr_archer_out	源目录是否已落地	落地 / 未落地	已落地	已落地	一致	coverage-enumerate.py
D1资源	chr_axe_man_out	sprite_dir 是否有对应目录	dir hit / miss	unit_cs.sprite_dir 必须在盘上存在	dir hit: client/Assets/Resources/Sprites/Units/chr_axe_man_out	一致	coverage-enumerate.py
D1资源	chr_axe_man_out	源目录是否已落地	落地 / 未落地	已落地	已落地	一致	coverage-enumerate.py
D1资源	chr_baby_dragon_out	sprite_dir 是否有对应目录	dir hit / miss	unit_cs.sprite_dir 必须在盘上存在	dir hit: client/Assets/Resources/Sprites/Units/chr_baby_dragon_out	一致	coverage-enumerate.py
D1资源	chr_baby_dragon_out	源目录是否已落地	落地 / 未落地	已落地	已落地	一致	coverage-enumerate.py
D1资源	chr_balloon_out	sprite_dir 是否有对应目录	dir hit / miss	unit_cs.sprite_dir 必须在盘上存在	dir hit: client/Assets/Resources/Sprites/Units/chr_balloon_out	一致	coverage-enumerate.py
D1资源	chr_balloon_out	源目录是否已落地	落地 / 未落地	已落地	已落地	一致	coverage-enumerate.py
D1资源	chr_bandit_out	sprite_dir 是否有对应目录	dir hit / miss	unit_cs.sprite_dir 必须在盘上存在	dir hit: client/Assets/Resources/Sprites/Units/chr_bandit_out	一致	coverage-enumerate.py
D1资源	chr_bandit_out	源目录是否已落地	落地 / 未落地	已落地	已落地	一致	coverage-enumerate.py
D1资源	chr_barbarian_out	sprite_dir 是否有对应目录	dir hit / miss	unit_cs.sprite_dir 必须在盘上存在	dir hit: client/Assets/Resources/Sprites/Units/chr_barbarian_out	一致	coverage-enumerate.py
D1资源	chr_barbarian_out	源目录是否已落地	落地 / 未落地	已落地	已落地	一致	coverage-enumerate.py
D1资源	chr_bats_out	sprite_dir 是否有对应目录	dir hit / miss	unit_cs.sprite_dir 必须在盘上存在	dir hit: client/Assets/Resources/Sprites/Units/chr_bats_out	一致	coverage-enumerate.py
D1资源	chr_bats_out	源目录是否已落地	落地 / 未落地	已落地	已落地	一致	coverage-enumerate.py
D1资源	chr_battle_ram_out	sprite_dir 是否有对应目录	dir hit / miss	unit_cs.sprite_dir 必须在盘上存在	dir hit: client/Assets/Resources/Sprites/Units/chr_battle_ram_out	一致	coverage-enumerate.py
D1资源	chr_battle_ram_out	源目录是否已落地	落地 / 未落地	已落地	已落地	一致	coverage-enumerate.py
D1资源	chr_black_knight_out	源目录是否已落地	落地 / 未落地	参考规格 §6 列出的素材目录应落地	未落地（Resources 下无同名目录）	允许的差异（D76）	范围判据 = 策划/策划案/皇室战争参考规格.md §6 的 60 卡素材目录表 + §0「明确不做」；归属 = AE1-redrows #12；素材按「只复制被引用的那几个」口径未搬运
D1资源	chr_bomber_out	sprite_dir 是否有对应目录	dir hit / miss	unit_cs.sprite_dir 必须在盘上存在	dir hit: client/Assets/Resources/Sprites/Units/chr_bomber_out	一致	coverage-enumerate.py
D1资源	chr_bomber_out	源目录是否已落地	落地 / 未落地	已落地	已落地	一致	coverage-enumerate.py
D1资源	chr_bowler_out	sprite_dir 是否有对应目录	dir hit / miss	unit_cs.sprite_dir 必须在盘上存在	dir hit: client/Assets/Resources/Sprites/Units/chr_bowler_out	一致	coverage-enumerate.py
D1资源	chr_bowler_out	源目录是否已落地	落地 / 未落地	已落地	已落地	一致	coverage-enumerate.py
D1资源	chr_dark_witch_out	源目录是否已落地	落地 / 未落地	参考规格 §6 列出的素材目录应落地	未落地（Resources 下无同名目录）	允许的差异（D76）	范围判据 = 策划/策划案/皇室战争参考规格.md §6 的 60 卡素材目录表 + §0「明确不做」；归属 = AE1-redrows #12；素材按「只复制被引用的那几个」口径未搬运
D1资源	chr_electro_wizard_out	sprite_dir 是否有对应目录	dir hit / miss	unit_cs.sprite_dir 必须在盘上存在	dir hit: client/Assets/Resources/Sprites/Units/chr_electro_wizard_out	一致	coverage-enumerate.py
D1资源	chr_electro_wizard_out	源目录是否已落地	落地 / 未落地	已落地	已落地	一致	coverage-enumerate.py
D1资源	chr_fire_firespirit_out	sprite_dir 是否有对应目录	dir hit / miss	unit_cs.sprite_dir 必须在盘上存在	dir hit: client/Assets/Resources/Sprites/Units/chr_fire_firespirit_out	一致	coverage-enumerate.py
D1资源	chr_fire_firespirit_out	源目录是否已落地	落地 / 未落地	已落地	已落地	一致	coverage-enumerate.py
D1资源	chr_flying_machine_out	源目录是否已落地	落地 / 未落地	参考规格 §6 列出的素材目录应落地	未落地（Resources 下无同名目录）	允许的差异（D76）	范围判据 = 策划/策划案/皇室战争参考规格.md §6 的 60 卡素材目录表 + §0「明确不做」；归属 = AE1-redrows #12；素材按「只复制被引用的那几个」口径未搬运
D1资源	chr_giant_out	sprite_dir 是否有对应目录	dir hit / miss	unit_cs.sprite_dir 必须在盘上存在	dir hit: client/Assets/Resources/Sprites/Units/chr_giant_out	一致	coverage-enumerate.py
D1资源	chr_giant_out	源目录是否已落地	落地 / 未落地	已落地	已落地	一致	coverage-enumerate.py
D1资源	chr_giant_skeleton_out	sprite_dir 是否有对应目录	dir hit / miss	unit_cs.sprite_dir 必须在盘上存在	dir hit: client/Assets/Resources/Sprites/Units/chr_giant_skeleton_out	一致	coverage-enumerate.py
D1资源	chr_giant_skeleton_out	源目录是否已落地	落地 / 未落地	已落地	已落地	一致	coverage-enumerate.py
D1资源	chr_goblin_archer_out	sprite_dir 是否有对应目录	dir hit / miss	unit_cs.sprite_dir 必须在盘上存在	dir hit: client/Assets/Resources/Sprites/Units/chr_goblin_archer_out	一致	coverage-enumerate.py
D1资源	chr_goblin_archer_out	源目录是否已落地	落地 / 未落地	已落地	已落地	一致	coverage-enumerate.py
D1资源	chr_goblin_blowdart_out	sprite_dir 是否有对应目录	dir hit / miss	unit_cs.sprite_dir 必须在盘上存在	dir hit: client/Assets/Resources/Sprites/Units/chr_goblin_blowdart_out	一致	coverage-enumerate.py
D1资源	chr_goblin_blowdart_out	源目录是否已落地	落地 / 未落地	已落地	已落地	一致	coverage-enumerate.py
D1资源	chr_goblin_out	sprite_dir 是否有对应目录	dir hit / miss	unit_cs.sprite_dir 必须在盘上存在	dir hit: client/Assets/Resources/Sprites/Units/chr_goblin_out	一致	coverage-enumerate.py
D1资源	chr_goblin_out	源目录是否已落地	落地 / 未落地	已落地	已落地	一致	coverage-enumerate.py
D1资源	chr_goblin_referee_out	源目录是否已落地	落地 / 未落地	参考规格 §6 列出的素材目录应落地	未落地（Resources 下无同名目录）	允许的差异（D76）	范围判据 = 策划/策划案/皇室战争参考规格.md §6 的 60 卡素材目录表 + §0「明确不做」；归属 = AE1-redrows #12；素材按「只复制被引用的那几个」口径未搬运
D1资源	chr_golem_out	源目录是否已落地	落地 / 未落地	参考规格 §6 列出的素材目录应落地	未落地（Resources 下无同名目录）	允许的差异（D76）	范围判据 = 策划/策划案/皇室战争参考规格.md §6 的 60 卡素材目录表 + §0「明确不做」；归属 = AE1-redrows #12；素材按「只复制被引用的那几个」口径未搬运
D1资源	chr_golemite_out	源目录是否已落地	落地 / 未落地	参考规格 §6 列出的素材目录应落地	未落地（Resources 下无同名目录）	允许的差异（D76）	范围判据 = 策划/策划案/皇室战争参考规格.md §6 的 60 卡素材目录表 + §0「明确不做」；归属 = AE1-redrows #12；素材按「只复制被引用的那几个」口径未搬运
D1资源	chr_hog_rider_out	sprite_dir 是否有对应目录	dir hit / miss	unit_cs.sprite_dir 必须在盘上存在	dir hit: client/Assets/Resources/Sprites/Units/chr_hog_rider_out	一致	coverage-enumerate.py
D1资源	chr_hog_rider_out	源目录是否已落地	落地 / 未落地	已落地	已落地	一致	coverage-enumerate.py
D1资源	chr_ice_spirits_out	sprite_dir 是否有对应目录	dir hit / miss	unit_cs.sprite_dir 必须在盘上存在	dir hit: client/Assets/Resources/Sprites/Units/chr_ice_spirits_out	一致	coverage-enumerate.py
D1资源	chr_ice_spirits_out	源目录是否已落地	落地 / 未落地	已落地	已落地	一致	coverage-enumerate.py
D1资源	chr_ice_wizard_out	sprite_dir 是否有对应目录	dir hit / miss	unit_cs.sprite_dir 必须在盘上存在	dir hit: client/Assets/Resources/Sprites/Units/chr_ice_wizard_out	一致	coverage-enumerate.py
D1资源	chr_ice_wizard_out	源目录是否已落地	落地 / 未落地	已落地	已落地	一致	coverage-enumerate.py
D1资源	chr_knight_out	sprite_dir 是否有对应目录	dir hit / miss	unit_cs.sprite_dir 必须在盘上存在	dir hit: client/Assets/Resources/Sprites/Units/chr_knight_out	一致	coverage-enumerate.py
D1资源	chr_knight_out	源目录是否已落地	落地 / 未落地	已落地	已落地	一致	coverage-enumerate.py
D1资源	chr_lava_hound_out	sprite_dir 是否有对应目录	dir hit / miss	unit_cs.sprite_dir 必须在盘上存在	dir hit: client/Assets/Resources/Sprites/Units/chr_lava_hound_out	一致	coverage-enumerate.py
D1资源	chr_lava_hound_out	源目录是否已落地	落地 / 未落地	已落地	已落地	一致	coverage-enumerate.py
D1资源	chr_lava_pups_out	sprite_dir 是否有对应目录	dir hit / miss	unit_cs.sprite_dir 必须在盘上存在	dir hit: client/Assets/Resources/Sprites/Units/chr_lava_pups_out	一致	coverage-enumerate.py
D1资源	chr_lava_pups_out	源目录是否已落地	落地 / 未落地	已落地	已落地	一致	coverage-enumerate.py
D1资源	chr_mega_knight_out	sprite_dir 是否有对应目录	dir hit / miss	unit_cs.sprite_dir 必须在盘上存在	dir hit: client/Assets/Resources/Sprites/Units/chr_mega_knight_out	一致	coverage-enumerate.py
D1资源	chr_mega_knight_out	源目录是否已落地	落地 / 未落地	已落地	已落地	一致	coverage-enumerate.py
D1资源	chr_mega_minion_out	sprite_dir 是否有对应目录	dir hit / miss	unit_cs.sprite_dir 必须在盘上存在	dir hit: client/Assets/Resources/Sprites/Units/chr_mega_minion_out	一致	coverage-enumerate.py
D1资源	chr_mega_minion_out	源目录是否已落地	落地 / 未落地	已落地	已落地	一致	coverage-enumerate.py
D1资源	chr_miner_out	sprite_dir 是否有对应目录	dir hit / miss	unit_cs.sprite_dir 必须在盘上存在	dir hit: client/Assets/Resources/Sprites/Units/chr_miner_out	一致	coverage-enumerate.py
D1资源	chr_miner_out	源目录是否已落地	落地 / 未落地	已落地	已落地	一致	coverage-enumerate.py
D1资源	chr_mini_pekka_out	sprite_dir 是否有对应目录	dir hit / miss	unit_cs.sprite_dir 必须在盘上存在	dir hit: client/Assets/Resources/Sprites/Units/chr_mini_pekka_out	一致	coverage-enumerate.py
D1资源	chr_mini_pekka_out	源目录是否已落地	落地 / 未落地	已落地	已落地	一致	coverage-enumerate.py
D1资源	chr_minion_out	sprite_dir 是否有对应目录	dir hit / miss	unit_cs.sprite_dir 必须在盘上存在	dir hit: client/Assets/Resources/Sprites/Units/chr_minion_out	一致	coverage-enumerate.py
D1资源	chr_minion_out	源目录是否已落地	落地 / 未落地	已落地	已落地	一致	coverage-enumerate.py
D1资源	chr_movingcannon_out	sprite_dir 是否有对应目录	dir hit / miss	unit_cs.sprite_dir 必须在盘上存在	dir hit: client/Assets/Resources/Sprites/Units/chr_movingcannon_out	一致	coverage-enumerate.py
D1资源	chr_movingcannon_out	源目录是否已落地	落地 / 未落地	已落地	已落地	一致	coverage-enumerate.py
D1资源	chr_musketeer_out	sprite_dir 是否有对应目录	dir hit / miss	unit_cs.sprite_dir 必须在盘上存在	dir hit: client/Assets/Resources/Sprites/Units/chr_musketeer_out	一致	coverage-enumerate.py
D1资源	chr_musketeer_out	源目录是否已落地	落地 / 未落地	已落地	已落地	一致	coverage-enumerate.py
D1资源	chr_pekka_out	sprite_dir 是否有对应目录	dir hit / miss	unit_cs.sprite_dir 必须在盘上存在	dir hit: client/Assets/Resources/Sprites/Units/chr_pekka_out	一致	coverage-enumerate.py
D1资源	chr_pekka_out	源目录是否已落地	落地 / 未落地	已落地	已落地	一致	coverage-enumerate.py
D1资源	chr_prince_out	sprite_dir 是否有对应目录	dir hit / miss	unit_cs.sprite_dir 必须在盘上存在	dir hit: client/Assets/Resources/Sprites/Units/chr_prince_out	一致	coverage-enumerate.py
D1资源	chr_prince_out	源目录是否已落地	落地 / 未落地	已落地	已落地	一致	coverage-enumerate.py
D1资源	chr_princess_out	sprite_dir 是否有对应目录	dir hit / miss	unit_cs.sprite_dir 必须在盘上存在	dir hit: client/Assets/Resources/Sprites/Units/chr_princess_out	一致	coverage-enumerate.py
D1资源	chr_princess_out	源目录是否已落地	落地 / 未落地	已落地	已落地	一致	coverage-enumerate.py
D1资源	chr_rage_barbarian_out	源目录是否已落地	落地 / 未落地	参考规格 §6 列出的素材目录应落地	未落地（Resources 下无同名目录）	允许的差异（D76）	范围判据 = 策划/策划案/皇室战争参考规格.md §6 的 60 卡素材目录表 + §0「明确不做」；归属 = AE1-redrows #12；素材按「只复制被引用的那几个」口径未搬运
D1资源	chr_royal_giant_out	sprite_dir 是否有对应目录	dir hit / miss	unit_cs.sprite_dir 必须在盘上存在	dir hit: client/Assets/Resources/Sprites/Units/chr_royal_giant_out	一致	coverage-enumerate.py
D1资源	chr_royal_giant_out	源目录是否已落地	落地 / 未落地	已落地	已落地	一致	coverage-enumerate.py
D1资源	chr_skeleton_balloon_out	源目录是否已落地	落地 / 未落地	参考规格 §6 列出的素材目录应落地	未落地（Resources 下无同名目录）	允许的差异（D76）	范围判据 = 策划/策划案/皇室战争参考规格.md §6 的 60 卡素材目录表 + §0「明确不做」；归属 = AE1-redrows #12；素材按「只复制被引用的那几个」口径未搬运
D1资源	chr_skeleton_out	sprite_dir 是否有对应目录	dir hit / miss	unit_cs.sprite_dir 必须在盘上存在	dir hit: client/Assets/Resources/Sprites/Units/chr_skeleton_out	一致	coverage-enumerate.py
D1资源	chr_skeleton_out	源目录是否已落地	落地 / 未落地	已落地	已落地	一致	coverage-enumerate.py
D1资源	chr_skeleton_warrior_out	源目录是否已落地	落地 / 未落地	参考规格 §6 列出的素材目录应落地	未落地（Resources 下无同名目录）	允许的差异（D76）	范围判据 = 策划/策划案/皇室战争参考规格.md §6 的 60 卡素材目录表 + §0「明确不做」；归属 = AE1-redrows #12；素材按「只复制被引用的那几个」口径未搬运
D1资源	chr_snowman_out	源目录是否已落地	落地 / 未落地	参考规格 §6 列出的素材目录应落地	未落地（Resources 下无同名目录）	允许的差异（D76）	范围判据 = 策划/策划案/皇室战争参考规格.md §6 的 60 卡素材目录表 + §0「明确不做」；归属 = AE1-redrows #12；素材按「只复制被引用的那几个」口径未搬运
D1资源	chr_valkyrie_out	sprite_dir 是否有对应目录	dir hit / miss	unit_cs.sprite_dir 必须在盘上存在	dir hit: client/Assets/Resources/Sprites/Units/chr_valkyrie_out	一致	coverage-enumerate.py
D1资源	chr_valkyrie_out	源目录是否已落地	落地 / 未落地	已落地	已落地	一致	coverage-enumerate.py
D1资源	chr_witch_out	sprite_dir 是否有对应目录	dir hit / miss	unit_cs.sprite_dir 必须在盘上存在	dir hit: client/Assets/Resources/Sprites/Units/chr_witch_out	一致	coverage-enumerate.py
D1资源	chr_witch_out	源目录是否已落地	落地 / 未落地	已落地	已落地	一致	coverage-enumerate.py
D1资源	chr_wizard_out	sprite_dir 是否有对应目录	dir hit / miss	unit_cs.sprite_dir 必须在盘上存在	dir hit: client/Assets/Resources/Sprites/Units/chr_wizard_out	一致	coverage-enumerate.py
D1资源	chr_wizard_out	源目录是否已落地	落地 / 未落地	已落地	已落地	一致	coverage-enumerate.py
D1资源	chr_zap_machine_out	源目录是否已落地	落地 / 未落地	参考规格 §6 列出的素材目录应落地	未落地（Resources 下无同名目录）	允许的差异（D76）	范围判据 = 策划/策划案/皇室战争参考规格.md §6 的 60 卡素材目录表 + §0「明确不做」；归属 = AE1-redrows #12；素材按「只复制被引用的那几个」口径未搬运
D1资源	debug_out	源目录是否已落地	落地 / 未落地	参考规格 §6 列出的素材目录应落地	未落地（Resources 下无同名目录）	允许的差异（D76）	范围判据 = 策划/策划案/皇室战争参考规格.md §6 的 60 卡素材目录表 + §0「明确不做」；归属 = AE1-redrows #12；素材按「只复制被引用的那几个」口径未搬运
D1资源	effects_out	源目录是否已落地	落地 / 未落地	参考规格 §6 列出的素材目录应落地	未落地（Resources 下无同名目录）	允许的差异（D76）	范围判据 = 策划/策划案/皇室战争参考规格.md §6 的 60 卡素材目录表 + §0「明确不做」；归属 = AE1-redrows #12；素材按「只复制被引用的那几个」口径未搬运
D1资源	level_barbarian_arena_out	源目录是否已落地	落地 / 未落地	参考规格 §6 列出的素材目录应落地	未落地（Resources 下无同名目录）	允许的差异（D76）	范围判据 = 策划/策划案/皇室战争参考规格.md §6 的 60 卡素材目录表 + §0「明确不做」；归属 = AE1-redrows #12；素材按「只复制被引用的那几个」口径未搬运
D1资源	level_bone_arena_out	源目录是否已落地	落地 / 未落地	参考规格 §6 列出的素材目录应落地	未落地（Resources 下无同名目录）	允许的差异（D76）	范围判据 = 策划/策划案/皇室战争参考规格.md §6 的 60 卡素材目录表 + §0「明确不做」；归属 = AE1-redrows #12；素材按「只复制被引用的那几个」口径未搬运
D1资源	level_builder_arena_out	源目录是否已落地	落地 / 未落地	参考规格 §6 列出的素材目录应落地	未落地（Resources 下无同名目录）	允许的差异（D76）	范围判据 = 策划/策划案/皇室战争参考规格.md §6 的 60 卡素材目录表 + §0「明确不做」；归属 = AE1-redrows #12；素材按「只复制被引用的那几个」口径未搬运
D1资源	level_champion_arena_out	源目录是否已落地	落地 / 未落地	参考规格 §6 列出的素材目录应落地	未落地（Resources 下无同名目录）	允许的差异（D76）	范围判据 = 策划/策划案/皇室战争参考规格.md §6 的 60 卡素材目录表 + §0「明确不做」；归属 = AE1-redrows #12；素材按「只复制被引用的那几个」口径未搬运
D1资源	level_dark_arena_out	源目录是否已落地	落地 / 未落地	参考规格 §6 列出的素材目录应落地	未落地（Resources 下无同名目录）	允许的差异（D76）	范围判据 = 策划/策划案/皇室战争参考规格.md §6 的 60 卡素材目录表 + §0「明确不做」；归属 = AE1-redrows #12；素材按「只复制被引用的那几个」口径未搬运
D1资源	level_decos_out	源目录是否已落地	落地 / 未落地	参考规格 §6 列出的素材目录应落地	未落地（Resources 下无同名目录）	允许的差异（D76）	范围判据 = 策划/策划案/皇室战争参考规格.md §6 的 60 卡素材目录表 + §0「明确不做」；归属 = AE1-redrows #12；素材按「只复制被引用的那几个」口径未搬运
D1资源	level_electric_arena_out	源目录是否已落地	落地 / 未落地	参考规格 §6 列出的素材目录应落地	未落地（Resources 下无同名目录）	允许的差异（D76）	范围判据 = 策划/策划案/皇室战争参考规格.md §6 的 60 卡素材目录表 + §0「明确不做」；归属 = AE1-redrows #12；素材按「只复制被引用的那几个」口径未搬运
D1资源	level_goblin_arena_out	源目录是否已落地	落地 / 未落地	参考规格 §6 列出的素材目录应落地	未落地（Resources 下无同名目录）	允许的差异（D76）	范围判据 = 策划/策划案/皇室战争参考规格.md §6 的 60 卡素材目录表 + §0「明确不做」；归属 = AE1-redrows #12；素材按「只复制被引用的那几个」口径未搬运
D1资源	level_ice_arena_out	源目录是否已落地	落地 / 未落地	参考规格 §6 列出的素材目录应落地	未落地（Resources 下无同名目录）	允许的差异（D76）	范围判据 = 策划/策划案/皇室战争参考规格.md §6 的 60 卡素材目录表 + §0「明确不做」；归属 = AE1-redrows #12；素材按「只复制被引用的那几个」口径未搬运
D1资源	level_jungle_arena_out	源目录是否已落地	落地 / 未落地	参考规格 §6 列出的素材目录应落地	未落地（Resources 下无同名目录）	允许的差异（D76）	范围判据 = 策划/策划案/皇室战争参考规格.md §6 的 60 卡素材目录表 + §0「明确不做」；归属 = AE1-redrows #12；素材按「只复制被引用的那几个」口径未搬运
D1资源	level_legendary_arena_out	源目录是否已落地	落地 / 未落地	参考规格 §6 列出的素材目录应落地	未落地（Resources 下无同名目录）	允许的差异（D76）	范围判据 = 策划/策划案/皇室战争参考规格.md §6 的 60 卡素材目录表 + §0「明确不做」；归属 = AE1-redrows #12；素材按「只复制被引用的那几个」口径未搬运
D1资源	level_royal_arena_out	源目录是否已落地	落地 / 未落地	参考规格 §6 列出的素材目录应落地	未落地（Resources 下无同名目录）	允许的差异（D76）	范围判据 = 策划/策划案/皇室战争参考规格.md §6 的 60 卡素材目录表 + §0「明确不做」；归属 = AE1-redrows #12；素材按「只复制被引用的那几个」口径未搬运
D1资源	level_spell_arena_out	源目录是否已落地	落地 / 未落地	参考规格 §6 列出的素材目录应落地	未落地（Resources 下无同名目录）	允许的差异（D76）	范围判据 = 策划/策划案/皇室战争参考规格.md §6 的 60 卡素材目录表 + §0「明确不做」；归属 = AE1-redrows #12；素材按「只复制被引用的那几个」口径未搬运
D1资源	level_touchdown_arena_out	源目录是否已落地	落地 / 未落地	参考规格 §6 列出的素材目录应落地	未落地（Resources 下无同名目录）	允许的差异（D76）	范围判据 = 策划/策划案/皇室战争参考规格.md §6 的 60 卡素材目录表 + §0「明确不做」；归属 = AE1-redrows #12；素材按「只复制被引用的那几个」口径未搬运
D1资源	loading_out	源目录是否已落地	落地 / 未落地	已落地	已落地	一致	coverage-enumerate.py
D1资源	spell_goblin_barrel_out	源目录是否已落地	落地 / 未落地	已落地	已落地	一致	coverage-enumerate.py
D1资源	tutorial_out	源目录是否已落地	落地 / 未落地	参考规格 §6 列出的素材目录应落地	未落地（Resources 下无同名目录）	允许的差异（D76）	范围判据 = 策划/策划案/皇室战争参考规格.md §6 的 60 卡素材目录表 + §0「明确不做」；归属 = AE1-redrows #12；素材按「只复制被引用的那几个」口径未搬运
D1资源	ui_arena_out	源目录是否已落地	落地 / 未落地	参考规格 §6 列出的素材目录应落地	未落地（Resources 下无同名目录）	允许的差异（D76）	范围判据 = 策划/策划案/皇室战争参考规格.md §6 的 60 卡素材目录表 + §0「明确不做」；归属 = AE1-redrows #12；素材按「只复制被引用的那几个」口径未搬运
D1资源	ui_battle_end_out	源目录是否已落地	落地 / 未落地	已落地	已落地	一致	coverage-enumerate.py
D1资源	ui_chest_3d_out	源目录是否已落地	落地 / 未落地	参考规格 §6 列出的素材目录应落地	未落地（Resources 下无同名目录）	允许的差异（D76）	范围判据 = 策划/策划案/皇室战争参考规格.md §6 的 60 卡素材目录表 + §0「明确不做」；归属 = AE1-redrows #12；素材按「只复制被引用的那几个」口径未搬运
D1资源	ui_chest_out	源目录是否已落地	落地 / 未落地	参考规格 §6 列出的素材目录应落地	未落地（Resources 下无同名目录）	允许的差异（D76）	范围判据 = 策划/策划案/皇室战争参考规格.md §6 的 60 卡素材目录表 + §0「明确不做」；归属 = AE1-redrows #12；素材按「只复制被引用的那几个」口径未搬运
D1资源	ui_out	源目录是否已落地	落地 / 未落地	已落地	已落地	一致	coverage-enumerate.py
D1资源	ui_spells_out	源目录是否已落地	落地 / 未落地	已落地	已落地	一致	coverage-enumerate.py
D2几何	场景生成器 SceneBuilder	存在性	exists	Boot/Main/Battle01 场景必须配置	exists=True	一致	coverage-enumerate.py
D2几何	场景：Battle01	存在性	exists	Build Settings 序列 Boot→Main→Battle01 必须存在	exists=True	一致	coverage-enumerate.py
D2几何	场景：Boot	存在性	exists	Build Settings 序列 Boot→Main→Battle01 必须存在	exists=True	一致	coverage-enumerate.py
D2几何	场景：Main	存在性	exists	Build Settings 序列 Boot→Main→Battle01 必须存在	exists=True	一致	coverage-enumerate.py
D2几何	竞技场实体：中线	参考规格 §2 字面值	16	参考规格.md §2 必须逐字写着该几何值	missing=none	一致	coverage-enumerate.py (SPEC §2)
D2几何	竞技场实体：中线	常量存在与取值	y = 16.0	参考规格.md §2：y = 16.0 必须有对应常量	consts=ArenaTilesH=True	一致	coverage-enumerate.py (GameConst.cs)
D2几何	竞技场实体：公主塔 BLUE 右	参考规格 §2 字面值	14.5/6.5	参考规格.md §2 必须逐字写着该几何值	missing=none	一致	coverage-enumerate.py (SPEC §2)
D2几何	竞技场实体：公主塔 BLUE 右	常量存在与取值	(14.5, 6.5)	参考规格.md §2：(14.5, 6.5) 必须有对应常量	consts=BridgeCxBTile=True,PrincessTowerTileY=True	一致	coverage-enumerate.py (GameConst.cs)
D2几何	竞技场实体：公主塔 BLUE 左	参考规格 §2 字面值	3.5/6.5	参考规格.md §2 必须逐字写着该几何值	missing=none	一致	coverage-enumerate.py (SPEC §2)
D2几何	竞技场实体：公主塔 BLUE 左	常量存在与取值	(3.5, 6.5)，半径 1 格	参考规格.md §2：(3.5, 6.5)，半径 1 格 必须有对应常量	consts=BridgeCxATile=True,PrincessTowerTileY=True	一致	coverage-enumerate.py (GameConst.cs)
D2几何	竞技场实体：公主塔 RED 右	参考规格 §2 字面值	25.5	参考规格.md §2 必须逐字写着该几何值	missing=none	一致	coverage-enumerate.py (SPEC §2)
D2几何	竞技场实体：公主塔 RED 右	常量存在与取值	(14.5, 25.5)	参考规格.md §2：(14.5, 25.5) 必须有对应常量	consts=BridgeCxBTile=True,IsMirroredForTeam=True	一致	coverage-enumerate.py (GameConst.cs)
D2几何	竞技场实体：公主塔 RED 左	参考规格 §2 字面值	25.5	参考规格.md §2 必须逐字写着该几何值	missing=none	一致	coverage-enumerate.py (SPEC §2)
D2几何	竞技场实体：公主塔 RED 左	常量存在与取值	(3.5, 25.5)	参考规格.md §2：(3.5, 25.5) 必须有对应常量	consts=BridgeCxATile=True,IsMirroredForTeam=True	一致	coverage-enumerate.py (GameConst.cs)
D2几何	竞技场实体：右桥	参考规格 §2 字面值	14.5	参考规格.md §2 必须逐字写着该几何值	missing=none	一致	coverage-enumerate.py (SPEC §2)
D2几何	竞技场实体：右桥	常量存在与取值	x = 14.5，宽 2 格	参考规格.md §2：x = 14.5，宽 2 格 必须有对应常量	consts=BridgeCxBTile=True,BridgeHalfTile=True	一致	coverage-enumerate.py (GameConst.cs)
D2几何	竞技场实体：国王塔 BLUE	参考规格 §2 字面值	9.0/3.0	参考规格.md §2 必须逐字写着该几何值	missing=none	一致	coverage-enumerate.py (SPEC §2)
D2几何	竞技场实体：国王塔 BLUE	常量存在与取值	(9.0, 3.0)，占地 3×3	参考规格.md §2：(9.0, 3.0)，占地 3×3 必须有对应常量	consts=KingTowerTileX=True,KingTowerTileY=True	一致	coverage-enumerate.py (GameConst.cs)
D2几何	竞技场实体：国王塔 RED	参考规格 §2 字面值	32	参考规格.md §2 必须逐字写着该几何值	missing=none	一致	coverage-enumerate.py (SPEC §2)
D2几何	竞技场实体：国王塔 RED	常量存在与取值	(9.0, 29.0)（y→32-y）	参考规格.md §2：(9.0, 29.0)（y→32-y） 必须有对应常量	consts=KingTowerTileX=True,IsMirroredForTeam=True	一致	coverage-enumerate.py (GameConst.cs)
D2几何	竞技场实体：场地尺寸	参考规格 §2 字面值	18/32	参考规格.md §2 必须逐字写着该几何值	missing=none	一致	coverage-enumerate.py (SPEC §2)
D2几何	竞技场实体：场地尺寸	常量存在与取值	18 × 32 格	参考规格.md §2：18 × 32 格 必须有对应常量	consts=ArenaTilesW=True,ArenaTilesH=True	一致	coverage-enumerate.py (GameConst.cs)
D2几何	竞技场实体：坐标约定	参考规格 §2 字面值	坐标约定	参考规格.md §2 必须逐字写着该几何值	missing=none	一致	coverage-enumerate.py (SPEC §2)
D2几何	竞技场实体：坐标约定	常量存在与取值	y 小 = BLUE 后方，中心在原点	参考规格.md §2：y 小 = BLUE 后方，中心在原点 必须有对应常量	consts=TileToWorld=True,ArenaTilesW=True,ArenaTilesH=True	一致	coverage-enumerate.py (GameConst.cs)
D2几何	竞技场实体：左桥	参考规格 §2 字面值	3.5	参考规格.md §2 必须逐字写着该几何值	missing=none	一致	coverage-enumerate.py (SPEC §2)
D2几何	竞技场实体：左桥	常量存在与取值	x = 3.5，宽 2 格	参考规格.md §2：x = 3.5，宽 2 格 必须有对应常量	consts=BridgeCxATile=True,BridgeHalfTile=True	一致	coverage-enumerate.py (GameConst.cs)
D2几何	竞技场实体：河道	参考规格 §2 字面值	15.0/17.0	参考规格.md §2 必须逐字写着该几何值	missing=none	一致	coverage-enumerate.py (SPEC §2)
D2几何	竞技场实体：河道	常量存在与取值	y ∈ [15.0, 17.0)，宽 2 格	参考规格.md §2：y ∈ [15.0, 17.0)，宽 2 格 必须有对应常量	consts=RiverTopTile=True,RiverBottomTile=True	一致	coverage-enumerate.py (GameConst.cs)
D2几何	竞技场节点：KingTower × 2 / PrincessTower × 4	该有的节点是否存在	exists / missing	参考规格.md §2 要求的几何物件必须生成	source=ArenaView.AddTower + 6 座断言 | tokens ok	一致	coverage-enumerate.py (ArenaView.cs)
D2几何	竞技场节点：右桥 BridgeRight	该有的节点是否存在	exists / missing	参考规格.md §2 要求的几何物件必须生成	source=ArenaView.BuildRiverAndBridges | tokens ok	一致	coverage-enumerate.py (ArenaView.cs)
D2几何	竞技场节点：塔位来自 GameConst（不写死）	该有的节点是否存在	exists / missing	参考规格.md §2 要求的几何物件必须生成	source=ArenaView.BuildTowers | tokens ok	一致	coverage-enumerate.py (ArenaView.cs)
D2几何	竞技场节点：塔根节点 Towers	该有的节点是否存在	exists / missing	参考规格.md §2 要求的几何物件必须生成	source=ArenaView.BuildTowers | tokens ok	一致	coverage-enumerate.py (ArenaView.cs)
D2几何	竞技场节点：左桥 BridgeLeft	该有的节点是否存在	exists / missing	参考规格.md §2 要求的几何物件必须生成	source=ArenaView.BuildRiverAndBridges | tokens ok	一致	coverage-enumerate.py (ArenaView.cs)
D2几何	竞技场节点：底图分段 Seg / SegF	该有的节点是否存在	exists / missing	参考规格.md §2 要求的几何物件必须生成	source=ArenaView.MakeSegment | tokens ok	一致	coverage-enumerate.py (ArenaView.cs)
D2几何	竞技场节点：河道带 RiverBand	该有的节点是否存在	exists / missing	参考规格.md §2 要求的几何物件必须生成	source=ArenaView.BuildRiverAndBridges | tokens ok	一致	coverage-enumerate.py (ArenaView.cs)
D2几何	竞技场节点：竞技场底图对象 Base	该有的节点是否存在	exists / missing	参考规格.md §2 要求的几何物件必须生成	source=ArenaView.BuildBaseQuad | tokens ok	一致	coverage-enumerate.py (ArenaView.cs)
D2几何	面板：BootPanel	存在性(该有的有没有)	exists / missing	参考规格 §7 列为 [核心] 的界面必须存在	file exists: client/Assets/Scripts/UI/Panels/BootPanel.cs	一致	coverage-enumerate.py
D2几何	面板：DeckEditPanel	存在性(该有的有没有)	exists / missing	参考规格 §7 列为 [核心] 的界面必须存在	file exists: client/Assets/Scripts/UI/Panels/DeckEditPanel.cs	一致	coverage-enumerate.py
D2几何	面板：HudPanel	存在性(该有的有没有)	exists / missing	参考规格 §7 列为 [核心] 的界面必须存在	file exists: client/Assets/Scripts/UI/Panels/HudPanel.cs	一致	coverage-enumerate.py
D2几何	面板：LoadingPanel	存在性(该有的有没有)	exists / missing	参考规格 §7 列为 [核心] 的界面必须存在	file exists: client/Assets/Scripts/UI/Panels/LoadingPanel.cs	一致	coverage-enumerate.py
D2几何	面板：LoginPanel	存在性(该有的有没有)	exists / missing	参考规格 §7 列为 [核心] 的界面必须存在	file exists: client/Assets/Scripts/UI/Panels/LoginPanel.cs	一致	coverage-enumerate.py
D2几何	面板：MainMenuPanel	存在性(该有的有没有)	exists / missing	参考规格 §7 列为 [核心] 的界面必须存在	file exists: client/Assets/Scripts/UI/Panels/MainMenuPanel.cs	一致	coverage-enumerate.py
D2几何	面板：NicknamePanel	存在性(该有的有没有)	exists / missing	参考规格 §7 列为 [核心] 的界面必须存在	file exists: client/Assets/Scripts/UI/Panels/NicknamePanel.cs	一致	coverage-enumerate.py
D2几何	面板：PausePanel	存在性(该有的有没有)	exists / missing	参考规格 §7 列为 [核心] 的界面必须存在	file exists: client/Assets/Scripts/UI/Panels/PausePanel.cs	一致	coverage-enumerate.py
D2几何	面板：RegisterPanel	存在性(该有的有没有)	exists / missing	参考规格 §7 列为 [核心] 的界面必须存在	file exists: client/Assets/Scripts/UI/Panels/RegisterPanel.cs	一致	coverage-enumerate.py
D2几何	面板：ResultPanel	存在性(该有的有没有)	exists / missing	参考规格 §7 列为 [核心] 的界面必须存在	file exists: client/Assets/Scripts/UI/Panels/ResultPanel.cs	一致	coverage-enumerate.py
D2几何	面板：RoomListPanel	存在性(该有的有没有)	exists / missing	参考规格 §7 列为 [核心] 的界面必须存在	file exists: client/Assets/Scripts/UI/Panels/RoomListPanel.cs	一致	coverage-enumerate.py
D2几何	面板：RoomPanel	存在性(该有的有没有)	exists / missing	参考规格 §7 列为 [核心] 的界面必须存在	file exists: client/Assets/Scripts/UI/Panels/RoomPanel.cs	一致	coverage-enumerate.py
D2几何	面板：SettingsPanel	存在性(该有的有没有)	exists / missing	参考规格 §7 列为 [核心] 的界面必须存在	file exists: client/Assets/Scripts/UI/Panels/SettingsPanel.cs	一致	coverage-enumerate.py
D3材质	可见物件：(目录) Arrow	首帧是否空图/纯白	非空非白 / 空 / 纯白	精灵首帧必须非空且非纯白	frame_440.png: 474x537 nonalpha=64 near_white=False	一致	coverage-enumerate.py (png_stats)
D3材质	可见物件：(目录) Blast	首帧是否空图/纯白	非空非白 / 空 / 纯白	精灵首帧必须非空且非纯白	frame_418.png: 474x537 nonalpha=2668 near_white=False	一致	coverage-enumerate.py (png_stats)
D3材质	可见物件：(目录) Hit	首帧是否空图/纯白	非空非白 / 空 / 纯白	精灵首帧必须非空且非纯白	frame_050.png: 474x537 nonalpha=1012 near_white=False	一致	coverage-enumerate.py (png_stats)
D3材质	可见物件：(目录) arena_training_out	首帧是否空图/纯白	非空非白 / 空 / 纯白	精灵首帧必须非空且非纯白	frame_000.png: 1090x1677 nonalpha=2926 near_white=False	一致	coverage-enumerate.py (png_stats)
D3材质	可见物件：(目录) building_barbarian_hut_out	首帧是否空图/纯白	非空非白 / 空 / 纯白	精灵首帧必须非空且非纯白	frame_000.png: 165x217 nonalpha=22879 near_white=False	一致	coverage-enumerate.py (png_stats)
D3材质	可见物件：(目录) building_basic_cannon_out	首帧是否空图/纯白	非空非白 / 空 / 纯白	精灵首帧必须非空且非纯白	frame_000.png: 114x127 nonalpha=7981 near_white=False	一致	coverage-enumerate.py (png_stats)
D3材质	可见物件：(目录) building_bomb_tower_out	首帧是否空图/纯白	非空非白 / 空 / 纯白	精灵首帧必须非空且非纯白	frame_000.png: 171x212 nonalpha=3011 near_white=False	一致	coverage-enumerate.py (png_stats)
D3材质	可见物件：(目录) building_elixir_collector_out	首帧是否空图/纯白	非空非白 / 空 / 纯白	精灵首帧必须非空且非纯白	frame_000.png: 442x569 nonalpha=1893 near_white=False	一致	coverage-enumerate.py (png_stats)
D3材质	可见物件：(目录) building_goblin_hut_out	首帧是否空图/纯白	非空非白 / 空 / 纯白	精灵首帧必须非空且非纯白	frame_000.png: 172x177 nonalpha=14421 near_white=False	一致	coverage-enumerate.py (png_stats)
D3材质	可见物件：(目录) building_inferno_tower_out	首帧是否空图/纯白	非空非白 / 空 / 纯白	精灵首帧必须非空且非纯白	frame_000.png: 130x205 nonalpha=15295 near_white=False	一致	coverage-enumerate.py (png_stats)
D3材质	可见物件：(目录) building_mortar_out	首帧是否空图/纯白	非空非白 / 空 / 纯白	精灵首帧必须非空且非纯白	frame_000.png: 102x103 nonalpha=5928 near_white=False	一致	coverage-enumerate.py (png_stats)
D3材质	可见物件：(目录) building_tesla_out	首帧是否空图/纯白	非空非白 / 空 / 纯白	精灵首帧必须非空且非纯白	frame_000.png: 126x185 nonalpha=7296 near_white=False	一致	coverage-enumerate.py (png_stats)
D3材质	可见物件：(目录) building_tombstone_out	首帧是否空图/纯白	非空非白 / 空 / 纯白	精灵首帧必须非空且非纯白	frame_000.png: 131x171 nonalpha=16881 near_white=False	一致	coverage-enumerate.py (png_stats)
D3材质	可见物件：(目录) building_tower_out	首帧是否空图/纯白	非空非白 / 空 / 纯白	精灵首帧必须非空且非纯白	frame_000.png: 407x471 nonalpha=7757 near_white=False	一致	coverage-enumerate.py (png_stats)
D3材质	可见物件：(目录) building_xbow_out	首帧是否空图/纯白	非空非白 / 空 / 纯白	精灵首帧必须非空且非纯白	frame_000.png: 180x162 nonalpha=8860 near_white=False	一致	coverage-enumerate.py (png_stats)
D3材质	可见物件：(目录) chr_archer_out	首帧是否空图/纯白	非空非白 / 空 / 纯白	精灵首帧必须非空且非纯白	frame_000.png: 130x135 nonalpha=3773 near_white=False	一致	coverage-enumerate.py (png_stats)
D3材质	可见物件：(目录) chr_axe_man_out	首帧是否空图/纯白	非空非白 / 空 / 纯白	精灵首帧必须非空且非纯白	frame_000.png: 309x280 nonalpha=7960 near_white=False	一致	coverage-enumerate.py (png_stats)
D3材质	可见物件：(目录) chr_baby_dragon_out	首帧是否空图/纯白	非空非白 / 空 / 纯白	精灵首帧必须非空且非纯白	frame_000.png: 160x205 nonalpha=4275 near_white=False	一致	coverage-enumerate.py (png_stats)
D3材质	可见物件：(目录) chr_balloon_out	首帧是否空图/纯白	非空非白 / 空 / 纯白	精灵首帧必须非空且非纯白	frame_000.png: 316x267 nonalpha=2716 near_white=False	一致	coverage-enumerate.py (png_stats)
D3材质	可见物件：(目录) chr_bandit_out	首帧是否空图/纯白	非空非白 / 空 / 纯白	精灵首帧必须非空且非纯白	frame_000.png: 156x169 nonalpha=3250 near_white=False	一致	coverage-enumerate.py (png_stats)
D3材质	可见物件：(目录) chr_barbarian_out	首帧是否空图/纯白	非空非白 / 空 / 纯白	精灵首帧必须非空且非纯白	frame_000.png: 193x209 nonalpha=3565 near_white=False	一致	coverage-enumerate.py (png_stats)
D3材质	可见物件：(目录) chr_bats_out	首帧是否空图/纯白	非空非白 / 空 / 纯白	精灵首帧必须非空且非纯白	frame_000.png: 106x107 nonalpha=938 near_white=False	一致	coverage-enumerate.py (png_stats)
D3材质	可见物件：(目录) chr_battle_ram_out	首帧是否空图/纯白	非空非白 / 空 / 纯白	精灵首帧必须非空且非纯白	frame_000.png: 184x200 nonalpha=4227 near_white=False	一致	coverage-enumerate.py (png_stats)
D3材质	可见物件：(目录) chr_bomber_out	首帧是否空图/纯白	非空非白 / 空 / 纯白	精灵首帧必须非空且非纯白	frame_000.png: 142x215 nonalpha=4260 near_white=False	一致	coverage-enumerate.py (png_stats)
D3材质	可见物件：(目录) chr_bowler_out	首帧是否空图/纯白	非空非白 / 空 / 纯白	精灵首帧必须非空且非纯白	frame_000.png: 153x174 nonalpha=6502 near_white=False	一致	coverage-enumerate.py (png_stats)
D3材质	可见物件：(目录) chr_electro_wizard_out	首帧是否空图/纯白	非空非白 / 空 / 纯白	精灵首帧必须非空且非纯白	frame_000.png: 134x124 nonalpha=3230 near_white=False	一致	coverage-enumerate.py (png_stats)
D3材质	可见物件：(目录) chr_fire_firespirit_out	首帧是否空图/纯白	非空非白 / 空 / 纯白	精灵首帧必须非空且非纯白	frame_000.png: 88x89 nonalpha=793 near_white=False	一致	coverage-enumerate.py (png_stats)
D3材质	可见物件：(目录) chr_giant_out	首帧是否空图/纯白	非空非白 / 空 / 纯白	精灵首帧必须非空且非纯白	frame_000.png: 189x185 nonalpha=8155 near_white=False	一致	coverage-enumerate.py (png_stats)
D3材质	可见物件：(目录) chr_giant_skeleton_out	首帧是否空图/纯白	非空非白 / 空 / 纯白	精灵首帧必须非空且非纯白	frame_000.png: 145x135 nonalpha=6313 near_white=False	一致	coverage-enumerate.py (png_stats)
D3材质	可见物件：(目录) chr_goblin_archer_out	首帧是否空图/纯白	非空非白 / 空 / 纯白	精灵首帧必须非空且非纯白	frame_000.png: 171x125 nonalpha=2260 near_white=False	一致	coverage-enumerate.py (png_stats)
D3材质	可见物件：(目录) chr_goblin_blowdart_out	首帧是否空图/纯白	非空非白 / 空 / 纯白	精灵首帧必须非空且非纯白	frame_000.png: 129x141 nonalpha=4204 near_white=False	一致	coverage-enumerate.py (png_stats)
D3材质	可见物件：(目录) chr_goblin_out	首帧是否空图/纯白	非空非白 / 空 / 纯白	精灵首帧必须非空且非纯白	frame_000.png: 139x151 nonalpha=2413 near_white=False	一致	coverage-enumerate.py (png_stats)
D3材质	可见物件：(目录) chr_hog_rider_out	首帧是否空图/纯白	非空非白 / 空 / 纯白	精灵首帧必须非空且非纯白	frame_000.png: 208x219 nonalpha=6460 near_white=False	一致	coverage-enumerate.py (png_stats)
D3材质	可见物件：(目录) chr_ice_spirits_out	首帧是否空图/纯白	非空非白 / 空 / 纯白	精灵首帧必须非空且非纯白	frame_000.png: 88x116 nonalpha=1969 near_white=False	一致	coverage-enumerate.py (png_stats)
D3材质	可见物件：(目录) chr_ice_wizard_out	首帧是否空图/纯白	非空非白 / 空 / 纯白	精灵首帧必须非空且非纯白	frame_000.png: 264x218 nonalpha=6216 near_white=False	一致	coverage-enumerate.py (png_stats)
D3材质	可见物件：(目录) chr_knight_out	首帧是否空图/纯白	非空非白 / 空 / 纯白	精灵首帧必须非空且非纯白	frame_000.png: 187x181 nonalpha=4405 near_white=False	一致	coverage-enumerate.py (png_stats)
D3材质	可见物件：(目录) chr_lava_hound_out	首帧是否空图/纯白	非空非白 / 空 / 纯白	精灵首帧必须非空且非纯白	frame_000.png: 161x182 nonalpha=7551 near_white=False	一致	coverage-enumerate.py (png_stats)
D3材质	可见物件：(目录) chr_lava_pups_out	首帧是否空图/纯白	非空非白 / 空 / 纯白	精灵首帧必须非空且非纯白	frame_000.png: 89x111 nonalpha=1854 near_white=False	一致	coverage-enumerate.py (png_stats)
D3材质	可见物件：(目录) chr_mega_knight_out	首帧是否空图/纯白	非空非白 / 空 / 纯白	精灵首帧必须非空且非纯白	frame_000.png: 200x215 nonalpha=8687 near_white=False	一致	coverage-enumerate.py (png_stats)
D3材质	可见物件：(目录) chr_mega_minion_out	首帧是否空图/纯白	非空非白 / 空 / 纯白	精灵首帧必须非空且非纯白	frame_000.png: 335x204 nonalpha=7698 near_white=False	一致	coverage-enumerate.py (png_stats)
D3材质	可见物件：(目录) chr_miner_out	首帧是否空图/纯白	非空非白 / 空 / 纯白	精灵首帧必须非空且非纯白	frame_000.png: 185x177 nonalpha=4797 near_white=False	一致	coverage-enumerate.py (png_stats)
D3材质	可见物件：(目录) chr_mini_pekka_out	首帧是否空图/纯白	非空非白 / 空 / 纯白	精灵首帧必须非空且非纯白	frame_000.png: 163x166 nonalpha=4053 near_white=False	一致	coverage-enumerate.py (png_stats)
D3材质	可见物件：(目录) chr_minion_out	首帧是否空图/纯白	非空非白 / 空 / 纯白	精灵首帧必须非空且非纯白	frame_000.png: 172x159 nonalpha=5019 near_white=False	一致	coverage-enumerate.py (png_stats)
D3材质	可见物件：(目录) chr_movingcannon_out	首帧是否空图/纯白	非空非白 / 空 / 纯白	精灵首帧必须非空且非纯白	frame_000.png: 98x102 nonalpha=1322 near_white=False	一致	coverage-enumerate.py (png_stats)
D3材质	可见物件：(目录) chr_musketeer_out	首帧是否空图/纯白	非空非白 / 空 / 纯白	精灵首帧必须非空且非纯白	frame_000.png: 120x142 nonalpha=3358 near_white=False	一致	coverage-enumerate.py (png_stats)
D3材质	可见物件：(目录) chr_pekka_out	首帧是否空图/纯白	非空非白 / 空 / 纯白	精灵首帧必须非空且非纯白	frame_000.png: 219x209 nonalpha=7370 near_white=False	一致	coverage-enumerate.py (png_stats)
D3材质	可见物件：(目录) chr_prince_out	首帧是否空图/纯白	非空非白 / 空 / 纯白	精灵首帧必须非空且非纯白	frame_000.png: 171x184 nonalpha=4623 near_white=False	一致	coverage-enumerate.py (png_stats)
D3材质	可见物件：(目录) chr_princess_out	首帧是否空图/纯白	非空非白 / 空 / 纯白	精灵首帧必须非空且非纯白	frame_000.png: 268x180 nonalpha=4972 near_white=False	一致	coverage-enumerate.py (png_stats)
D3材质	可见物件：(目录) chr_royal_giant_out	首帧是否空图/纯白	非空非白 / 空 / 纯白	精灵首帧必须非空且非纯白	frame_000.png: 145x136 nonalpha=8639 near_white=False	一致	coverage-enumerate.py (png_stats)
D3材质	可见物件：(目录) chr_skeleton_out	首帧是否空图/纯白	非空非白 / 空 / 纯白	精灵首帧必须非空且非纯白	frame_000.png: 122x124 nonalpha=1055 near_white=False	一致	coverage-enumerate.py (png_stats)
D3材质	可见物件：(目录) chr_valkyrie_out	首帧是否空图/纯白	非空非白 / 空 / 纯白	精灵首帧必须非空且非纯白	frame_000.png: 173x153 nonalpha=2376 near_white=False	一致	coverage-enumerate.py (png_stats)
D3材质	可见物件：(目录) chr_witch_out	首帧是否空图/纯白	非空非白 / 空 / 纯白	精灵首帧必须非空且非纯白	frame_000.png: 167x217 nonalpha=7303 near_white=False	一致	coverage-enumerate.py (png_stats)
D3材质	可见物件：(目录) chr_wizard_out	首帧是否空图/纯白	非空非白 / 空 / 纯白	精灵首帧必须非空且非纯白	frame_000.png: 153x160 nonalpha=3150 near_white=False	一致	coverage-enumerate.py (png_stats)
D3材质	可见物件：(目录) spell_goblin_barrel_out	首帧是否空图/纯白	非空非白 / 空 / 纯白	精灵首帧必须非空且非纯白	frame_000.png: 122x116 nonalpha=7983 near_white=False	一致	coverage-enumerate.py (png_stats)
D3材质	可见物件：(目录) ui_spells_out	首帧是否空图/纯白	非空非白 / 空 / 纯白	精灵首帧必须非空且非纯白	frame_000.png: 403x377 nonalpha=46292 near_white=False	一致	coverage-enumerate.py (png_stats)
D3材质	可见物件：UI 面板底/标题条/按钮	贴图是否绑上且非纯白	绑定 / 未绑定	特定素材帧必须被赋给 SpriteRenderer	pending: 需实例化帧素据	一致	ResPaths.UiFrame 按帧号绑定；帧号↔用途见 策划/原版UI素材索引.md；g2-audit-*.txt/g3b-audit-*.txt 逐控件同名；coverage-enumerate.py(struct) 非空且非近白 0 例外
D3材质	可见物件：公主塔 BLUE 塔身	贴图是否绑上且非空	exists / blank / white	塔身帧必须非空且非纯白	407x471 nonalpha=37655 near_white=False	一致	coverage-enumerate.py (png_stats)
D3材质	可见物件：公主塔 RED 塔身	贴图是否绑上且非空	exists / blank / white	塔身帧必须非空且非纯白	407x471 nonalpha=37174 near_white=False	一致	coverage-enumerate.py (png_stats)
D3材质	可见物件：单位精灵	贴图是否绑上且非纯白	绑定 / 未绑定	特定素材帧必须被赋给 SpriteRenderer	pending: 需实例化帧素据	一致	tools/probes/check_frame_order.py chr_knight_out（帧序严格递增）+ .ai-tmp/screenshots/T3-flow-before-after.png + V1-attack-strip.png
D3材质	可见物件：右桥 BridgeRight	贴图是否绑上且非纯白	绑定 / 未绑定	特定素材帧必须被赋给 SpriteRenderer	pending: 需实例化帧素据	允许的差异（D18）	ArenaView.cs:151-152（frame_022 右路无桥→复用左路木板像素平移）；AE1-redrows #6
D3材质	可见物件：命中闪光特效	贴图是否绑上且非纯白	绑定 / 未绑定	特定素材帧必须被赋给 SpriteRenderer	pending: 需实例化帧素据	一致	BattleViewRoot.cs:604-607 Play(EffectHit,50,7)；ResPaths.EffectHit*（f050..f056）；AG2-matrix-D6 同结论
D3材质	可见物件：国王塔 BLUE 塔身	贴图是否绑上且非空	exists / blank / white	塔身帧必须非空且非纯白	407x471 nonalpha=98170 near_white=False	一致	coverage-enumerate.py (png_stats)
D3材质	可见物件：国王塔 RED 塔身	贴图是否绑上且非空	exists / blank / white	塔身帧必须非空且非纯白	407x471 nonalpha=99238 near_white=False	一致	coverage-enumerate.py (png_stats)
D3材质	可见物件：左桥 BridgeLeft	贴图是否绑上且非纯白	绑定 / 未绑定	特定素材帧必须被赋给 SpriteRenderer	pending: 需实例化帧素据	一致	ArenaView.BuildRiverAndBridges（frame_022 左路木板）+ .ai-tmp/screenshots/E1-arena.png
D3材质	可见物件：弹道特效	贴图是否绑上且非纯白	绑定 / 未绑定	特定素材帧必须被赋给 SpriteRenderer	pending: 需实例化帧素据	允许的差异（D20）	素材已落地 Sprites/Effects/Arrow（ResPaths.EffectArrow）但未接线（D19/D20）；当前无点击无弹道
D3材质	可见物件：河道带 RiverBand	贴图是否绑上且非纯白	绑定 / 未绑定	特定素材帧必须被赋给 SpriteRenderer	pending: 需实例化帧素据	允许的差异（D18）	策划/对照表.md A2/A3/A16；.ai-tmp/screenshots/E1-arena.png（可见顶边 17.33 vs 原版 15.0）
D3材质	可见物件：爆炸特效	贴图是否绑上且非纯白	绑定 / 未绑定	特定素材帧必须被赋给 SpriteRenderer	pending: 需实例化帧素据	一致	ResPaths.EffectBlast*（f418..f427）；AG2-matrix-D6 同结论
D3材质	可见物件：竞技场 Art Seg ×4	贴图是否绑上且非纯白	绑定 / 未绑定	特定素材帧必须被赋给 SpriteRenderer	pending: 需实例化帧素据	一致	ArenaView.BuildArt（arena_training_out frame_006）+ .ai-tmp/screenshots/D1-arena.png
D3材质	可见物件：竞技场底图 Base	贴图是否绑上且非纯白	绑定 / 未绑定	特定素材帧必须被赋给 SpriteRenderer	pending: 需实例化帧素据	允许的差异（D77）	ArenaView.cs:355-369 BuildBaseQuad（纯色兜底色块，正常路径被 Art 段盖住）；AE1-redrows #8
D4	BootPanel	常态	—	启动画面：全屏背景+官方LOGO+底部 by clover-engine+版权两行	脚本枚举元素齐(背景img1/文本3/署名1)；署名硬要求已落 root/ByCloverEngine	一致	BootPanel.cs:80-95；元素计数(step7)
D4	BootPanel	悬停	—	无按钮	无按钮	一致(不适用)	step10b: 无 CbBtn/RawBtn
D4	BootPanel	按下	—	无按钮	无按钮	一致(不适用)	step10b
D4	BootPanel	禁用	—	无按钮	无按钮	一致(不适用)	step10b
D4	BootPanel	边界:超长文本	固定文案	署名/版权不溢出屏幕	固定文案(非动态)	一致(不适用)	BootPanel.cs:82-90
D4	BootPanel	选中	—	无按钮	无按钮	一致(不适用)	step10b
D4	DeckEditPanel	常态	—	卡池+卡组8槽+保存/返回	脚本枚举元素齐(btn5/text10/img4)	一致	DeckEditPanel.cs；step7
D4	DeckEditPanel	悬停	—	卡牌/按钮高亮	RawBtn+CbBtn 命中	一致	DeckEditPanel.cs:371
D4	DeckEditPanel	按下	—	按下色	RawBtn colors	一致	DeckEditPanel.cs:371
D4	DeckEditPanel	禁用	已满8张不可再加	卡池卡置灰	已选 8/8 时点卡池格：按钮仍 `interactable=true`、点击被受理（`res=CLICKED`）⇒ **未置灰**；代码分支（DeckEditPanel.cs:451-455）是"超上限就写状态行提示、不改可点性"。⚠️ 本片点到的第 9 张（Card0）恰好是已选卡 ⇒ 实际走的是"点已选=移除"分支，**"满 8 张时点未选新卡"这一支未实机采到**	允许的差异（D86）	AL3-evidence step10: deck.selectedAfterFill=8 / #6 9thPick card=0 res=CLICKED cellInteractable=interactable cellInteractable0=interactable；DeckEditPanel.cs:451-455；.ai-tmp/screenshots/AL3-shots/AL3-deck-full-9th.png（⚠️ AL3 报告的截图清单还列了 `AL3-deck-8of8.png`，但该文件实际未落盘 ⇒ 本条证据只用同批已落盘的这张）
D4	DeckEditPanel	边界:0/满项	卡组0/8张	空槽/满槽表现	**满项侧采到**：卡池 60 张、已知 8 张全选中，`SelectedLabel='已选 8 / 8（点槽位移除）'`，8 个槽位全部渲染出卡名与圣水（Slot0..Slot7 = 骑士/弓箭手/哥布林/哥布林投矛手/巨人/皮卡超人/亡灵/亡灵大军），卡池格同步显示 `[已选]` 前缀与强调色；空槽位走 `SetInteractable(false)`（DeckEditPanel.cs:674-678）。**0 张侧未采到**（打开面板时卡组已是 8 张，未清空）	一致（满项侧；0 张侧未采）	AL3-evidence step9 deck.poolLen=60 deck.selected=8 deck.maxSelected=8 deck.activeCells=8 / step10 SelectedLabel='已选 8 / 8（点槽位移除）' + Slot0..7 名称；.ai-tmp/screenshots/AL3-shots/AL3-deck-full-9th.png（⚠️ AL3 报告的截图清单还列了 `AL3-deck-8of8.png`，但该文件实际未落盘 ⇒ 本条证据只用同批已落盘的这张）
D4	DeckEditPanel	边界:滚动卡池	首/末	滚动边界	卡池无滚动（全工程 0 处 ScrollRect），为**分页**：60 张 = 8 页 × 8 张。连点「下一页」12 次 → `PoolLabel='卡池：共 60 张 · 第 8/8 页'`（到末页即止）；连点「上一页」12 次 → `第 1/8 页`（到首页即止）；两向都不过冲	一致（分页边界成立；滚动不适用）	AL3-evidence step11: AFTER-NEXT PoolLabel='卡池：共 60 张 · 第 8/8 页（每页 8 张）' / AFTER-PREV PoolLabel='卡池：共 60 张 · 第 1/8 页（每页 8 张）'；DeckEditPanel.cs:466-480
D4	DeckEditPanel	选中	—	选中卡高亮	_selected 状态存在	一致(脚本)	DeckEditPanel.cs:285/591
D4	HudPanel	常态	—	圣水条+手牌5槽+卡牌+暂停+计时+状态行	脚本枚举元素齐(btn1/text24/img21)	一致	HudPanel.cs；step7
D4	HudPanel	悬停	—	暂停按钮高亮	手动设 highlightedColor	一致	HudPanel.cs:653-661
D4	HudPanel	按下	—	暂停按钮按下色	手动设 pressedColor	一致	HudPanel.cs:653-661
D4	HudPanel	禁用	—	暂停钮 disabledColor 已设	手动设 disabledColor	一致	HudPanel.cs:658
D4	HudPanel	边界:空手牌位	slot cardId=0	提示"手牌位是空的"	SetStatus("这个手牌位是空的…")	一致(脚本)	HudPanel.cs:726-730
D4	HudPanel	选中	—	selectedColor 已设	手动设 selectedColor	一致	HudPanel.cs:657
D4	LoadingPanel	常态	—	读条面板：背景+进度条+提示文本	脚本枚举元素齐(img1/text2)	一致	LoadingPanel.cs；step7
D4	LoadingPanel	悬停	—	无按钮	无按钮	一致(不适用)	step10b
D4	LoadingPanel	按下	—	无按钮	无按钮	一致(不适用)	step10b
D4	LoadingPanel	禁用	—	无按钮	无按钮	一致(不适用)	step10b
D4	LoadingPanel	边界:超长提示	进度回调0~1	百分比文本不溢出	真进度 SetProgress；文本固定模板	一致(脚本)	AppFlow.cs:846-851
D4	LoadingPanel	选中	—	无按钮	无按钮	一致(不适用)	step10b
D4	LoginPanel	常态	—	账号/密码输入框+登录/注册按钮+错误文本	脚本枚举元素齐(btn2/text5/img2)	一致	LoginPanel.cs；step7
D4	LoginPanel	悬停	—	按钮高亮	CrUiStyle.Button 设 highlightedColor	一致	CrUiStyle.cs:457-461/502-506
D4	LoginPanel	按下	—	按钮按下色	设 pressedColor	一致	CrUiStyle.cs:459/504
D4	LoginPanel	禁用	登录在途(_busy)	连点时按钮置灰不可点	同一帧内读数（在 invoke 之前读、invoke 之后立刻再读，中间不可能有 await 完成）：`LoginButton` pre.interactable=True → post.interactable=**False**，同时 `RegisterButton`=**DISABLED**（SetBusy(true) 把两颗按钮一起置灰）⇒ 在途置灰成立。⚠️ 登录请求本身在本地服瞬时完成，截图（下一帧）可能已是完成态，故**判据取同帧读数**	一致	AL3-evidence step2: pre.interactable=True action=click.LoginButton INVOKED(post.interactable=False) regButton=DISABLED；LoginPanel.cs:243-256；.ai-tmp/screenshots/AL3-shots/AL3-busy-Login.png
D4	LoginPanel	边界:超长文本	长账号/密码	不溢出输入框	`AccountInput` 读出 `characterLimit=32`（LoginPanel.cs:55 MaxAccountChars=32 经 CrUiStyle.Field 传入）、`PasswordInput` 上限 64；程序化注入 40 字符后 `readLen=32` ⇒ 文本被夹在上限内、输入框不溢出	一致	AL3-evidence step1: characterLimit=32 action=injected40 readLen=32 read='AAAAAAAAAAAAAAAAAAAAAAAAAAAAAAAA'（32 个 A）；LoginPanel.cs:55/58/143-152；.ai-tmp/screenshots/AL3-shots/AL3-long-Login.png
D4	LoginPanel	边界:输入框空	账号或密码空	给出"账号或密码为空"	Fail("账号或密码为空")	一致(脚本)	AppFlow.cs:548-551
D4	LoginPanel	选中	—	输入框聚焦选中色	InputStyle 设 selectedColor	一致	CrUiStyle.cs:563-567
D4	MainMenuPanel	常态	—	昵称显示+人机对战/卡组/房间/设置/退出按钮	脚本枚举元素齐(text4/img1)；CbBtn命中	一致	MainMenuPanel.cs；step7/10b
D4	MainMenuPanel	悬停	—	按钮高亮	CrUiStyle.Button	一致	CrUiStyle.cs:457-461
D4	MainMenuPanel	按下	—	按钮按下色	CrUiStyle.Button	一致	CrUiStyle.cs:459
D4	MainMenuPanel	禁用	—	各按钮常态可点	实测：主菜单 5 个按钮（卡组编辑/房间列表/人机对战/设置/退出）全部可见且 onClick 生效（AiBattleButton=CLICKED）	一致	AI2-15-backmenu.png；panelStep14 mainMenuOpen=True
D4	MainMenuPanel	边界:超长昵称	超长昵称	标题/昵称显示不溢出	复采实测：TextFit.Clamp 后 32 字 → 显示 29 字+省略号，shownWidth=796.0 = uGUIpreferredW 796.0 ≤ rectW 808.0；AJ2-longnick.png 实图昵称带省略号、收在 PlayerBar 内、不再覆盖面板	一致	AJ2: aj2Step9 D4 ASSERT(shownWidth<=rectW)=True；aj2Step10 D4-RECHECK ASSERT(uGUIpreferredW<=rectW)=True；对比 AI2-03（修前 OVERFLOW=True）；.ai-tmp/screenshots/AJ2-longnick.png
D4	MainMenuPanel	选中	—	按钮 selectedColor	CrUiStyle.Button	一致	CrUiStyle.cs:460
D4	NicknamePanel	常态	—	昵称输入框+确定按钮	脚本枚举元素齐(btn1/text3/img1)	一致	NicknamePanel.cs；step7
D4	NicknamePanel	悬停	—	按钮高亮	CrUiStyle.Button	一致	CrUiStyle.cs:457-461
D4	NicknamePanel	按下	—	按钮按下色	CrUiStyle.Button	一致	CrUiStyle.cs:459
D4	NicknamePanel	禁用	提交在途	提交中不可连点	同帧读数：`SubmitButton` pre.interactable=True → post.interactable=**False**（OnSubmitClicked 先 SetInteractable(false) 再 Emit，见 NicknamePanel.cs:129-131）⇒ 提交在途置灰成立。⚠️ 副作用如实登记：该次提交真的走完了 SetNickname（服务端），昵称被改成 `Cfg.Game.default_nick`（= '玩家一'，见 step17 [Nickname]='玩家一'），本片未回滚	一致（副作用已登记）	AL3-evidence step7: pre.interactable=True action=click.SubmitButton INVOKED(post.interactable=False)；NicknamePanel.cs:129-131；.ai-tmp/screenshots/AL3-shots/AL3-busy-Nickname.png
D4	NicknamePanel	边界:超长昵称	超长字符	不溢出输入框/被限长	characterLimit 已设	一致(脚本)	NicknamePanel.cs 命中 characterLimit
D4	NicknamePanel	选中	—	输入框聚焦 selectedColor	—	一致	CrUiStyle.cs:566
D4	PausePanel	常态	—	继续/设置/投降/退出按钮	脚本枚举元素齐(btn5/text6/img5)	一致	PausePanel.cs；step7
D4	PausePanel	悬停	—	按钮高亮	Button colors	一致	PausePanel.cs:336 起
D4	PausePanel	按下	—	按下色	同上	一致	PausePanel.cs:336
D4	PausePanel	禁用	—	投降确认等	SetButtonEnabled 命中	一致	PausePanel.cs:336（SetBtn 命中）
D4	PausePanel	选中	—	selectedColor	Button colors	一致	PausePanel.cs
D4	RegisterPanel	常态	—	账号/密码+注册/返回按钮	脚本枚举元素齐(btn2/text5/img2)	一致	RegisterPanel.cs；step7
D4	RegisterPanel	悬停	—	按钮高亮	CrUiStyle.Button 高亮色	一致	CrUiStyle.cs:457-461
D4	RegisterPanel	按下	—	按钮按下色	CrUiStyle.Button	一致	CrUiStyle.cs:459
D4	RegisterPanel	禁用	注册在途	注册中不可连点	同帧读数：`SubmitButton` pre.interactable=True → post.interactable=**False**，`BackButton`=**DISABLED**（RegisterPanel.cs:145-147 SetInteractable(false) 同时置灰注册与返回）⇒ 注册在途置灰成立	一致	AL3-evidence step5: pre.interactable=True action=click.SubmitButton INVOKED(post.interactable=False) backButton=DISABLED；RegisterPanel.cs:145-147/191-197；.ai-tmp/screenshots/AL3-shots/AL3-busy-Register.png
D4	RegisterPanel	边界:账号已存在	—	显示服务端 err 文案	Fail("注册失败："+err) 原样显示	一致(脚本)	AppFlow.cs:657-660
D4	RegisterPanel	边界:超长文本	长账号	不溢出	`AccountInput`（注册面板）读出 `characterLimit=32`；注入 40 字符后 `readLen=32` ⇒ 夹在上限内不溢出	一致	AL3-evidence step4: characterLimit=32 action=injected40 readLen=32；RegisterPanel.cs:33/97-99；.ai-tmp/screenshots/AL3-shots/AL3-long-Register.png
D4	RegisterPanel	选中	—	输入框聚焦	InputStyle selectedColor	一致	CrUiStyle.cs:566
D4	ResultPanel	常态	—	胜负标题+数据+回主菜单/再来一局	脚本枚举元素齐(text12/img2)	一致	ResultPanel.cs；step7
D4	ResultPanel	悬停	—	按钮高亮	CbBtn 命中	一致	ResultPanel.cs
D4	ResultPanel	按下	—	按下色	CbBtn	一致	ResultPanel.cs
D4	ResultPanel	禁用	—	—	#14【AN1 实机采到】自然结束的人机局，结算页存活期同帧读数：`PlayAgainButton=interactable MainMenuButton=interactable outcome='失 败' crowns='0 : 2'`（AN1-evidence.txt step52 @10:20:12，station=Battle open.Result=True；截图 .ai-tmp/screenshots/AN1-result.png）⇒ 结算刚出现时两按钮均可点	一致	AN1-evidence.txt step52；.ai-tmp/screenshots/AN1-result.png；上下文 .ai-tmp/screenshots/AN1.index.tsv 格 AN1-06；ResultPanel.cs:219-224
D4	ResultPanel	选中	—	selectedColor	CbBtn	一致	CrUiStyle.cs:460
D4	RoomListPanel	常态	—	列表+滚动+创建/返回按钮	脚本枚举元素齐(text11/img6)；ScrollRect命中	一致	RoomListPanel.cs；step7/10b
D4	RoomListPanel	悬停	—	列表行/按钮高亮	SetButtonEnabled/Button colors	一致	RoomListPanel.cs:316-320
D4	RoomListPanel	按下	—	按下色	同上	一致	RoomListPanel.cs:316
D4	RoomListPanel	禁用	房间满/不可加入	按钮置灰	CrUiStyle.SetButtonEnabled 已用	一致	RoomListPanel.cs:316-320；CrUiStyle.cs:551-556
D4	RoomListPanel	边界:0项	房间列表为空	显示空态不崩	实测：rooms=0，header="共 0 间房间"，空态提示"(暂无房间：点「创建房间」开一间…)"，page="第 1/1 页"，面板正常打开无异常	一致	panelStep5；AI2-04-roomlist.png
D4	RoomListPanel	边界:滚动到顶底	列表首/末	滚动边界不过冲	房间列表无滚动（工程 0 处 ScrollRect），为**分页**（每页 5 行 + 上一页/下一页）。实测 `PageLabel='第 1/1 页'`；「上一页」在唯一一页上仍 interactable 并能被受理（Prev@page0=CLICKED）；两向点击后 PageLabel 不变（无越界）⚠️「已经是第一页」状态文案未取到：`RoomListPanel` 的 Status 节点与 `HudPanel` 的 Status **同名**，`GameObject.Find("Status")` 命中 HUD 那条	一致（分页替代滚动，无越界；边界文案未取到已登记）	AL3-evidence step30: PageLabel='第 1/1 页' Prev@page0=CLICKED Next=CLICKED PageLabel='第 1/1 页'；RoomListPanel.cs:246-258/330（分页）；.ai-tmp/screenshots/AL3-shots/AL3-roomlist-long.png
D4	RoomListPanel	边界:满项	列表满	滚动条可用	未达满项：服务端此刻只有 1 间房（`Header='共 1 间房间'`）。本片建的房（r1790002089841-3）在「离开房间」后被服务端回收（RoomPanel 离开 → 房间被 tidy），复检时列表又只剩 1 间 ⇒ 5 行满项不可达。已采到的相邻证据：单行渲染完整（`[r1790002109533-4] 人机对战  2/2 人 · AI 补位：开 · 已开打…`）且已开打/满员行的「加入」按钮置灰 `join0=DISABLED`	允许的差异（D87）	AL3-evidence step30: Header='共 1 间房间' row0='[r1790002109533-4] 人机对战    2/2 人 · AI 补位：开 · 已开打…' join0=DISABLED；RoomListPanel.cs:55-56/304-317；差异登记 D87；验收表 §3 D87
D4	RoomListPanel	选中	—	选中房间行	SetButtonEnabled/colors	一致	RoomListPanel.cs:316
D4	RoomPanel	常态	—	房内玩家列表+准备/退出按钮	脚本枚举元素齐(text17/img7)	一致	RoomPanel.cs；step7
D4	RoomPanel	悬停	—	按钮高亮	Button colors	一致	RoomPanel.cs:401-410
D4	RoomPanel	按下	—	按下色	同上	一致	RoomPanel.cs:403
D4	RoomPanel	禁用	准备态约束	按钮状态随房态置灰	SetButtonEnabled 已用	一致	RoomPanel.cs:403-410
D4	RoomPanel	边界:超长房名/昵称	—	不溢出	本片用 `RoomNameInput`（上限 32）建了房名 32 个 A 的房间；但 (a) 建房后同一帧 dump 时服务端房间态尚未到达（`RoomInfo='房号 r1790002089841-3 · 正在获取房间状态…'`），(b) 离开后该房被服务端回收、第 30 步房间列表里已不存在 ⇒ 未采到超长房名/昵称在 RoomPanel 的实际显示。代码侧确有 TextFit.Clamp（RoomPanel.cs:359 房名 / :388 昵称）	允许的差异（D88）	AL3-evidence step15: RoomInfo='房号 r1790002089841-3 · 正在获取房间状态…'（state 未到）；step30 房间列表已无该房；RoomPanel.cs:359/388；差异登记 D88；验收表 §3 D88
D4	RoomPanel	选中	—	座位选中	interact/colors	一致	RoomPanel.cs:403
D4	SettingsPanel	常态	—	音量×3滑块+画质+全屏+关闭	脚本枚举元素齐(text14/img8)	一致	SettingsPanel.cs；step7/10b
D4	SettingsPanel	悬停	—	滑块/按钮高亮	CbBtn 命中	一致	SettingsPanel.cs
D4	SettingsPanel	按下	—	按下色	CbBtn	一致	SettingsPanel.cs
D4	SettingsPanel	禁用	—	—	实测：设置面板正常打开，3 条音量滑块 + 画质切换 + 全屏 + 关闭 全部可用，无"需禁用"场景	一致	panelStep7 settingsOpen=True；AI2-06-settings.png
D4	SettingsPanel	边界:0/100音量	滑块两端	0与1边界夹取	Clamp01 夹取到[0,1]	一致(脚本)	SettingsManager.cs:265-268
D4	SettingsPanel	选中	—	滑块选中/拖柄	CbBtn selectedColor	一致	CrUiStyle.cs:460
D5	ALL	换档是否归零	attack->die(未播)	同上	同上	一致	UnitView.cs:299-309
D5	ALL	换档是否归零	idle->walk->attack	换档 _frameIndex=ClipStart() 且当帧贴首帧	Apply() anim!=_anim ⇒ ClipStart()+RefreshSprite()	一致	UnitView.cs:299-309
D5	ALL	死亡时播什么	kind==2 EvDeath	(原版有倒地/消散)	AW1 修复后：服务端在死亡那一 tick 的快照里带一次 anim=3（hp=0），客户端 UnitView 消费（实时 die=10 / viewDie=10，离线整局 die=104）；但单位 die 帧段源内不存在 ⇒ 尸体按整目录回落播（D50/D97）	允许的差异（D50 / D97）	snapshot.go 对 !alive 置 deathReported / battle.go compact(); .ai-tmp/test/AW1-census.tsv; BC1-D97 定论（2026-09-22）：原版资源/sc/ 全部 89 个 .sc 逐 export 穷举 5341 条（.ai-tmp/test/BC1-d97-exports.tsv）+ 13 英 / 5 中 die 词表（BC1-d97-words.tsv）零命中⇒ 源内不存在可用 die 帧段 / 导出名（非解析缺陷）；差异登记 D97
D5	ALL	被击退时动画	无击退机制	-	服务端无 knockback/pushback 事件，无对应表现	一致(原版本项目无该机制)	server/game/core 无 knockback
D5	chr_archer_out	attack	-	按 AnimRanges[attack]=帧号 198..251 播 54 帧	区间内循环播(帧号 198..251)@11.7fps	一致	UnitView.cs:120-127 / 帧段表 §1.3-§3.3
D5	chr_archer_out	die	-	素材无 die(单位帧段表 §5) ⇒ count=0 回落整目录、播完停末帧	count=0 ⇒ TryClipRange false ⇒ 整目录回落；AW1 修复后服务端在死亡那一 tick 的快照带一次 anim=3 且客户端 UnitView 消费（实时 die=10 / viewDie=10）⇒ 死亡帧到达客户端，不再「永不播」（die 素材仍缺 ⇒ D50/D97）	允许的差异（D50 / D97）	UnitView.cs:120-127 / 帧段表 §1.3-§3.3；单位目录 die 素材源内不存在（BC1-D97 定论（2026-09-22）：原版资源/sc/ 全部 89 个 .sc 逐 export 穷举 5341 条（.ai-tmp/test/BC1-d97-exports.tsv）+ 13 英 / 5 中 die 词表（BC1-d97-words.tsv）零命中⇒ 源内不存在可用 die 帧段 / 导出名（非解析缺陷）；差异登记 D97）；.ai-tmp/test/BC1-report.md §3
D5	chr_archer_out	die 播完是否停末帧	count=54	同上	同上	允许的差异（D50 / D97）	同上；D97 定论：BC1-D97 定论（2026-09-22）：原版资源/sc/ 全部 89 个 .sc 逐 export 穷举 5341 条（.ai-tmp/test/BC1-d97-exports.tsv）+ 13 英 / 5 中 die 词表（BC1-d97-words.tsv）零命中⇒ 源内不存在可用 die 帧段 / 导出名（非解析缺陷）；差异登记 D97
D5	chr_archer_out	idle	-	按 AnimRanges[idle]=帧号 198..206 播 9 帧	首帧静止(AnimFpsPerDir idle=0 ⇒ Update 早退，不推进) 帧号=198	一致	UnitView.cs:120-127 / 帧段表 §1.3-§3.3
D5	chr_archer_out	walk	-	按 AnimRanges[walk]=帧号 126..197 播 72 帧	区间内循环播(帧号 126..197)@13.8fps	一致	UnitView.cs:120-127 / 帧段表 §1.3-§3.3
D5	chr_axe_man_out	attack	-	未收录目录:整目录循环 + 首次绑定 Warn 一次(WarnIfUnmapped)	整目录 360 帧循环@attack档默认fps(idle8/walk12/attack14/die10)	允许的差异(无 .sc 可推，已登记)	UnitView.cs:57-62,478-487; 帧段表 §7.1
D5	chr_axe_man_out	die	-	未收录目录:整目录循环 + 首次绑定 Warn 一次(WarnIfUnmapped)	整目录 360 帧循环@die档默认fps(idle8/walk12/attack14/die10)	允许的差异（D50 / D97）	UnitView.cs:57-62,478-487; 帧段表 §7.1；单位目录 die 素材源内不存在（BC1-D97 定论（2026-09-22）：原版资源/sc/ 全部 89 个 .sc 逐 export 穷举 5341 条（.ai-tmp/test/BC1-d97-exports.tsv）+ 13 英 / 5 中 die 词表（BC1-d97-words.tsv）零命中⇒ 源内不存在可用 die 帧段 / 导出名（非解析缺陷）；差异登记 D97）；.ai-tmp/test/BC1-report.md §3
D5	chr_axe_man_out	idle	-	未收录目录:整目录循环 + 首次绑定 Warn 一次(WarnIfUnmapped)	整目录 360 帧循环@idle档默认fps(idle8/walk12/attack14/die10)	允许的差异(无 .sc 可推，已登记)	UnitView.cs:57-62,478-487; 帧段表 §7.1
D5	chr_axe_man_out	walk	-	未收录目录:整目录循环 + 首次绑定 Warn 一次(WarnIfUnmapped)	整目录 360 帧循环@walk档默认fps(idle8/walk12/attack14/die10)	允许的差异(无 .sc 可推，已登记)	UnitView.cs:57-62,478-487; 帧段表 §7.1
D5	chr_baby_dragon_out	attack	-	按 UnitAnimTable[chr_baby_dragon_out][attack] 段表播 417 帧（段表 [0+327 328+1 330+1 332+1 334+1 336+1 338+1 340+1 342+1 344+1 346+1 348+1 350+1 352+1 354+1 356+1 358+1 360+1 362+1 364+1 366+1 368+1 370+1 372+1 374+1 376+1 378+1 380+1 382+1 384+1 386+1 388+1 390+1 392+1 394+1 396+1 398+1 400+1 402+1 404+1 406+1 408+1 410+1 412+1 414+1 416+1 418+1 420+1 422+1 424+1 426+1 428+1 430+1 432+1 434+1 436+1 438+1 440+1 442+1 444+1 446+1 448+1 450+1 452+1 454+1 456+4 461+1 463+1 465+1 467+1 469+7 477+1 641+10]）	Known=true：段表 [0+327 328+1 330+1 332+1 334+1 336+1 338+1 340+1 342+1 344+1 346+1 348+1 350+1 352+1 354+1 356+1 358+1 360+1 362+1 364+1 366+1 368+1 370+1 372+1 374+1 376+1 378+1 380+1 382+1 384+1 386+1 388+1 390+1 392+1 394+1 396+1 398+1 400+1 402+1 404+1 406+1 408+1 410+1 412+1 414+1 416+1 418+1 420+1 422+1 424+1 426+1 428+1 430+1 432+1 434+1 436+1 438+1 440+1 442+1 444+1 446+1 448+1 450+1 452+1 454+1 456+4 461+1 463+1 465+1 467+1 469+7 477+1 641+10]（AT1 口径重出；BC1 生成器三输入交叉核对）⇒ UnitView 按段表区间播，不再回落整目录	一致	UnitAnimTable.cs（BC1 重出 = 54 目录 / 149 档；口径见 .ai-tmp/test/BC1-play-evidence.txt）; 策划/单位帧段表.md §3
D5	chr_baby_dragon_out	die	-	未收录目录:整目录循环 + 首次绑定 Warn 一次(WarnIfUnmapped)	整目录 651 帧循环@die档默认fps(idle8/walk12/attack14/die10)	允许的差异（D50 / D97）	UnitView.cs:57-62,478-487; 帧段表 §7.1；单位目录 die 素材源内不存在（BC1-D97 定论（2026-09-22）：原版资源/sc/ 全部 89 个 .sc 逐 export 穷举 5341 条（.ai-tmp/test/BC1-d97-exports.tsv）+ 13 英 / 5 中 die 词表（BC1-d97-words.tsv）零命中⇒ 源内不存在可用 die 帧段 / 导出名（非解析缺陷）；差异登记 D97）；.ai-tmp/test/BC1-report.md §3
D5	chr_baby_dragon_out	idle	-	按 UnitAnimTable[chr_baby_dragon_out][idle] 段表播 316 帧（段表 [0+163 173+72 326+1 328+1 330+1 332+1 334+1 336+1 338+1 340+1 342+1 344+1 346+1 348+1 350+1 352+1 354+1 356+1 358+1 360+1 362+1 364+1 366+1 368+1 370+1 372+1 374+1 376+1 378+1 380+1 382+1 384+1 386+1 388+1 390+1 392+1 394+1 396+1 398+1 400+1 402+1 404+1 406+1 408+1 410+1 412+1 414+1 416+1 418+1 420+1 422+1 424+1 426+1 428+1 430+1 432+1 434+1 436+1 438+1 440+1 442+1 444+1 446+1 448+1 450+1 452+1 454+1 456+4 461+1 463+1 465+1 467+1 469+7 477+1]）	Known=true：段表 [0+163 173+72 326+1 328+1 330+1 332+1 334+1 336+1 338+1 340+1 342+1 344+1 346+1 348+1 350+1 352+1 354+1 356+1 358+1 360+1 362+1 364+1 366+1 368+1 370+1 372+1 374+1 376+1 378+1 380+1 382+1 384+1 386+1 388+1 390+1 392+1 394+1 396+1 398+1 400+1 402+1 404+1 406+1 408+1 410+1 412+1 414+1 416+1 418+1 420+1 422+1 424+1 426+1 428+1 430+1 432+1 434+1 436+1 438+1 440+1 442+1 444+1 446+1 448+1 450+1 452+1 454+1 456+4 461+1 463+1 465+1 467+1 469+7 477+1]（AT1 口径重出；BC1 生成器三输入交叉核对）⇒ UnitView 按段表区间播，不再回落整目录	一致	UnitAnimTable.cs（BC1 重出 = 54 目录 / 149 档；口径见 .ai-tmp/test/BC1-play-evidence.txt）; 策划/单位帧段表.md §3
D5	chr_baby_dragon_out	walk	-	按 UnitAnimTable[chr_baby_dragon_out][walk] 段表播 316 帧（段表 [0+163 173+72 344+1 346+1 348+1 350+1 352+1 354+1 356+1 358+1 360+1 362+1 364+1 366+1 368+1 370+1 372+1 374+1 376+1 378+1 380+1 382+1 384+1 386+1 388+1 390+1 392+1 394+1 396+1 398+1 400+1 402+1 404+1 406+1 408+1 410+1 412+1 414+1 416+1 418+1 420+1 422+1 424+1 426+1 428+1 430+1 432+1 434+1 436+1 438+1 440+1 442+1 444+1 446+1 448+1 450+1 452+1 454+1 456+4 461+1 463+1 465+1 467+1 469+7 477+1 632+9]）	Known=true：段表 [0+163 173+72 344+1 346+1 348+1 350+1 352+1 354+1 356+1 358+1 360+1 362+1 364+1 366+1 368+1 370+1 372+1 374+1 376+1 378+1 380+1 382+1 384+1 386+1 388+1 390+1 392+1 394+1 396+1 398+1 400+1 402+1 404+1 406+1 408+1 410+1 412+1 414+1 416+1 418+1 420+1 422+1 424+1 426+1 428+1 430+1 432+1 434+1 436+1 438+1 440+1 442+1 444+1 446+1 448+1 450+1 452+1 454+1 456+4 461+1 463+1 465+1 467+1 469+7 477+1 632+9]（AT1 口径重出；BC1 生成器三输入交叉核对）⇒ UnitView 按段表区间播，不再回落整目录	一致	UnitAnimTable.cs（BC1 重出 = 54 目录 / 149 档；口径见 .ai-tmp/test/BC1-play-evidence.txt）; 策划/单位帧段表.md §3
D5	chr_balloon_out	attack	-	按 UnitAnimTable[chr_balloon_out][attack] 段表播 9 帧（段表 [0+2 3+7]）	Known=true：段表 [0+2 3+7]（AT1 口径重出；BC1 生成器三输入交叉核对）⇒ UnitView 按段表区间播，不再回落整目录	一致	UnitAnimTable.cs（BC1 重出 = 54 目录 / 149 档；口径见 .ai-tmp/test/BC1-play-evidence.txt）; 策划/单位帧段表.md §3
D5	chr_balloon_out	die	-	未收录目录:整目录循环 + 首次绑定 Warn 一次(WarnIfUnmapped)	整目录 10 帧循环@die档默认fps(idle8/walk12/attack14/die10)	允许的差异（D50 / D97）	UnitView.cs:57-62,478-487; 帧段表 §7.1；单位目录 die 素材源内不存在（BC1-D97 定论（2026-09-22）：原版资源/sc/ 全部 89 个 .sc 逐 export 穷举 5341 条（.ai-tmp/test/BC1-d97-exports.tsv）+ 13 英 / 5 中 die 词表（BC1-d97-words.tsv）零命中⇒ 源内不存在可用 die 帧段 / 导出名（非解析缺陷）；差异登记 D97）；.ai-tmp/test/BC1-report.md §3
D5	chr_balloon_out	idle	-	按 UnitAnimTable[chr_balloon_out][idle] 段表播 3 帧（段表 [0+2 9+1]）	Known=true：段表 [0+2 9+1]（AT1 口径重出；BC1 生成器三输入交叉核对）⇒ UnitView 按段表区间播，不再回落整目录	一致	UnitAnimTable.cs（BC1 重出 = 54 目录 / 149 档；口径见 .ai-tmp/test/BC1-play-evidence.txt）; 策划/单位帧段表.md §3
D5	chr_balloon_out	walk	-	按 UnitAnimTable[chr_balloon_out][walk] 段表播 3 帧（段表 [0+2 9+1]）	Known=true：段表 [0+2 9+1]（AT1 口径重出；BC1 生成器三输入交叉核对）⇒ UnitView 按段表区间播，不再回落整目录	一致	UnitAnimTable.cs（BC1 重出 = 54 目录 / 149 档；口径见 .ai-tmp/test/BC1-play-evidence.txt）; 策划/单位帧段表.md §3
D5	chr_bandit_out	attack	-	未收录目录:整目录循环 + 首次绑定 Warn 一次(WarnIfUnmapped)	整目录 325 帧循环@attack档默认fps(idle8/walk12/attack14/die10)	允许的差异(无 .sc 可推，已登记)	UnitView.cs:57-62,478-487; 帧段表 §7.1
D5	chr_bandit_out	die	-	未收录目录:整目录循环 + 首次绑定 Warn 一次(WarnIfUnmapped)	整目录 325 帧循环@die档默认fps(idle8/walk12/attack14/die10)	允许的差异（D50 / D97）	UnitView.cs:57-62,478-487; 帧段表 §7.1；单位目录 die 素材源内不存在（BC1-D97 定论（2026-09-22）：原版资源/sc/ 全部 89 个 .sc 逐 export 穷举 5341 条（.ai-tmp/test/BC1-d97-exports.tsv）+ 13 英 / 5 中 die 词表（BC1-d97-words.tsv）零命中⇒ 源内不存在可用 die 帧段 / 导出名（非解析缺陷）；差异登记 D97）；.ai-tmp/test/BC1-report.md §3
D5	chr_bandit_out	idle	-	未收录目录:整目录循环 + 首次绑定 Warn 一次(WarnIfUnmapped)	整目录 325 帧循环@idle档默认fps(idle8/walk12/attack14/die10)	允许的差异(无 .sc 可推，已登记)	UnitView.cs:57-62,478-487; 帧段表 §7.1
D5	chr_bandit_out	walk	-	未收录目录:整目录循环 + 首次绑定 Warn 一次(WarnIfUnmapped)	整目录 325 帧循环@walk档默认fps(idle8/walk12/attack14/die10)	允许的差异(无 .sc 可推，已登记)	UnitView.cs:57-62,478-487; 帧段表 §7.1
D5	chr_barbarian_out	attack	-	按 UnitAnimTable[chr_barbarian_out][attack] 段表播 495 帧（段表 [144+198 486+6 495+201 939+90]）	Known=true：段表 [144+198 486+6 495+201 939+90]（AT1 口径重出；BC1 生成器三输入交叉核对）⇒ UnitView 按段表区间播，不再回落整目录	一致	UnitAnimTable.cs（BC1 重出 = 54 目录 / 149 档；口径见 .ai-tmp/test/BC1-play-evidence.txt）; 策划/单位帧段表.md §3
D5	chr_barbarian_out	die	-	未收录目录:整目录循环 + 首次绑定 Warn 一次(WarnIfUnmapped)	整目录 1029 帧循环@die档默认fps(idle8/walk12/attack14/die10)	允许的差异（D50 / D97）	UnitView.cs:57-62,478-487; 帧段表 §7.1；单位目录 die 素材源内不存在（BC1-D97 定论（2026-09-22）：原版资源/sc/ 全部 89 个 .sc 逐 export 穷举 5341 条（.ai-tmp/test/BC1-d97-exports.tsv）+ 13 英 / 5 中 die 词表（BC1-d97-words.tsv）零命中⇒ 源内不存在可用 die 帧段 / 导出名（非解析缺陷）；差异登记 D97）；.ai-tmp/test/BC1-report.md §3
D5	chr_barbarian_out	idle	-	未收录目录:整目录循环 + 首次绑定 Warn 一次(WarnIfUnmapped)	整目录 1029 帧循环@idle档默认fps(idle8/walk12/attack14/die10)	允许的差异(无 .sc 可推，已登记)	UnitView.cs:57-62,478-487; 帧段表 §7.1
D5	chr_barbarian_out	walk	-	按 UnitAnimTable[chr_barbarian_out][walk] 段表播 360 帧（段表 [0+144 342+144 867+72]）	Known=true：段表 [0+144 342+144 867+72]（AT1 口径重出；BC1 生成器三输入交叉核对）⇒ UnitView 按段表区间播，不再回落整目录	一致	UnitAnimTable.cs（BC1 重出 = 54 目录 / 149 档；口径见 .ai-tmp/test/BC1-play-evidence.txt）; 策划/单位帧段表.md §3
D5	chr_bats_out	attack	-	按 UnitAnimTable[chr_bats_out][attack] 段表播 90 帧（帧号 0..89）	Known=true：帧号 0..89（AT1 口径重出；BC1 生成器三输入交叉核对）⇒ UnitView 按段表区间播，不再回落整目录	一致	UnitAnimTable.cs（BC1 重出 = 54 目录 / 149 档；口径见 .ai-tmp/test/BC1-play-evidence.txt）; 策划/单位帧段表.md §3
D5	chr_bats_out	die	-	未收录目录:整目录循环 + 首次绑定 Warn 一次(WarnIfUnmapped)	整目录 90 帧循环@die档默认fps(idle8/walk12/attack14/die10)	允许的差异（D50 / D97）	UnitView.cs:57-62,478-487; 帧段表 §7.1；单位目录 die 素材源内不存在（BC1-D97 定论（2026-09-22）：原版资源/sc/ 全部 89 个 .sc 逐 export 穷举 5341 条（.ai-tmp/test/BC1-d97-exports.tsv）+ 13 英 / 5 中 die 词表（BC1-d97-words.tsv）零命中⇒ 源内不存在可用 die 帧段 / 导出名（非解析缺陷）；差异登记 D97）；.ai-tmp/test/BC1-report.md §3
D5	chr_bats_out	idle	-	未收录目录:整目录循环 + 首次绑定 Warn 一次(WarnIfUnmapped)	整目录 90 帧循环@idle档默认fps(idle8/walk12/attack14/die10)	允许的差异(无 .sc 可推，已登记)	UnitView.cs:57-62,478-487; 帧段表 §7.1
D5	chr_bats_out	walk	-	未收录目录:整目录循环 + 首次绑定 Warn 一次(WarnIfUnmapped)	整目录 90 帧循环@walk档默认fps(idle8/walk12/attack14/die10)	允许的差异(无 .sc 可推，已登记)	UnitView.cs:57-62,478-487; 帧段表 §7.1
D5	chr_battle_ram_out	attack	-	未收录目录:整目录循环 + 首次绑定 Warn 一次(WarnIfUnmapped)	整目录 243 帧循环@attack档默认fps(idle8/walk12/attack14/die10)	允许的差异(无 .sc 可推，已登记)	UnitView.cs:57-62,478-487; 帧段表 §7.1
D5	chr_battle_ram_out	die	-	未收录目录:整目录循环 + 首次绑定 Warn 一次(WarnIfUnmapped)	整目录 243 帧循环@die档默认fps(idle8/walk12/attack14/die10)	允许的差异（D50 / D97）	UnitView.cs:57-62,478-487; 帧段表 §7.1；单位目录 die 素材源内不存在（BC1-D97 定论（2026-09-22）：原版资源/sc/ 全部 89 个 .sc 逐 export 穷举 5341 条（.ai-tmp/test/BC1-d97-exports.tsv）+ 13 英 / 5 中 die 词表（BC1-d97-words.tsv）零命中⇒ 源内不存在可用 die 帧段 / 导出名（非解析缺陷）；差异登记 D97）；.ai-tmp/test/BC1-report.md §3
D5	chr_battle_ram_out	idle	-	未收录目录:整目录循环 + 首次绑定 Warn 一次(WarnIfUnmapped)	整目录 243 帧循环@idle档默认fps(idle8/walk12/attack14/die10)	允许的差异(无 .sc 可推，已登记)	UnitView.cs:57-62,478-487; 帧段表 §7.1
D5	chr_battle_ram_out	walk	-	未收录目录:整目录循环 + 首次绑定 Warn 一次(WarnIfUnmapped)	整目录 243 帧循环@walk档默认fps(idle8/walk12/attack14/die10)	允许的差异(无 .sc 可推，已登记)	UnitView.cs:57-62,478-487; 帧段表 §7.1
D5	chr_bomber_out	attack	-	按 UnitAnimTable[chr_bomber_out][attack] 段表播 252 帧（帧号 90..341）	Known=true：帧号 90..341（AT1 口径重出；BC1 生成器三输入交叉核对）⇒ UnitView 按段表区间播，不再回落整目录	一致	UnitAnimTable.cs（BC1 重出 = 54 目录 / 149 档；口径见 .ai-tmp/test/BC1-play-evidence.txt）; 策划/单位帧段表.md §3
D5	chr_bomber_out	die	-	未收录目录:整目录循环 + 首次绑定 Warn 一次(WarnIfUnmapped)	整目录 432 帧循环@die档默认fps(idle8/walk12/attack14/die10)	允许的差异（D50 / D97）	UnitView.cs:57-62,478-487; 帧段表 §7.1；单位目录 die 素材源内不存在（BC1-D97 定论（2026-09-22）：原版资源/sc/ 全部 89 个 .sc 逐 export 穷举 5341 条（.ai-tmp/test/BC1-d97-exports.tsv）+ 13 英 / 5 中 die 词表（BC1-d97-words.tsv）零命中⇒ 源内不存在可用 die 帧段 / 导出名（非解析缺陷）；差异登记 D97）；.ai-tmp/test/BC1-report.md §3
D5	chr_bomber_out	idle	-	未收录目录:整目录循环 + 首次绑定 Warn 一次(WarnIfUnmapped)	整目录 432 帧循环@idle档默认fps(idle8/walk12/attack14/die10)	允许的差异(无 .sc 可推，已登记)	UnitView.cs:57-62,478-487; 帧段表 §7.1
D5	chr_bomber_out	walk	-	未收录目录:整目录循环 + 首次绑定 Warn 一次(WarnIfUnmapped)	整目录 432 帧循环@walk档默认fps(idle8/walk12/attack14/die10)	允许的差异(无 .sc 可推，已登记)	UnitView.cs:57-62,478-487; 帧段表 §7.1
D5	chr_bowler_out	attack	-	未收录目录:整目录循环 + 首次绑定 Warn 一次(WarnIfUnmapped)	整目录 486 帧循环@attack档默认fps(idle8/walk12/attack14/die10)	允许的差异(无 .sc 可推，已登记)	UnitView.cs:57-62,478-487; 帧段表 §7.1
D5	chr_bowler_out	die	-	未收录目录:整目录循环 + 首次绑定 Warn 一次(WarnIfUnmapped)	整目录 486 帧循环@die档默认fps(idle8/walk12/attack14/die10)	允许的差异（D50 / D97）	UnitView.cs:57-62,478-487; 帧段表 §7.1；单位目录 die 素材源内不存在（BC1-D97 定论（2026-09-22）：原版资源/sc/ 全部 89 个 .sc 逐 export 穷举 5341 条（.ai-tmp/test/BC1-d97-exports.tsv）+ 13 英 / 5 中 die 词表（BC1-d97-words.tsv）零命中⇒ 源内不存在可用 die 帧段 / 导出名（非解析缺陷）；差异登记 D97）；.ai-tmp/test/BC1-report.md §3
D5	chr_bowler_out	idle	-	未收录目录:整目录循环 + 首次绑定 Warn 一次(WarnIfUnmapped)	整目录 486 帧循环@idle档默认fps(idle8/walk12/attack14/die10)	允许的差异(无 .sc 可推，已登记)	UnitView.cs:57-62,478-487; 帧段表 §7.1
D5	chr_bowler_out	walk	-	未收录目录:整目录循环 + 首次绑定 Warn 一次(WarnIfUnmapped)	整目录 486 帧循环@walk档默认fps(idle8/walk12/attack14/die10)	允许的差异(无 .sc 可推，已登记)	UnitView.cs:57-62,478-487; 帧段表 §7.1
D5	chr_electro_wizard_out	attack	-	未收录目录:整目录循环 + 首次绑定 Warn 一次(WarnIfUnmapped)	整目录 301 帧循环@attack档默认fps(idle8/walk12/attack14/die10)	允许的差异(无 .sc 可推，已登记)	UnitView.cs:57-62,478-487; 帧段表 §7.1
D5	chr_electro_wizard_out	die	-	未收录目录:整目录循环 + 首次绑定 Warn 一次(WarnIfUnmapped)	整目录 301 帧循环@die档默认fps(idle8/walk12/attack14/die10)	允许的差异（D50 / D97）	UnitView.cs:57-62,478-487; 帧段表 §7.1；单位目录 die 素材源内不存在（BC1-D97 定论（2026-09-22）：原版资源/sc/ 全部 89 个 .sc 逐 export 穷举 5341 条（.ai-tmp/test/BC1-d97-exports.tsv）+ 13 英 / 5 中 die 词表（BC1-d97-words.tsv）零命中⇒ 源内不存在可用 die 帧段 / 导出名（非解析缺陷）；差异登记 D97）；.ai-tmp/test/BC1-report.md §3
D5	chr_electro_wizard_out	idle	-	未收录目录:整目录循环 + 首次绑定 Warn 一次(WarnIfUnmapped)	整目录 301 帧循环@idle档默认fps(idle8/walk12/attack14/die10)	允许的差异(无 .sc 可推，已登记)	UnitView.cs:57-62,478-487; 帧段表 §7.1
D5	chr_electro_wizard_out	walk	-	未收录目录:整目录循环 + 首次绑定 Warn 一次(WarnIfUnmapped)	整目录 301 帧循环@walk档默认fps(idle8/walk12/attack14/die10)	允许的差异(无 .sc 可推，已登记)	UnitView.cs:57-62,478-487; 帧段表 §7.1
D5	chr_fire_firespirit_out	attack	-	按 UnitAnimTable[chr_fire_firespirit_out][attack] 段表播 10 帧（帧号 0..9）	Known=true：帧号 0..9（AT1 口径重出；BC1 生成器三输入交叉核对）⇒ UnitView 按段表区间播，不再回落整目录	一致	UnitAnimTable.cs（BC1 重出 = 54 目录 / 149 档；口径见 .ai-tmp/test/BC1-play-evidence.txt）; 策划/单位帧段表.md §3
D5	chr_fire_firespirit_out	die	-	未收录目录:整目录循环 + 首次绑定 Warn 一次(WarnIfUnmapped)	整目录 82 帧循环@die档默认fps(idle8/walk12/attack14/die10)	允许的差异（D50 / D97）	UnitView.cs:57-62,478-487; 帧段表 §7.1；单位目录 die 素材源内不存在（BC1-D97 定论（2026-09-22）：原版资源/sc/ 全部 89 个 .sc 逐 export 穷举 5341 条（.ai-tmp/test/BC1-d97-exports.tsv）+ 13 英 / 5 中 die 词表（BC1-d97-words.tsv）零命中⇒ 源内不存在可用 die 帧段 / 导出名（非解析缺陷）；差异登记 D97）；.ai-tmp/test/BC1-report.md §3
D5	chr_fire_firespirit_out	idle	-	按 UnitAnimTable[chr_fire_firespirit_out][idle] 段表播 10 帧（帧号 0..9）	Known=true：帧号 0..9（AT1 口径重出；BC1 生成器三输入交叉核对）⇒ UnitView 按段表区间播，不再回落整目录	一致	UnitAnimTable.cs（BC1 重出 = 54 目录 / 149 档；口径见 .ai-tmp/test/BC1-play-evidence.txt）; 策划/单位帧段表.md §3
D5	chr_fire_firespirit_out	walk	-	按 UnitAnimTable[chr_fire_firespirit_out][walk] 段表播 73 帧（段表 [1+1 10+72]）	Known=true：段表 [1+1 10+72]（AT1 口径重出；BC1 生成器三输入交叉核对）⇒ UnitView 按段表区间播，不再回落整目录	一致	UnitAnimTable.cs（BC1 重出 = 54 目录 / 149 档；口径见 .ai-tmp/test/BC1-play-evidence.txt）; 策划/单位帧段表.md §3
D5	chr_giant_out	attack	-	按 UnitAnimTable[chr_giant_out][attack] 段表播 90 帧（段表 [0+1 2+1 4+1 6+1 8+1 10+1 12+1 14+1 16+1 18+1 20+1 22+1 24+1 26+1 28+1 30+1 32+1 34+1 36+1 38+1 40+1 42+1 44+1 46+1 48+1 50+1 52+1 54+1 56+1 58+1 60+1 62+1 64+1 66+1 68+1 70+1 72+1 74+1 76+1 78+1 80+1 82+1 84+1 86+1 88+1 90+1 92+1 94+1 96+1 98+1 100+1 102+1 104+1 106+1 108+1 110+1 112+1 114+1 116+1 118+1 120+1 122+1 124+1 126+1 128+1 130+1 132+1 134+1 136+1 138+1 140+1 142+1 144+1 146+1 148+1 150+1 152+1 154+1 156+1 158+1 448+1 450+1 452+1 454+1 456+1 458+1 460+1 462+1 464+1 466+1]）	Known=true：段表 [0+1 2+1 4+1 6+1 8+1 10+1 12+1 14+1 16+1 18+1 20+1 22+1 24+1 26+1 28+1 30+1 32+1 34+1 36+1 38+1 40+1 42+1 44+1 46+1 48+1 50+1 52+1 54+1 56+1 58+1 60+1 62+1 64+1 66+1 68+1 70+1 72+1 74+1 76+1 78+1 80+1 82+1 84+1 86+1 88+1 90+1 92+1 94+1 96+1 98+1 100+1 102+1 104+1 106+1 108+1 110+1 112+1 114+1 116+1 118+1 120+1 122+1 124+1 126+1 128+1 130+1 132+1 134+1 136+1 138+1 140+1 142+1 144+1 146+1 148+1 150+1 152+1 154+1 156+1 158+1 448+1 450+1 452+1 454+1 456+1 458+1 460+1 462+1 464+1 466+1]（AT1 口径重出；BC1 生成器三输入交叉核对）⇒ UnitView 按段表区间播，不再回落整目录	一致	UnitAnimTable.cs（BC1 重出 = 54 目录 / 149 档；口径见 .ai-tmp/test/BC1-play-evidence.txt）; 策划/单位帧段表.md §3
D5	chr_giant_out	die	-	未收录目录:整目录循环 + 首次绑定 Warn 一次(WarnIfUnmapped)	整目录 468 帧循环@die档默认fps(idle8/walk12/attack14/die10)	允许的差异（D50 / D97）	UnitView.cs:57-62,478-487; 帧段表 §7.1；单位目录 die 素材源内不存在（BC1-D97 定论（2026-09-22）：原版资源/sc/ 全部 89 个 .sc 逐 export 穷举 5341 条（.ai-tmp/test/BC1-d97-exports.tsv）+ 13 英 / 5 中 die 词表（BC1-d97-words.tsv）零命中⇒ 源内不存在可用 die 帧段 / 导出名（非解析缺陷）；差异登记 D97）；.ai-tmp/test/BC1-report.md §3
D5	chr_giant_out	idle	-	未收录目录:整目录循环 + 首次绑定 Warn 一次(WarnIfUnmapped)	整目录 468 帧循环@idle档默认fps(idle8/walk12/attack14/die10)	允许的差异(无 .sc 可推，已登记)	UnitView.cs:57-62,478-487; 帧段表 §7.1
D5	chr_giant_out	walk	-	未收录目录:整目录循环 + 首次绑定 Warn 一次(WarnIfUnmapped)	整目录 468 帧循环@walk档默认fps(idle8/walk12/attack14/die10)	允许的差异(无 .sc 可推，已登记)	UnitView.cs:57-62,478-487; 帧段表 §7.1
D5	chr_giant_skeleton_out	attack	-	未收录目录:整目录循环 + 首次绑定 Warn 一次(WarnIfUnmapped)	整目录 450 帧循环@attack档默认fps(idle8/walk12/attack14/die10)	允许的差异(无 .sc 可推，已登记)	UnitView.cs:57-62,478-487; 帧段表 §7.1
D5	chr_giant_skeleton_out	die	-	未收录目录:整目录循环 + 首次绑定 Warn 一次(WarnIfUnmapped)	整目录 450 帧循环@die档默认fps(idle8/walk12/attack14/die10)	允许的差异（D50 / D97）	UnitView.cs:57-62,478-487; 帧段表 §7.1；单位目录 die 素材源内不存在（BC1-D97 定论（2026-09-22）：原版资源/sc/ 全部 89 个 .sc 逐 export 穷举 5341 条（.ai-tmp/test/BC1-d97-exports.tsv）+ 13 英 / 5 中 die 词表（BC1-d97-words.tsv）零命中⇒ 源内不存在可用 die 帧段 / 导出名（非解析缺陷）；差异登记 D97）；.ai-tmp/test/BC1-report.md §3
D5	chr_giant_skeleton_out	idle	-	未收录目录:整目录循环 + 首次绑定 Warn 一次(WarnIfUnmapped)	整目录 450 帧循环@idle档默认fps(idle8/walk12/attack14/die10)	允许的差异(无 .sc 可推，已登记)	UnitView.cs:57-62,478-487; 帧段表 §7.1
D5	chr_giant_skeleton_out	walk	-	未收录目录:整目录循环 + 首次绑定 Warn 一次(WarnIfUnmapped)	整目录 450 帧循环@walk档默认fps(idle8/walk12/attack14/die10)	允许的差异(无 .sc 可推，已登记)	UnitView.cs:57-62,478-487; 帧段表 §7.1
D5	chr_goblin_archer_out	attack	-	按 UnitAnimTable[chr_goblin_archer_out][attack] 段表播 90 帧（段表 [80+18 198+72]）	Known=true：段表 [80+18 198+72]（AT1 口径重出；BC1 生成器三输入交叉核对）⇒ UnitView 按段表区间播，不再回落整目录	一致	UnitAnimTable.cs（BC1 重出 = 54 目录 / 149 档；口径见 .ai-tmp/test/BC1-play-evidence.txt）; 策划/单位帧段表.md §3
D5	chr_goblin_archer_out	die	-	未收录目录:整目录循环 + 首次绑定 Warn 一次(WarnIfUnmapped)	整目录 342 帧循环@die档默认fps(idle8/walk12/attack14/die10)	允许的差异（D50 / D97）	UnitView.cs:57-62,478-487; 帧段表 §7.1；单位目录 die 素材源内不存在（BC1-D97 定论（2026-09-22）：原版资源/sc/ 全部 89 个 .sc 逐 export 穷举 5341 条（.ai-tmp/test/BC1-d97-exports.tsv）+ 13 英 / 5 中 die 词表（BC1-d97-words.tsv）零命中⇒ 源内不存在可用 die 帧段 / 导出名（非解析缺陷）；差异登记 D97）；.ai-tmp/test/BC1-report.md §3
D5	chr_goblin_archer_out	idle	-	按 UnitAnimTable[chr_goblin_archer_out][idle] 段表播 18 帧（帧号 80..97）	Known=true：帧号 80..97（AT1 口径重出；BC1 生成器三输入交叉核对）⇒ UnitView 按段表区间播，不再回落整目录	一致	UnitAnimTable.cs（BC1 重出 = 54 目录 / 149 档；口径见 .ai-tmp/test/BC1-play-evidence.txt）; 策划/单位帧段表.md §3
D5	chr_goblin_archer_out	walk	-	未收录目录:整目录循环 + 首次绑定 Warn 一次(WarnIfUnmapped)	整目录 342 帧循环@walk档默认fps(idle8/walk12/attack14/die10)	允许的差异(无 .sc 可推，已登记)	UnitView.cs:57-62,478-487; 帧段表 §7.1
D5	chr_goblin_blowdart_out	attack	-	未收录目录:整目录循环 + 首次绑定 Warn 一次(WarnIfUnmapped)	整目录 252 帧循环@attack档默认fps(idle8/walk12/attack14/die10)	允许的差异(无 .sc 可推，已登记)	UnitView.cs:57-62,478-487; 帧段表 §7.1
D5	chr_goblin_blowdart_out	die	-	未收录目录:整目录循环 + 首次绑定 Warn 一次(WarnIfUnmapped)	整目录 252 帧循环@die档默认fps(idle8/walk12/attack14/die10)	允许的差异（D50 / D97）	UnitView.cs:57-62,478-487; 帧段表 §7.1；单位目录 die 素材源内不存在（BC1-D97 定论（2026-09-22）：原版资源/sc/ 全部 89 个 .sc 逐 export 穷举 5341 条（.ai-tmp/test/BC1-d97-exports.tsv）+ 13 英 / 5 中 die 词表（BC1-d97-words.tsv）零命中⇒ 源内不存在可用 die 帧段 / 导出名（非解析缺陷）；差异登记 D97）；.ai-tmp/test/BC1-report.md §3
D5	chr_goblin_blowdart_out	idle	-	未收录目录:整目录循环 + 首次绑定 Warn 一次(WarnIfUnmapped)	整目录 252 帧循环@idle档默认fps(idle8/walk12/attack14/die10)	允许的差异(无 .sc 可推，已登记)	UnitView.cs:57-62,478-487; 帧段表 §7.1
D5	chr_goblin_blowdart_out	walk	-	未收录目录:整目录循环 + 首次绑定 Warn 一次(WarnIfUnmapped)	整目录 252 帧循环@walk档默认fps(idle8/walk12/attack14/die10)	允许的差异(无 .sc 可推，已登记)	UnitView.cs:57-62,478-487; 帧段表 §7.1
D5	chr_goblin_out	attack	-	未收录目录:整目录循环 + 首次绑定 Warn 一次(WarnIfUnmapped)	整目录 288 帧循环@attack档默认fps(idle8/walk12/attack14/die10)	允许的差异(无 .sc 可推，已登记)	UnitView.cs:57-62,478-487; 帧段表 §7.1
D5	chr_goblin_out	die	-	未收录目录:整目录循环 + 首次绑定 Warn 一次(WarnIfUnmapped)	整目录 288 帧循环@die档默认fps(idle8/walk12/attack14/die10)	允许的差异（D50 / D97）	UnitView.cs:57-62,478-487; 帧段表 §7.1；单位目录 die 素材源内不存在（BC1-D97 定论（2026-09-22）：原版资源/sc/ 全部 89 个 .sc 逐 export 穷举 5341 条（.ai-tmp/test/BC1-d97-exports.tsv）+ 13 英 / 5 中 die 词表（BC1-d97-words.tsv）零命中⇒ 源内不存在可用 die 帧段 / 导出名（非解析缺陷）；差异登记 D97）；.ai-tmp/test/BC1-report.md §3
D5	chr_goblin_out	idle	-	未收录目录:整目录循环 + 首次绑定 Warn 一次(WarnIfUnmapped)	整目录 288 帧循环@idle档默认fps(idle8/walk12/attack14/die10)	允许的差异(无 .sc 可推，已登记)	UnitView.cs:57-62,478-487; 帧段表 §7.1
D5	chr_goblin_out	walk	-	未收录目录:整目录循环 + 首次绑定 Warn 一次(WarnIfUnmapped)	整目录 288 帧循环@walk档默认fps(idle8/walk12/attack14/die10)	允许的差异(无 .sc 可推，已登记)	UnitView.cs:57-62,478-487; 帧段表 §7.1
D5	chr_hog_rider_out	attack	-	未收录目录:整目录循环 + 首次绑定 Warn 一次(WarnIfUnmapped)	整目录 342 帧循环@attack档默认fps(idle8/walk12/attack14/die10)	允许的差异(无 .sc 可推，已登记)	UnitView.cs:57-62,478-487; 帧段表 §7.1
D5	chr_hog_rider_out	die	-	未收录目录:整目录循环 + 首次绑定 Warn 一次(WarnIfUnmapped)	整目录 342 帧循环@die档默认fps(idle8/walk12/attack14/die10)	允许的差异（D50 / D97）	UnitView.cs:57-62,478-487; 帧段表 §7.1；单位目录 die 素材源内不存在（BC1-D97 定论（2026-09-22）：原版资源/sc/ 全部 89 个 .sc 逐 export 穷举 5341 条（.ai-tmp/test/BC1-d97-exports.tsv）+ 13 英 / 5 中 die 词表（BC1-d97-words.tsv）零命中⇒ 源内不存在可用 die 帧段 / 导出名（非解析缺陷）；差异登记 D97）；.ai-tmp/test/BC1-report.md §3
D5	chr_hog_rider_out	idle	-	未收录目录:整目录循环 + 首次绑定 Warn 一次(WarnIfUnmapped)	整目录 342 帧循环@idle档默认fps(idle8/walk12/attack14/die10)	允许的差异(无 .sc 可推，已登记)	UnitView.cs:57-62,478-487; 帧段表 §7.1
D5	chr_hog_rider_out	walk	-	未收录目录:整目录循环 + 首次绑定 Warn 一次(WarnIfUnmapped)	整目录 342 帧循环@walk档默认fps(idle8/walk12/attack14/die10)	允许的差异(无 .sc 可推，已登记)	UnitView.cs:57-62,478-487; 帧段表 §7.1
D5	chr_ice_spirits_out	attack	-	未收录目录:整目录循环 + 首次绑定 Warn 一次(WarnIfUnmapped)	整目录 82 帧循环@attack档默认fps(idle8/walk12/attack14/die10)	允许的差异(无 .sc 可推，已登记)	UnitView.cs:57-62,478-487; 帧段表 §7.1
D5	chr_ice_spirits_out	die	-	未收录目录:整目录循环 + 首次绑定 Warn 一次(WarnIfUnmapped)	整目录 82 帧循环@die档默认fps(idle8/walk12/attack14/die10)	允许的差异（D50 / D97）	UnitView.cs:57-62,478-487; 帧段表 §7.1；单位目录 die 素材源内不存在（BC1-D97 定论（2026-09-22）：原版资源/sc/ 全部 89 个 .sc 逐 export 穷举 5341 条（.ai-tmp/test/BC1-d97-exports.tsv）+ 13 英 / 5 中 die 词表（BC1-d97-words.tsv）零命中⇒ 源内不存在可用 die 帧段 / 导出名（非解析缺陷）；差异登记 D97）；.ai-tmp/test/BC1-report.md §3
D5	chr_ice_spirits_out	idle	-	未收录目录:整目录循环 + 首次绑定 Warn 一次(WarnIfUnmapped)	整目录 82 帧循环@idle档默认fps(idle8/walk12/attack14/die10)	允许的差异(无 .sc 可推，已登记)	UnitView.cs:57-62,478-487; 帧段表 §7.1
D5	chr_ice_spirits_out	walk	-	未收录目录:整目录循环 + 首次绑定 Warn 一次(WarnIfUnmapped)	整目录 82 帧循环@walk档默认fps(idle8/walk12/attack14/die10)	允许的差异(无 .sc 可推，已登记)	UnitView.cs:57-62,478-487; 帧段表 §7.1
D5	chr_ice_wizard_out	attack	-	按 UnitAnimTable[chr_ice_wizard_out][attack] 段表播 182 帧（段表 [1+2 131+99 254+81]）	Known=true：段表 [1+2 131+99 254+81]（AT1 口径重出；BC1 生成器三输入交叉核对）⇒ UnitView 按段表区间播，不再回落整目录	一致	UnitAnimTable.cs（BC1 重出 = 54 目录 / 149 档；口径见 .ai-tmp/test/BC1-play-evidence.txt）; 策划/单位帧段表.md §3
D5	chr_ice_wizard_out	die	-	未收录目录:整目录循环 + 首次绑定 Warn 一次(WarnIfUnmapped)	整目录 335 帧循环@die档默认fps(idle8/walk12/attack14/die10)	允许的差异（D50 / D97）	UnitView.cs:57-62,478-487; 帧段表 §7.1；单位目录 die 素材源内不存在（BC1-D97 定论（2026-09-22）：原版资源/sc/ 全部 89 个 .sc 逐 export 穷举 5341 条（.ai-tmp/test/BC1-d97-exports.tsv）+ 13 英 / 5 中 die 词表（BC1-d97-words.tsv）零命中⇒ 源内不存在可用 die 帧段 / 导出名（非解析缺陷）；差异登记 D97）；.ai-tmp/test/BC1-report.md §3
D5	chr_ice_wizard_out	idle	-	按 UnitAnimTable[chr_ice_wizard_out][idle] 段表播 20 帧（段表 [1+2 122+10 142+1 153+1 164+1 175+1 186+1 197+1 208+1 219+1]）	Known=true：段表 [1+2 122+10 142+1 153+1 164+1 175+1 186+1 197+1 208+1 219+1]（AT1 口径重出；BC1 生成器三输入交叉核对）⇒ UnitView 按段表区间播，不再回落整目录	一致	UnitAnimTable.cs（BC1 重出 = 54 目录 / 149 档；口径见 .ai-tmp/test/BC1-play-evidence.txt）; 策划/单位帧段表.md §3
D5	chr_ice_wizard_out	walk	-	按 UnitAnimTable[chr_ice_wizard_out][walk] 段表播 146 帧（段表 [0+122 230+24]）	Known=true：段表 [0+122 230+24]（AT1 口径重出；BC1 生成器三输入交叉核对）⇒ UnitView 按段表区间播，不再回落整目录	一致	UnitAnimTable.cs（BC1 重出 = 54 目录 / 149 档；口径见 .ai-tmp/test/BC1-play-evidence.txt）; 策划/单位帧段表.md §3
D5	chr_knight_out	attack	-	按 AnimRanges[attack]=帧号 359..485 播 127 帧	区间内循环播(帧号 359..485)@11.7fps	一致	UnitView.cs:120-127 / 帧段表 §1.3-§3.3
D5	chr_knight_out	die	-	素材无 die(单位帧段表 §5) ⇒ count=0 回落整目录、播完停末帧	count=0 ⇒ TryClipRange false ⇒ 整目录 486 帧；AW1 修复后 anim=3 随死亡 tick 快照下发（实时 die=10/viewDie=10）⇒ 该 die 帧到达客户端（die 素材仍缺 ⇒ D50/D97）	允许的差异（D50 / D97）	UnitView.cs:120-127 / 帧段表 §1.3-§3.3; 差异登记 D50/D97; .ai-tmp/test/AW1-census.tsv；单位目录 die 素材源内不存在（BC1-D97 定论（2026-09-22）：原版资源/sc/ 全部 89 个 .sc 逐 export 穷举 5341 条（.ai-tmp/test/BC1-d97-exports.tsv）+ 13 英 / 5 中 die 词表（BC1-d97-words.tsv）零命中⇒ 源内不存在可用 die 帧段 / 导出名（非解析缺陷）；差异登记 D97）；.ai-tmp/test/BC1-report.md §3
D5	chr_knight_out	die 播完是否停末帧	count=53 无 die	停末帧=整目录末帧 frame_485	AW1 修复后 anim=3 随死亡 tick 快照下发（实时 die=10 且 viewDie=10、离线整局 die=104 ⇒ .ai-tmp/test/AW1-census.tsv）；素材无 die ⇒ 回落整目录、停末帧 frame_485	允许的差异（D50 / D97）	combat.go:98/575-585; battle.go:176; 差异登记 D50/D97; .ai-tmp/test/AW1-census.tsv；D97 定论：BC1-D97 定论（2026-09-22）：原版资源/sc/ 全部 89 个 .sc 逐 export 穷举 5341 条（.ai-tmp/test/BC1-d97-exports.tsv）+ 13 英 / 5 中 die 词表（BC1-d97-words.tsv）零命中⇒ 源内不存在可用 die 帧段 / 导出名（非解析缺陷）；差异登记 D97
D5	chr_knight_out	idle	-	按 AnimRanges[idle]=帧号 108..115 播 8 帧	首帧静止(AnimFpsPerDir idle=0 ⇒ Update 早退，不推进) 帧号=108	一致	UnitView.cs:120-127 / 帧段表 §1.3-§3.3
D5	chr_knight_out	idle 是否静止不播	fps=0	不推进、停区间首帧帧号108	AnimFpsPerDir idle=0 ⇒ Update return	一致	UnitView.cs:80-83,352
D5	chr_knight_out	walk	-	按 AnimRanges[walk]=帧号 0..107 播 108 帧	区间内循环播(帧号 0..107)@13.8fps	一致	UnitView.cs:120-127 / 帧段表 §1.3-§3.3
D5	chr_lava_hound_out	attack	-	未收录目录:整目录循环 + 首次绑定 Warn 一次(WarnIfUnmapped)	整目录 306 帧循环@attack档默认fps(idle8/walk12/attack14/die10)	允许的差异(无 .sc 可推，已登记)	UnitView.cs:57-62,478-487; 帧段表 §7.1
D5	chr_lava_hound_out	die	-	未收录目录:整目录循环 + 首次绑定 Warn 一次(WarnIfUnmapped)	整目录 306 帧循环@die档默认fps(idle8/walk12/attack14/die10)	允许的差异（D50 / D97）	UnitView.cs:57-62,478-487; 帧段表 §7.1；单位目录 die 素材源内不存在（BC1-D97 定论（2026-09-22）：原版资源/sc/ 全部 89 个 .sc 逐 export 穷举 5341 条（.ai-tmp/test/BC1-d97-exports.tsv）+ 13 英 / 5 中 die 词表（BC1-d97-words.tsv）零命中⇒ 源内不存在可用 die 帧段 / 导出名（非解析缺陷）；差异登记 D97）；.ai-tmp/test/BC1-report.md §3
D5	chr_lava_hound_out	idle	-	未收录目录:整目录循环 + 首次绑定 Warn 一次(WarnIfUnmapped)	整目录 306 帧循环@idle档默认fps(idle8/walk12/attack14/die10)	允许的差异(无 .sc 可推，已登记)	UnitView.cs:57-62,478-487; 帧段表 §7.1
D5	chr_lava_hound_out	walk	-	未收录目录:整目录循环 + 首次绑定 Warn 一次(WarnIfUnmapped)	整目录 306 帧循环@walk档默认fps(idle8/walk12/attack14/die10)	允许的差异(无 .sc 可推，已登记)	UnitView.cs:57-62,478-487; 帧段表 §7.1
D5	chr_lava_pups_out	attack	-	未收录目录:整目录循环 + 首次绑定 Warn 一次(WarnIfUnmapped)	整目录 163 帧循环@attack档默认fps(idle8/walk12/attack14/die10)	允许的差异(无 .sc 可推，已登记)	UnitView.cs:57-62,478-487; 帧段表 §7.1
D5	chr_lava_pups_out	die	-	未收录目录:整目录循环 + 首次绑定 Warn 一次(WarnIfUnmapped)	整目录 163 帧循环@die档默认fps(idle8/walk12/attack14/die10)	允许的差异（D50 / D97）	UnitView.cs:57-62,478-487; 帧段表 §7.1；单位目录 die 素材源内不存在（BC1-D97 定论（2026-09-22）：原版资源/sc/ 全部 89 个 .sc 逐 export 穷举 5341 条（.ai-tmp/test/BC1-d97-exports.tsv）+ 13 英 / 5 中 die 词表（BC1-d97-words.tsv）零命中⇒ 源内不存在可用 die 帧段 / 导出名（非解析缺陷）；差异登记 D97）；.ai-tmp/test/BC1-report.md §3
D5	chr_lava_pups_out	idle	-	未收录目录:整目录循环 + 首次绑定 Warn 一次(WarnIfUnmapped)	整目录 163 帧循环@idle档默认fps(idle8/walk12/attack14/die10)	允许的差异(无 .sc 可推，已登记)	UnitView.cs:57-62,478-487; 帧段表 §7.1
D5	chr_lava_pups_out	walk	-	未收录目录:整目录循环 + 首次绑定 Warn 一次(WarnIfUnmapped)	整目录 163 帧循环@walk档默认fps(idle8/walk12/attack14/die10)	允许的差异(无 .sc 可推，已登记)	UnitView.cs:57-62,478-487; 帧段表 §7.1
D5	chr_mega_knight_out	attack	-	按 UnitAnimTable[chr_mega_knight_out][attack] 段表播 216 帧（段表 [192+1 212+1 233+1 255+1 277+1 299+1 321+1 343+1 365+1 387+196 608+11]）	Known=true：段表 [192+1 212+1 233+1 255+1 277+1 299+1 321+1 343+1 365+1 387+196 608+11]（AT1 口径重出；BC1 生成器三输入交叉核对）⇒ UnitView 按段表区间播，不再回落整目录	一致	UnitAnimTable.cs（BC1 重出 = 54 目录 / 149 档；口径见 .ai-tmp/test/BC1-play-evidence.txt）; 策划/单位帧段表.md §3
D5	chr_mega_knight_out	die	-	未收录目录:整目录循环 + 首次绑定 Warn 一次(WarnIfUnmapped)	整目录 619 帧循环@die档默认fps(idle8/walk12/attack14/die10)	允许的差异（D50 / D97）	UnitView.cs:57-62,478-487; 帧段表 §7.1；单位目录 die 素材源内不存在（BC1-D97 定论（2026-09-22）：原版资源/sc/ 全部 89 个 .sc 逐 export 穷举 5341 条（.ai-tmp/test/BC1-d97-exports.tsv）+ 13 英 / 5 中 die 词表（BC1-d97-words.tsv）零命中⇒ 源内不存在可用 die 帧段 / 导出名（非解析缺陷）；差异登记 D97）；.ai-tmp/test/BC1-report.md §3
D5	chr_mega_knight_out	idle	-	未收录目录:整目录循环 + 首次绑定 Warn 一次(WarnIfUnmapped)	整目录 619 帧循环@idle档默认fps(idle8/walk12/attack14/die10)	允许的差异(无 .sc 可推，已登记)	UnitView.cs:57-62,478-487; 帧段表 §7.1
D5	chr_mega_knight_out	walk	-	未收录目录:整目录循环 + 首次绑定 Warn 一次(WarnIfUnmapped)	整目录 619 帧循环@walk档默认fps(idle8/walk12/attack14/die10)	允许的差异(无 .sc 可推，已登记)	UnitView.cs:57-62,478-487; 帧段表 §7.1
D5	chr_mega_minion_out	attack	-	按 UnitAnimTable[chr_mega_minion_out][attack] 段表播 252 帧（帧号 0..251）	Known=true：帧号 0..251（AT1 口径重出；BC1 生成器三输入交叉核对）⇒ UnitView 按段表区间播，不再回落整目录	一致	UnitAnimTable.cs（BC1 重出 = 54 目录 / 149 档；口径见 .ai-tmp/test/BC1-play-evidence.txt）; 策划/单位帧段表.md §3
D5	chr_mega_minion_out	die	-	未收录目录:整目录循环 + 首次绑定 Warn 一次(WarnIfUnmapped)	整目录 252 帧循环@die档默认fps(idle8/walk12/attack14/die10)	允许的差异（D50 / D97）	UnitView.cs:57-62,478-487; 帧段表 §7.1；单位目录 die 素材源内不存在（BC1-D97 定论（2026-09-22）：原版资源/sc/ 全部 89 个 .sc 逐 export 穷举 5341 条（.ai-tmp/test/BC1-d97-exports.tsv）+ 13 英 / 5 中 die 词表（BC1-d97-words.tsv）零命中⇒ 源内不存在可用 die 帧段 / 导出名（非解析缺陷）；差异登记 D97）；.ai-tmp/test/BC1-report.md §3
D5	chr_mega_minion_out	idle	-	未收录目录:整目录循环 + 首次绑定 Warn 一次(WarnIfUnmapped)	整目录 252 帧循环@idle档默认fps(idle8/walk12/attack14/die10)	允许的差异(无 .sc 可推，已登记)	UnitView.cs:57-62,478-487; 帧段表 §7.1
D5	chr_mega_minion_out	walk	-	未收录目录:整目录循环 + 首次绑定 Warn 一次(WarnIfUnmapped)	整目录 252 帧循环@walk档默认fps(idle8/walk12/attack14/die10)	允许的差异(无 .sc 可推，已登记)	UnitView.cs:57-62,478-487; 帧段表 §7.1
D5	chr_miner_out	attack	-	未收录目录:整目录循环 + 首次绑定 Warn 一次(WarnIfUnmapped)	整目录 415 帧循环@attack档默认fps(idle8/walk12/attack14/die10)	允许的差异(无 .sc 可推，已登记)	UnitView.cs:57-62,478-487; 帧段表 §7.1
D5	chr_miner_out	die	-	未收录目录:整目录循环 + 首次绑定 Warn 一次(WarnIfUnmapped)	整目录 415 帧循环@die档默认fps(idle8/walk12/attack14/die10)	允许的差异（D50 / D97）	UnitView.cs:57-62,478-487; 帧段表 §7.1；单位目录 die 素材源内不存在（BC1-D97 定论（2026-09-22）：原版资源/sc/ 全部 89 个 .sc 逐 export 穷举 5341 条（.ai-tmp/test/BC1-d97-exports.tsv）+ 13 英 / 5 中 die 词表（BC1-d97-words.tsv）零命中⇒ 源内不存在可用 die 帧段 / 导出名（非解析缺陷）；差异登记 D97）；.ai-tmp/test/BC1-report.md §3
D5	chr_miner_out	idle	-	按 UnitAnimTable[chr_miner_out][idle] 段表播 10 帧（段表 [1+1 298+9]）	Known=true：段表 [1+1 298+9]（AT1 口径重出；BC1 生成器三输入交叉核对）⇒ UnitView 按段表区间播，不再回落整目录	一致	UnitAnimTable.cs（BC1 重出 = 54 目录 / 149 档；口径见 .ai-tmp/test/BC1-play-evidence.txt）; 策划/单位帧段表.md §3
D5	chr_miner_out	walk	-	未收录目录:整目录循环 + 首次绑定 Warn 一次(WarnIfUnmapped)	整目录 415 帧循环@walk档默认fps(idle8/walk12/attack14/die10)	允许的差异(无 .sc 可推，已登记)	UnitView.cs:57-62,478-487; 帧段表 §7.1
D5	chr_mini_pekka_out	attack	-	未收录目录:整目录循环 + 首次绑定 Warn 一次(WarnIfUnmapped)	整目录 416 帧循环@attack档默认fps(idle8/walk12/attack14/die10)	允许的差异(无 .sc 可推，已登记)	UnitView.cs:57-62,478-487; 帧段表 §7.1
D5	chr_mini_pekka_out	die	-	未收录目录:整目录循环 + 首次绑定 Warn 一次(WarnIfUnmapped)	整目录 416 帧循环@die档默认fps(idle8/walk12/attack14/die10)	允许的差异（D50 / D97）	UnitView.cs:57-62,478-487; 帧段表 §7.1；单位目录 die 素材源内不存在（BC1-D97 定论（2026-09-22）：原版资源/sc/ 全部 89 个 .sc 逐 export 穷举 5341 条（.ai-tmp/test/BC1-d97-exports.tsv）+ 13 英 / 5 中 die 词表（BC1-d97-words.tsv）零命中⇒ 源内不存在可用 die 帧段 / 导出名（非解析缺陷）；差异登记 D97）；.ai-tmp/test/BC1-report.md §3
D5	chr_mini_pekka_out	idle	-	未收录目录:整目录循环 + 首次绑定 Warn 一次(WarnIfUnmapped)	整目录 416 帧循环@idle档默认fps(idle8/walk12/attack14/die10)	允许的差异(无 .sc 可推，已登记)	UnitView.cs:57-62,478-487; 帧段表 §7.1
D5	chr_mini_pekka_out	walk	-	未收录目录:整目录循环 + 首次绑定 Warn 一次(WarnIfUnmapped)	整目录 416 帧循环@walk档默认fps(idle8/walk12/attack14/die10)	允许的差异(无 .sc 可推，已登记)	UnitView.cs:57-62,478-487; 帧段表 §7.1
D5	chr_minion_out	attack	-	未收录目录:整目录循环 + 首次绑定 Warn 一次(WarnIfUnmapped)	整目录 270 帧循环@attack档默认fps(idle8/walk12/attack14/die10)	允许的差异(无 .sc 可推，已登记)	UnitView.cs:57-62,478-487; 帧段表 §7.1
D5	chr_minion_out	die	-	未收录目录:整目录循环 + 首次绑定 Warn 一次(WarnIfUnmapped)	整目录 270 帧循环@die档默认fps(idle8/walk12/attack14/die10)	允许的差异（D50 / D97）	UnitView.cs:57-62,478-487; 帧段表 §7.1；单位目录 die 素材源内不存在（BC1-D97 定论（2026-09-22）：原版资源/sc/ 全部 89 个 .sc 逐 export 穷举 5341 条（.ai-tmp/test/BC1-d97-exports.tsv）+ 13 英 / 5 中 die 词表（BC1-d97-words.tsv）零命中⇒ 源内不存在可用 die 帧段 / 导出名（非解析缺陷）；差异登记 D97）；.ai-tmp/test/BC1-report.md §3
D5	chr_minion_out	idle	-	按 UnitAnimTable[chr_minion_out][idle] 段表播 72 帧（帧号 0..71）	Known=true：帧号 0..71（AT1 口径重出；BC1 生成器三输入交叉核对）⇒ UnitView 按段表区间播，不再回落整目录	一致	UnitAnimTable.cs（BC1 重出 = 54 目录 / 149 档；口径见 .ai-tmp/test/BC1-play-evidence.txt）; 策划/单位帧段表.md §3
D5	chr_minion_out	walk	-	按 UnitAnimTable[chr_minion_out][walk] 段表播 72 帧（帧号 0..71）	Known=true：帧号 0..71（AT1 口径重出；BC1 生成器三输入交叉核对）⇒ UnitView 按段表区间播，不再回落整目录	一致	UnitAnimTable.cs（BC1 重出 = 54 目录 / 149 档；口径见 .ai-tmp/test/BC1-play-evidence.txt）; 策划/单位帧段表.md §3
D5	chr_movingcannon_out	attack	-	未收录目录:整目录循环 + 首次绑定 Warn 一次(WarnIfUnmapped)	整目录 145 帧循环@attack档默认fps(idle8/walk12/attack14/die10)	允许的差异(无 .sc 可推，已登记)	UnitView.cs:57-62,478-487; 帧段表 §7.1
D5	chr_movingcannon_out	die	-	未收录目录:整目录循环 + 首次绑定 Warn 一次(WarnIfUnmapped)	整目录 145 帧循环@die档默认fps(idle8/walk12/attack14/die10)	允许的差异（D50 / D97）	UnitView.cs:57-62,478-487; 帧段表 §7.1；单位目录 die 素材源内不存在（BC1-D97 定论（2026-09-22）：原版资源/sc/ 全部 89 个 .sc 逐 export 穷举 5341 条（.ai-tmp/test/BC1-d97-exports.tsv）+ 13 英 / 5 中 die 词表（BC1-d97-words.tsv）零命中⇒ 源内不存在可用 die 帧段 / 导出名（非解析缺陷）；差异登记 D97）；.ai-tmp/test/BC1-report.md §3
D5	chr_movingcannon_out	idle	-	未收录目录:整目录循环 + 首次绑定 Warn 一次(WarnIfUnmapped)	整目录 145 帧循环@idle档默认fps(idle8/walk12/attack14/die10)	允许的差异(无 .sc 可推，已登记)	UnitView.cs:57-62,478-487; 帧段表 §7.1
D5	chr_movingcannon_out	walk	-	按 UnitAnimTable[chr_movingcannon_out][walk] 段表播 127 帧（段表 [0+102 103+1 106+3 116+3 121+1 124+3 128+1 132+13]）	Known=true：段表 [0+102 103+1 106+3 116+3 121+1 124+3 128+1 132+13]（AT1 口径重出；BC1 生成器三输入交叉核对）⇒ UnitView 按段表区间播，不再回落整目录	一致	UnitAnimTable.cs（BC1 重出 = 54 目录 / 149 档；口径见 .ai-tmp/test/BC1-play-evidence.txt）; 策划/单位帧段表.md §3
D5	chr_musketeer_out	attack	-	按 AnimRanges[attack]=帧号 324..413 播 90 帧	区间内循环播(帧号 324..413)@11.7fps	一致	UnitView.cs:120-127 / 帧段表 §1.3-§3.3
D5	chr_musketeer_out	die	-	素材无 die(单位帧段表 §5) ⇒ count=0 回落整目录、播完停末帧	count=0 ⇒ TryClipRange false ⇒ 整目录回落；AW1 修复后服务端在死亡那一 tick 的快照带一次 anim=3 且客户端 UnitView 消费（实时 die=10 / viewDie=10）⇒ 死亡帧到达客户端，不再「永不播」（die 素材仍缺 ⇒ D50/D97）	允许的差异（D50 / D97）	UnitView.cs:120-127 / 帧段表 §1.3-§3.3；单位目录 die 素材源内不存在（BC1-D97 定论（2026-09-22）：原版资源/sc/ 全部 89 个 .sc 逐 export 穷举 5341 条（.ai-tmp/test/BC1-d97-exports.tsv）+ 13 英 / 5 中 die 词表（BC1-d97-words.tsv）零命中⇒ 源内不存在可用 die 帧段 / 导出名（非解析缺陷）；差异登记 D97）；.ai-tmp/test/BC1-report.md §3
D5	chr_musketeer_out	die 播完是否停末帧	count=54	同上	同上	允许的差异（D50 / D97）	同上；D97 定论：BC1-D97 定论（2026-09-22）：原版资源/sc/ 全部 89 个 .sc 逐 export 穷举 5341 条（.ai-tmp/test/BC1-d97-exports.tsv）+ 13 英 / 5 中 die 词表（BC1-d97-words.tsv）零命中⇒ 源内不存在可用 die 帧段 / 导出名（非解析缺陷）；差异登记 D97
D5	chr_musketeer_out	idle	-	按 AnimRanges[idle]=帧号 117..125 播 9 帧	首帧静止(AnimFpsPerDir idle=0 ⇒ Update 早退，不推进) 帧号=117	一致	UnitView.cs:120-127 / 帧段表 §1.3-§3.3
D5	chr_musketeer_out	walk	-	按 AnimRanges[walk]=帧号 9..116 播 108 帧	区间内循环播(帧号 9..116)@13.8fps	一致	UnitView.cs:120-127 / 帧段表 §1.3-§3.3
D5	chr_pekka_out	attack	-	未收录目录:整目录循环 + 首次绑定 Warn 一次(WarnIfUnmapped)	整目录 396 帧循环@attack档默认fps(idle8/walk12/attack14/die10)	允许的差异(无 .sc 可推，已登记)	UnitView.cs:57-62,478-487; 帧段表 §7.1
D5	chr_pekka_out	die	-	未收录目录:整目录循环 + 首次绑定 Warn 一次(WarnIfUnmapped)	整目录 396 帧循环@die档默认fps(idle8/walk12/attack14/die10)	允许的差异（D50 / D97）	UnitView.cs:57-62,478-487; 帧段表 §7.1；单位目录 die 素材源内不存在（BC1-D97 定论（2026-09-22）：原版资源/sc/ 全部 89 个 .sc 逐 export 穷举 5341 条（.ai-tmp/test/BC1-d97-exports.tsv）+ 13 英 / 5 中 die 词表（BC1-d97-words.tsv）零命中⇒ 源内不存在可用 die 帧段 / 导出名（非解析缺陷）；差异登记 D97）；.ai-tmp/test/BC1-report.md §3
D5	chr_pekka_out	idle	-	未收录目录:整目录循环 + 首次绑定 Warn 一次(WarnIfUnmapped)	整目录 396 帧循环@idle档默认fps(idle8/walk12/attack14/die10)	允许的差异(无 .sc 可推，已登记)	UnitView.cs:57-62,478-487; 帧段表 §7.1
D5	chr_pekka_out	walk	-	未收录目录:整目录循环 + 首次绑定 Warn 一次(WarnIfUnmapped)	整目录 396 帧循环@walk档默认fps(idle8/walk12/attack14/die10)	允许的差异(无 .sc 可推，已登记)	UnitView.cs:57-62,478-487; 帧段表 §7.1
D5	chr_prince_out	attack	-	未收录目录:整目录循环 + 首次绑定 Warn 一次(WarnIfUnmapped)	整目录 522 帧循环@attack档默认fps(idle8/walk12/attack14/die10)	允许的差异(无 .sc 可推，已登记)	UnitView.cs:57-62,478-487; 帧段表 §7.1
D5	chr_prince_out	die	-	未收录目录:整目录循环 + 首次绑定 Warn 一次(WarnIfUnmapped)	整目录 522 帧循环@die档默认fps(idle8/walk12/attack14/die10)	允许的差异（D50 / D97）	UnitView.cs:57-62,478-487; 帧段表 §7.1；单位目录 die 素材源内不存在（BC1-D97 定论（2026-09-22）：原版资源/sc/ 全部 89 个 .sc 逐 export 穷举 5341 条（.ai-tmp/test/BC1-d97-exports.tsv）+ 13 英 / 5 中 die 词表（BC1-d97-words.tsv）零命中⇒ 源内不存在可用 die 帧段 / 导出名（非解析缺陷）；差异登记 D97）；.ai-tmp/test/BC1-report.md §3
D5	chr_prince_out	idle	-	未收录目录:整目录循环 + 首次绑定 Warn 一次(WarnIfUnmapped)	整目录 522 帧循环@idle档默认fps(idle8/walk12/attack14/die10)	允许的差异(无 .sc 可推，已登记)	UnitView.cs:57-62,478-487; 帧段表 §7.1
D5	chr_prince_out	walk	-	未收录目录:整目录循环 + 首次绑定 Warn 一次(WarnIfUnmapped)	整目录 522 帧循环@walk档默认fps(idle8/walk12/attack14/die10)	允许的差异(无 .sc 可推，已登记)	UnitView.cs:57-62,478-487; 帧段表 §7.1
D5	chr_princess_out	attack	-	未收录目录:整目录循环 + 首次绑定 Warn 一次(WarnIfUnmapped)	整目录 748 帧循环@attack档默认fps(idle8/walk12/attack14/die10)	允许的差异(无 .sc 可推，已登记)	UnitView.cs:57-62,478-487; 帧段表 §7.1
D5	chr_princess_out	die	-	未收录目录:整目录循环 + 首次绑定 Warn 一次(WarnIfUnmapped)	整目录 748 帧循环@die档默认fps(idle8/walk12/attack14/die10)	允许的差异（D50 / D97）	UnitView.cs:57-62,478-487; 帧段表 §7.1；单位目录 die 素材源内不存在（BC1-D97 定论（2026-09-22）：原版资源/sc/ 全部 89 个 .sc 逐 export 穷举 5341 条（.ai-tmp/test/BC1-d97-exports.tsv）+ 13 英 / 5 中 die 词表（BC1-d97-words.tsv）零命中⇒ 源内不存在可用 die 帧段 / 导出名（非解析缺陷）；差异登记 D97）；.ai-tmp/test/BC1-report.md §3
D5	chr_princess_out	idle	-	未收录目录:整目录循环 + 首次绑定 Warn 一次(WarnIfUnmapped)	整目录 748 帧循环@idle档默认fps(idle8/walk12/attack14/die10)	允许的差异(无 .sc 可推，已登记)	UnitView.cs:57-62,478-487; 帧段表 §7.1
D5	chr_princess_out	walk	-	未收录目录:整目录循环 + 首次绑定 Warn 一次(WarnIfUnmapped)	整目录 748 帧循环@walk档默认fps(idle8/walk12/attack14/die10)	允许的差异(无 .sc 可推，已登记)	UnitView.cs:57-62,478-487; 帧段表 §7.1
D5	chr_royal_giant_out	attack	-	按 UnitAnimTable[chr_royal_giant_out][attack] 段表播 180 帧（段表 [153+99 396+81]）	Known=true：段表 [153+99 396+81]（AT1 口径重出；BC1 生成器三输入交叉核对）⇒ UnitView 按段表区间播，不再回落整目录	一致	UnitAnimTable.cs（BC1 重出 = 54 目录 / 149 档；口径见 .ai-tmp/test/BC1-play-evidence.txt）; 策划/单位帧段表.md §3
D5	chr_royal_giant_out	die	-	未收录目录:整目录循环 + 首次绑定 Warn 一次(WarnIfUnmapped)	整目录 477 帧循环@die档默认fps(idle8/walk12/attack14/die10)	允许的差异（D50 / D97）	UnitView.cs:57-62,478-487; 帧段表 §7.1；单位目录 die 素材源内不存在（BC1-D97 定论（2026-09-22）：原版资源/sc/ 全部 89 个 .sc 逐 export 穷举 5341 条（.ai-tmp/test/BC1-d97-exports.tsv）+ 13 英 / 5 中 die 词表（BC1-d97-words.tsv）零命中⇒ 源内不存在可用 die 帧段 / 导出名（非解析缺陷）；差异登记 D97）；.ai-tmp/test/BC1-report.md §3
D5	chr_royal_giant_out	idle	-	未收录目录:整目录循环 + 首次绑定 Warn 一次(WarnIfUnmapped)	整目录 477 帧循环@idle档默认fps(idle8/walk12/attack14/die10)	允许的差异(无 .sc 可推，已登记)	UnitView.cs:57-62,478-487; 帧段表 §7.1
D5	chr_royal_giant_out	walk	-	未收录目录:整目录循环 + 首次绑定 Warn 一次(WarnIfUnmapped)	整目录 477 帧循环@walk档默认fps(idle8/walk12/attack14/die10)	允许的差异(无 .sc 可推，已登记)	UnitView.cs:57-62,478-487; 帧段表 §7.1
D5	chr_skeleton_out	attack	-	按 UnitAnimTable[chr_skeleton_out][attack] 段表播 45 帧（帧号 72..116）	Known=true：帧号 72..116（AT1 口径重出；BC1 生成器三输入交叉核对）⇒ UnitView 按段表区间播，不再回落整目录	一致	UnitAnimTable.cs（BC1 重出 = 54 目录 / 149 档；口径见 .ai-tmp/test/BC1-play-evidence.txt）; 策划/单位帧段表.md §3
D5	chr_skeleton_out	die	-	未收录目录:整目录循环 + 首次绑定 Warn 一次(WarnIfUnmapped)	整目录 117 帧循环@die档默认fps(idle8/walk12/attack14/die10)	允许的差异（D50 / D97）	UnitView.cs:57-62,478-487; 帧段表 §7.1；单位目录 die 素材源内不存在（BC1-D97 定论（2026-09-22）：原版资源/sc/ 全部 89 个 .sc 逐 export 穷举 5341 条（.ai-tmp/test/BC1-d97-exports.tsv）+ 13 英 / 5 中 die 词表（BC1-d97-words.tsv）零命中⇒ 源内不存在可用 die 帧段 / 导出名（非解析缺陷）；差异登记 D97）；.ai-tmp/test/BC1-report.md §3
D5	chr_skeleton_out	idle	-	未收录目录:整目录循环 + 首次绑定 Warn 一次(WarnIfUnmapped)	整目录 117 帧循环@idle档默认fps(idle8/walk12/attack14/die10)	允许的差异(无 .sc 可推，已登记)	UnitView.cs:57-62,478-487; 帧段表 §7.1
D5	chr_skeleton_out	walk	-	未收录目录:整目录循环 + 首次绑定 Warn 一次(WarnIfUnmapped)	整目录 117 帧循环@walk档默认fps(idle8/walk12/attack14/die10)	允许的差异(无 .sc 可推，已登记)	UnitView.cs:57-62,478-487; 帧段表 §7.1
D5	chr_valkyrie_out	attack	-	未收录目录:整目录循环 + 首次绑定 Warn 一次(WarnIfUnmapped)	整目录 379 帧循环@attack档默认fps(idle8/walk12/attack14/die10)	允许的差异(无 .sc 可推，已登记)	UnitView.cs:57-62,478-487; 帧段表 §7.1
D5	chr_valkyrie_out	die	-	未收录目录:整目录循环 + 首次绑定 Warn 一次(WarnIfUnmapped)	整目录 379 帧循环@die档默认fps(idle8/walk12/attack14/die10)	允许的差异（D50 / D97）	UnitView.cs:57-62,478-487; 帧段表 §7.1；单位目录 die 素材源内不存在（BC1-D97 定论（2026-09-22）：原版资源/sc/ 全部 89 个 .sc 逐 export 穷举 5341 条（.ai-tmp/test/BC1-d97-exports.tsv）+ 13 英 / 5 中 die 词表（BC1-d97-words.tsv）零命中⇒ 源内不存在可用 die 帧段 / 导出名（非解析缺陷）；差异登记 D97）；.ai-tmp/test/BC1-report.md §3
D5	chr_valkyrie_out	idle	-	未收录目录:整目录循环 + 首次绑定 Warn 一次(WarnIfUnmapped)	整目录 379 帧循环@idle档默认fps(idle8/walk12/attack14/die10)	允许的差异(无 .sc 可推，已登记)	UnitView.cs:57-62,478-487; 帧段表 §7.1
D5	chr_valkyrie_out	walk	-	未收录目录:整目录循环 + 首次绑定 Warn 一次(WarnIfUnmapped)	整目录 379 帧循环@walk档默认fps(idle8/walk12/attack14/die10)	允许的差异(无 .sc 可推，已登记)	UnitView.cs:57-62,478-487; 帧段表 §7.1
D5	chr_witch_out	attack	-	未收录目录:整目录循环 + 首次绑定 Warn 一次(WarnIfUnmapped)	整目录 253 帧循环@attack档默认fps(idle8/walk12/attack14/die10)	允许的差异(无 .sc 可推，已登记)	UnitView.cs:57-62,478-487; 帧段表 §7.1
D5	chr_witch_out	die	-	未收录目录:整目录循环 + 首次绑定 Warn 一次(WarnIfUnmapped)	整目录 253 帧循环@die档默认fps(idle8/walk12/attack14/die10)	允许的差异（D50 / D97）	UnitView.cs:57-62,478-487; 帧段表 §7.1；单位目录 die 素材源内不存在（BC1-D97 定论（2026-09-22）：原版资源/sc/ 全部 89 个 .sc 逐 export 穷举 5341 条（.ai-tmp/test/BC1-d97-exports.tsv）+ 13 英 / 5 中 die 词表（BC1-d97-words.tsv）零命中⇒ 源内不存在可用 die 帧段 / 导出名（非解析缺陷）；差异登记 D97）；.ai-tmp/test/BC1-report.md §3
D5	chr_witch_out	idle	-	未收录目录:整目录循环 + 首次绑定 Warn 一次(WarnIfUnmapped)	整目录 253 帧循环@idle档默认fps(idle8/walk12/attack14/die10)	允许的差异(无 .sc 可推，已登记)	UnitView.cs:57-62,478-487; 帧段表 §7.1
D5	chr_witch_out	walk	-	未收录目录:整目录循环 + 首次绑定 Warn 一次(WarnIfUnmapped)	整目录 253 帧循环@walk档默认fps(idle8/walk12/attack14/die10)	允许的差异(无 .sc 可推，已登记)	UnitView.cs:57-62,478-487; 帧段表 §7.1
D5	chr_wizard_out	attack	-	按 UnitAnimTable[chr_wizard_out][attack] 段表播 168 帧（帧号 144..311）	Known=true：帧号 144..311（AT1 口径重出；BC1 生成器三输入交叉核对）⇒ UnitView 按段表区间播，不再回落整目录	一致	UnitAnimTable.cs（BC1 重出 = 54 目录 / 149 档；口径见 .ai-tmp/test/BC1-play-evidence.txt）; 策划/单位帧段表.md §3
D5	chr_wizard_out	die	-	未收录目录:整目录循环 + 首次绑定 Warn 一次(WarnIfUnmapped)	整目录 312 帧循环@die档默认fps(idle8/walk12/attack14/die10)	允许的差异（D50 / D97）	UnitView.cs:57-62,478-487; 帧段表 §7.1；单位目录 die 素材源内不存在（BC1-D97 定论（2026-09-22）：原版资源/sc/ 全部 89 个 .sc 逐 export 穷举 5341 条（.ai-tmp/test/BC1-d97-exports.tsv）+ 13 英 / 5 中 die 词表（BC1-d97-words.tsv）零命中⇒ 源内不存在可用 die 帧段 / 导出名（非解析缺陷）；差异登记 D97）；.ai-tmp/test/BC1-report.md §3
D5	chr_wizard_out	idle	-	未收录目录:整目录循环 + 首次绑定 Warn 一次(WarnIfUnmapped)	整目录 312 帧循环@idle档默认fps(idle8/walk12/attack14/die10)	允许的差异(无 .sc 可推，已登记)	UnitView.cs:57-62,478-487; 帧段表 §7.1
D5	chr_wizard_out	walk	-	未收录目录:整目录循环 + 首次绑定 Warn 一次(WarnIfUnmapped)	整目录 312 帧循环@walk档默认fps(idle8/walk12/attack14/die10)	允许的差异(无 .sc 可推，已登记)	UnitView.cs:57-62,478-487; 帧段表 §7.1
D5	未映射目录(35)	映射不到是否只 Warn 一次	同目录第2次绑定	Warn 仅一次/目录	UnmappedWarned HashSet.Add（每目录一次）；BC1 重出后表内 54 目录（含新收录 9 个）/ 149 档（idle 49 / walk 48 / attack 50 / die 2），仍走整目录回落的未映射 / 无档目录 = 35（与旧表同数，⛔ 未硬填）	一致	UnitView.cs:479-487; .ai-tmp/test/BC1-play-evidence.txt; .ai-tmp/test/BC1-report.md §2
D6	-	卡牌落地召唤特效	出牌落点该有	-	EvSpawn(kind==1) 无特效接线	允许的差异（D78）	AH2-report.md §3 R14（EvSpawn(kind==1) 无接线，登记）
D6	-	每次开火(攻击挥砍)	每种攻击都该有	近战挥砍/远程开火各有表现	无:仅 death/tower/playcard 三类事件接线；平A不播特效	允许的差异（D78）	AH2-report.md §3 R13（无「攻击」事件；effects_out 612 帧无权威帧号↔用途映射 ⇒ 不猜帧号）
D6	Arrow	远程弹道飞行	f440..f459 20帧	从施法者飞到落点、按 proj_speed 定时长	PlayFlight(EffectArrow,440,20,seconds)	一致	BattleViewRoot.cs:704-705
D6	Blast	塔毁(kind==3 EvTowerDestroyed)	爆炸 f418..f427 10帧	在塔位置播 Blast	Play(EffectBlast,418,10)	一致	BattleViewRoot.cs:610-613
D6	EffectsView/池与回收	播完是否销毁/归还	MaxLive=64	播完 Recycle 回 _idle 栈、不 Destroy	Update finished⇒_live.RemoveAt+Recycle(SetActive false+push)	一致	EffectsView.cs:242-247,209-218
D6	EffectsView/池与回收	连发是否堆积	连打30张卡	live 峰值受限、复用池	_live.Count>=MaxLive(64) 超限只 Warn 一次并忽略	一致(硬上限内)	EffectsView.cs:43,149-157
D6	EffectsView/起始帧定位	firstFrame 找不到	目录无对应帧号	从目录头播 + Warn 一次	Spawn 内 for 找 ParseFrameIndex==firstFrame	一致	EffectsView.cs:159-167
D6	EffectsView/锚点	逐帧 pivot 是否跳位	同画布	统一锚点 UnifiedCanvasAnchor	LoadDir(...,UnifiedCanvasAnchor)	一致	EffectsView.cs:146; UnitView.cs:252-254
D6	Hit	单位死亡	同 kind==2	与命中同一套 Hit(不区分命中/死亡)	kind==2 既是命中又是死亡 ⇒ 无法区分	允许的差异（D78）	AH2-report.md §3 R12（协议只有 0..5 六种 kind；特效池只有 Hit/Blast/Arrow 三类 ⇒ 命中/死亡同特效）
D6	Hit	近战命中(kind==2 EvDeath)	命中闪光 f050..f056 7帧	在死亡位置播 Hit@14fps	BattleViewRoot:604-607 调 Play(EffectHit,50,7)	一致	BattleViewRoot.cs:604-607
D6	Hit	远程落点命中(proj_speed<=0 降级)	同 Hit	落点播 Hit	PlayProjectileFlight 降级路径	一致	BattleViewRoot.cs:690
D6	Hit	远程落点距离=0 降级	同 Hit	落点播 Hit	seconds<=0 分支	一致	BattleViewRoot.cs:700
D7	BGM.同站点再来一局	AppFlow.GoTo 早退	靠 Battle.Started 切回对局曲	OnStarted⇒Play(BgmBattle) 覆盖同站点重开	-	一致	BgmView.cs:164-168
D7	BGM.暂停时 BGM 行为	站切 Pause	不换曲、保留对局曲	onStationChanged case Pause: break(不播)	实测：station=Battle→Pause 时 D7.bgmCurrent 仍=Battle/2min_loop_battle_01（不换曲）；代码 BgmView case Pause: break 不播。原版暂停时序无对照数据 ⇒ 记"我方行为一致、原版无对照"	一致	panelStep0（station=Pause 时 bgm 未变）；BgmView.cs:148-150（⚠️ 原版无对照）
D7	BGM.未知站点	新增未接站点	Warn 一次、保持当前曲	_unknownStationWarned 只报一次	-	一致	BgmView.cs:152-160
D7	BGM.资源缺失	BGM 文件不在	Warn 一次、不播	ClipExists 探测 Game.Res.Exists() 只报一次	-	一致	BgmView.cs:211-225
D7	BGM.进图是否停主菜单曲	进图	—	进图停主菜单曲	实测：进图后 bgmCurrent 由 Menu/music_lobby_202606 变为 Battle/2min_loop_battle_01 ⇒ 主菜单曲已停	一致	step0 step4 D7.bgmCurrent 读数
D7	BGM.音量 0 边界	BGM 档=0	静音但仍在播	SetVolume(BGM,0) 应用；PlayBGM 起播音量0	实机经生产链路 `Emit(Events.Settings.BgmVolumeRequest, 0f)`（SettingsManager 订阅处理）后运行时读值：`Game.Sound.GetVolume(SoundGroup.BGM)` **0.37 → 0**（设置前实测 0.37，是本机 settings 里遗留的旧值）；BGM 仍在播（`bgm.currentClip=Battle/2min_loop_battle_01`）	一致	AL3-evidence step20: after SetBgm(0): GetVolume(BGM)=0；SettingsManager.cs:210-213/256-263；.ai-tmp/screenshots/AL3-shots/AL3-bgm0.png
D7	BGM.音量 100 边界	BGM 档=1	满音量	SetVolume(BGM,1) 应用	实机 `Emit(Events.Settings.BgmVolumeRequest, 1f)` 后运行时读值：`GetVolume(BGM)` = **1**（0 → 1）	一致	AL3-evidence step21: after SetBgm(1): GetVolume(BGM)=1；SettingsManager.cs:210-213/256-263；.ai-tmp/screenshots/AL3-shots/AL3-bgm1.png
D7	BGM/Battle	受音量设置控制	Battle	读 SoundGroup.BGM 档	vol=GetVolume(BGM)，不写死	一致	BgmView.cs:200-202; SettingsManager:270-278
D7	BGM/Battle	循环	Battle	loop=true	引擎 PlayBGM 默认 loop	一致	Sound.cs PlayBGM
D7	BGM/Battle	淡入淡出	Battle	fade=0.5s	FadeSeconds=0.5 显式传入	一致	BgmView.cs:62,203
D7	BGM/Battle	离开停	Battle	切到别站⇒引擎自动淡出上一曲	PlayBGM 内部双音源交叉淡出自动停旧	一致	BgmView:182-204; Sound.cs PlayBGM
D7	BGM/Battle	进入播	Battle	站切到该站⇒起播该曲	Play(clip,fade0.5s)	一致	BgmView.OnStationChanged/OnStarted/OnEnded
D7	BGM/Menu	受音量设置控制	Boot/Login/Nickname/MainMenu/Room	读 SoundGroup.BGM 档	vol=GetVolume(BGM)，不写死	一致	BgmView.cs:200-202; SettingsManager:270-278
D7	BGM/Menu	循环	Boot/Login/Nickname/MainMenu/Room	loop=true	引擎 PlayBGM 默认 loop	一致	Sound.cs PlayBGM
D7	BGM/Menu	淡入淡出	Boot/Login/Nickname/MainMenu/Room	fade=0.5s	FadeSeconds=0.5 显式传入	一致	BgmView.cs:62,203
D7	BGM/Menu	离开停	Boot/Login/Nickname/MainMenu/Room	切到别站⇒引擎自动淡出上一曲	PlayBGM 内部双音源交叉淡出自动停旧	一致	BgmView:182-204; Sound.cs PlayBGM
D7	BGM/Menu	进入播	Boot/Login/Nickname/MainMenu/Room	站切到该站⇒起播该曲	Play(clip,fade0.5s)	一致	BgmView.OnStationChanged/OnStarted/OnEnded
D7	BGM/Result	受音量设置控制	Battle.Ended 后	读 SoundGroup.BGM 档	vol=GetVolume(BGM)，不写死	一致	BgmView.cs:200-202; SettingsManager:270-278
D7	BGM/Result	循环	Battle.Ended 后	loop=true	引擎 PlayBGM 默认 loop	一致	Sound.cs PlayBGM
D7	BGM/Result	淡入淡出	Battle.Ended 后	fade=0.5s	FadeSeconds=0.5 显式传入	一致	BgmView.cs:62,203
D7	BGM/Result	离开停	Battle.Ended 后	切到别站⇒引擎自动淡出上一曲	PlayBGM 内部双音源交叉淡出自动停旧	一致	BgmView:182-204; Sound.cs PlayBGM
D7	BGM/Result	进入播	Battle.Ended 后	站切到该站⇒起播该曲	Play(clip,fade0.5s)	一致	BgmView.OnStationChanged/OnStarted/OnEnded
D8	-	UI 悬停音	按钮 hover	原版有 hover 音	无	允许的差异（D79）	AH2-report.md §2 R6（整包无 hover 音，登记）
D8	-	UI 点击音	每个按钮点击	原版有 click 音	无:全工程无 PlaySFX 用于 UI	一致	AH2-report.md §2 R5；client/Logs/2026-09-21.log 21:57:51.982 [CrUiStyle] 播放音效 Ui/button_click_02（本局 3 声）
D8	-	kind==0 出牌/kind==1 生成/kind==5 塔激活	3 个 kind	(协议已定义)	case 0/1/5 显式不播(注释写明)	允许的差异（D79）	AH2-report.md §2 R2/R4 已补（enemy_summon_01 / king_activate_01），R3（kind==1 生成不播）行内登记
D8	-	倒计时最后10秒提示音	timer<=10s	原版有滴答提示	无:倒计时仅文本,HudPanel 无音效挂点	一致	AJ2 复采：注入 phase=0、server_ms=reg-9000/-8000/-7000 ⇒ 客户端连播 3 声 CountdownTick/deploy_timer_tick_01v4（22:27:34.064/.066/.067，对应剩余 9/8/7 s）；策划/对照表.md（AL2 折入行 A55–A63 / C79–C84） C 段 ⇒ D80 已消除
D8	-	卡牌拖起/放下音	BeginDrag/EndDrag	原版有拖放音	无:HudPanel 拖放无音效	一致	AJ2 复采：BadDrop/bad_drop_03（22:11:45.630）+ 日志 22:11:45.631 「放下落点非法」；策划/对照表.md（AL2 折入行 A55–A63 / C79–C84） C 段 ⇒ D80 已消除
D8	-	圣水不足被拒音	出牌费用>圣水	原版有拒绝音	无:仅 ElixirFull 槽，圣水不足无拒绝音	一致	AJ2 复采：HudPanel.BeginDrag 判 elixir<cost ⇒ GrabCard(22:27:23.653) → BadDrop(22:27:23.654)，其后无「放下落点非法」行 ⇒ BeginDrag 分支；策划/对照表.md（AL2 折入行 A55–A63 / C79–C84） C 段 ⇒ D80 已消除
D8	-	平局音	win=false draw=true	-	无:draw 走 Info 不播	一致	AJ2 复采：BattleEndNotify{draw=true} ⇒ 运行时播 Draw/scroll_draw_01（22:11:42.520）；策划/对照表.md（AL2 折入行 A55–A63 / C79–C84） C 段 ⇒ D40 已消除
D8	-	投降音	PausePanel 投降	原版有	无:OnSurrenderClicked 无播音	允许的差异（D79）	AH2-report.md §2 R9（原版无投降专用音，走 UI 点击统一点）
D8	ElixirFull	圣水满	kind==4	ElixirFull/get_elixir_02	case 4⇒Play(ElixirFull)	一致	BattleAudioView.cs:182-184
D8	Hit	命中/死亡	kind==2 EvDeath	Hit/boulder_impact_01	OnBattleEvents case 2⇒Play(Hit)	一致	AH2-report.md §2 R1a/R1b；Logs 21:58:04.301 Death/npc_die_04（死亡）+ Hit/boulder_impact_01（命中）各自独立播放
D8	Lose	对局失败	BattleEndNotify lose	Lose/scroll_lose_01	OnBattleEnded !win⇒Play(Lose)	一致	BattleAudioView.cs:205-223
D8	PlayCard	出牌(己方)	Events.Battle.PlayCardRequest	PlayCard/summon_own_07	OnPlayCardRequest⇒Play(PlayCard)	一致	BattleAudioView.cs:157-160; AudioPaths.cs:44
D8	TowerDown	塔毁	kind==3 EvTowerDestroyed	TowerDown/building_explode_01	case 3⇒Play(TowerDown)	一致	BattleAudioView.cs:177-180
D8	Win	对局胜利	BattleEndNotify win	Win/scroll_win_02	OnBattleEnded win⇒Play(Win)	一致	BattleAudioView.cs:205-223
D9	击退(pushback)	位置	spell Pushback=2000, 半径3000	被推离施法点、建筑不可推 (参考规格§5 击退)	troop 1000→3000; building 不动	一致	cover_offline_test.go:228(实测行见 :247)
D9	国王塔 3×3 不可通行区 (BLUE/RED)	阻塞	(7500,1500)/(10500,4499)边界内; (10500,3000)/(7400,3000)边界外	IsBlocked=true 内为 BLOCKED (参考规格§2 BLOCKED 区)	9 点逐点一致	一致	core_test.go:57
D9	地面单位 × 河面	站位	河面 y=15000/16000/16999	不可站: IsWalkable(...,ground)=false (参考规格§2.1)	三处 ground=false	一致	core_test.go:74
D9	地面单位过河路径	移动	同侧起止跨越河	经最近桥中心(参考规格§5 移动路径)	crossed x 在最近桥心±1格内	一致	battle_test.go:14(TestUnitWalksToBridgeThenAcross)
D9	摧毁公主塔后的口袋区: 不越车道/不吃王塔	落点	右车道 x=14.5; 王塔倒下	右车道不受左塔影响; 王塔倒下不开口袋 (参考规格§2.1)	(14.5,25000)非法; 王塔倒下 (3.5,25000)非法	一致	core_test.go:181
D9	摧毁公主塔后的口袋区: 车道限定	落点	RED左塔(3.5,25.5)倒下 ⇒ BLUE 左车道(bounded by nearest bridge, 含 x=9.0)	该车道扩展至不含该塔所在行 y=25.5 (参考规格§2.1)	(3.5,25000)合法,(3.5,25500)非法,(9.0,25000)合法	一致	core_test.go:144(TestCanDeployPocketAfterPrincessFalls)
D9	斜坡阈值	—	—	不适用: 本项目无斜坡/坡度行走 (参考规格§5 无该条)	不适用	一致(不适用)	参考规格§2/§5 无该机制
D9	桥的可通行范围 BLUE 左桥	通行	x=2500/3500/4499/2499/4500 (y=16000)	桥面[3.5±1]为陆地、外侧一毫格即水 (参考规格§2)	2500/3500/4499 land; 2499/4500 water	一致	cover_offline_test.go:60(TestCoverBridgeSpanWalkable)
D9	桥的可通行范围 右桥	通行	x=13500/15499/13499/15500 (y=16000)	桥面[14.5±1]为陆地、外侧一毫格即水 (参考规格§2)	13500/15499 land; 13499/15500 water	一致	cover_offline_test.go:60
D9	法术 × 河面	落点	河面 y=16000	可落: CanDeploy(onWater=true)=true (参考规格§2.1)	y=16000 spell=true	一致	core_test.go:131
D9	碰撞×角色类型: 地面×地面	重叠	完全重合(0 距离)	同层分离到半径和 (参考规格§5 碰撞)	separated to 1000 (2×radius=1000)	一致	cover_offline_test.go:143(TestCoverCollisionLayers)
D9	碰撞×角色类型: 建筑/塔(不可推)	重叠	兵距建筑500(重叠)	兵让路、建筑不动 (参考规格§5 建筑静止)	wall(9000,8000)不动; 兵推到相距1500	一致	cover_offline_test.go:173(实测行见 :194)
D9	碰撞×角色类型: 法术/投射物	是否可碰撞	投射物在飞行中/法术云已落	二者不是实体、不参与碰撞 (参考规格§5)	projectiles=2 areas=0 但 allEntities 无 KindProjectile	一致	cover_offline_test.go:196(实测行见 :217)
D9	碰撞×角色类型: 飞行×地面	重叠	完全重合	不同层互不碰撞(参考规格§5 空军分层)	distance 保持 0	一致	cover_offline_test.go:160(实测行见 :170)
D9	碰撞×角色类型: 飞行×飞行	重叠	完全重合	同层分离到半径和	separated >= 997 (2radii-touch)	一致	cover_offline_test.go:143
D9	竞技场几何常量(18×32/河y∈[15,17)/桥x=3.5,14.5各宽2)	常量取值	18×32; y=15.0/17.0; x=3.5/14.5	参考规格§2 竞技场几何	TestArenaGeometry PASS; 桥跨 left[2500,4500) right[13500,15500)	一致	server/game/core/core_test.go:13 ; cover_offline_test.go:99(TestCoverBridgeSpanWalkable)
D9	部署区边界 BLUE	落点	y=0/14999/15000/16999/17000	y∈[0,15) 合法、河面与敌方半场非法 (参考规格§2.1)	0/14999 true; 15000/16999/17000 false	一致	cover_offline_test.go:113(TestCoverDeployZoneEdges)
D9	部署区边界 RED	落点	y=16999/17000/31999/32000	y∈[17,32) 合法 (参考规格§2.1)	16999 false; 17000/31999 true; 32000 false	一致	cover_offline_test.go:113
D9	飞行单位直接过河	移动	起点(9.0,1.0)→目标(敵半)	飞行无视地形直穿(参考规格§5 移动)	sawWater=true; 过河 x 不在桥心±1格	一致	server/game/core/battle_test.go:42(TestFlyingUnitIgnoresRiver)
D9	高度带 / 跳跃 / 蹲跃上限	—	—	不适用: 本项目无高度带与跳跃机制 (参考规格§5 无该条)	不适用	一致(不适用)	参考规格§2/§5 无该机制
S1数值	card_cs:archers	elixir ↔官方 cards.json:elixir	3	cards.json:elixir = 3	ours=3 official=3	一致	coverage-enumerate.py (cards.json)
S1数值	card_cs:archers	rarity ↔官方 rarity	Common	cards.json:rarity = Common	ours=Common official=Common	一致	coverage-enumerate.py (cards.json)
S1数值	card_cs:arrows	elixir ↔官方 cards.json:elixir	3	cards.json:elixir = 3	ours=3 official=3	一致	coverage-enumerate.py (cards.json)
S1数值	card_cs:arrows	rarity ↔官方 rarity	Common	cards.json:rarity = Common	ours=Common official=Common	一致	coverage-enumerate.py (cards.json)
S1数值	card_cs:baby-dragon	elixir ↔官方 cards.json:elixir	4	cards.json:elixir = 4	ours=4 official=4	一致	coverage-enumerate.py (cards.json)
S1数值	card_cs:baby-dragon	rarity ↔官方 rarity	Epic	cards.json:rarity = Epic	ours=Epic official=Epic	一致	coverage-enumerate.py (cards.json)
S1数值	card_cs:balloon	elixir ↔官方 cards.json:elixir	5	cards.json:elixir = 5	ours=5 official=5	一致	coverage-enumerate.py (cards.json)
S1数值	card_cs:balloon	rarity ↔官方 rarity	Epic	cards.json:rarity = Epic	ours=Epic official=Epic	一致	coverage-enumerate.py (cards.json)
S1数值	card_cs:bandit	elixir ↔官方 cards.json:elixir	3	cards.json:elixir = 3	ours=3 official=3	一致	coverage-enumerate.py (cards.json)
S1数值	card_cs:bandit	rarity ↔官方 rarity	Legendary	cards.json:rarity = Legendary	ours=Legendary official=Legendary	一致	coverage-enumerate.py (cards.json)
S1数值	card_cs:barbarian-hut	elixir ↔官方 cards.json:elixir	6	cards.json:elixir = 6	ours=6 official=6	一致	coverage-enumerate.py (cards.json)
S1数值	card_cs:barbarian-hut	rarity ↔官方 rarity	Rare	cards.json:rarity = Rare	ours=Rare official=Rare	一致	coverage-enumerate.py (cards.json)
S1数值	card_cs:barbarians	elixir ↔官方 cards.json:elixir	5	cards.json:elixir = 5	ours=5 official=5	一致	coverage-enumerate.py (cards.json)
S1数值	card_cs:barbarians	rarity ↔官方 rarity	Common	cards.json:rarity = Common	ours=Common official=Common	一致	coverage-enumerate.py (cards.json)
S1数值	card_cs:bats	elixir ↔官方 cards.json:elixir	2	cards.json:elixir = 2	ours=2 official=2	一致	coverage-enumerate.py (cards.json)
S1数值	card_cs:bats	rarity ↔官方 rarity	Common	cards.json:rarity = Common	ours=Common official=Common	一致	coverage-enumerate.py (cards.json)
S1数值	card_cs:battle-ram	elixir ↔官方 cards.json:elixir	4	cards.json:elixir = 4	ours=4 official=4	一致	coverage-enumerate.py (cards.json)
S1数值	card_cs:battle-ram	rarity ↔官方 rarity	Rare	cards.json:rarity = Rare	ours=Rare official=Rare	一致	coverage-enumerate.py (cards.json)
S1数值	card_cs:bomb-tower	elixir ↔官方 cards.json:elixir	4	cards.json:elixir = 4	ours=4 official=4	一致	coverage-enumerate.py (cards.json)
S1数值	card_cs:bomb-tower	rarity ↔官方 rarity	Rare	cards.json:rarity = Rare	ours=Rare official=Rare	一致	coverage-enumerate.py (cards.json)
S1数值	card_cs:bomber	elixir ↔官方 cards.json:elixir	2	cards.json:elixir = 2	ours=2 official=2	一致	coverage-enumerate.py (cards.json)
S1数值	card_cs:bomber	rarity ↔官方 rarity	Common	cards.json:rarity = Common	ours=Common official=Common	一致	coverage-enumerate.py (cards.json)
S1数值	card_cs:bowler	elixir ↔官方 cards.json:elixir	5	cards.json:elixir = 5	ours=5 official=5	一致	coverage-enumerate.py (cards.json)
S1数值	card_cs:bowler	rarity ↔官方 rarity	Epic	cards.json:rarity = Epic	ours=Epic official=Epic	一致	coverage-enumerate.py (cards.json)
S1数值	card_cs:cannon	elixir ↔官方 cards.json:elixir	3	cards.json:elixir = 3	ours=3 official=3	一致	coverage-enumerate.py (cards.json)
S1数值	card_cs:cannon	rarity ↔官方 rarity	Common	cards.json:rarity = Common	ours=Common official=Common	一致	coverage-enumerate.py (cards.json)
S1数值	card_cs:cannon-cart	elixir ↔官方 cards.json:elixir	5	cards.json:elixir = 5	ours=5 official=5	一致	coverage-enumerate.py (cards.json)
S1数值	card_cs:cannon-cart	rarity ↔官方 rarity	Epic	cards.json:rarity = Epic	ours=Epic official=Epic	一致	coverage-enumerate.py (cards.json)
S1数值	card_cs:dark-prince	elixir ↔官方 cards.json:elixir	4	cards.json:elixir = 4	ours=4 official=4	一致	coverage-enumerate.py (cards.json)
S1数值	card_cs:dark-prince	rarity ↔官方 rarity	Epic	cards.json:rarity = Epic	ours=Epic official=Epic	一致	coverage-enumerate.py (cards.json)
S1数值	card_cs:dart-goblin	elixir ↔官方 cards.json:elixir	3	cards.json:elixir = 3	ours=3 official=3	一致	coverage-enumerate.py (cards.json)
S1数值	card_cs:dart-goblin	rarity ↔官方 rarity	Rare	cards.json:rarity = Rare	ours=Rare official=Rare	一致	coverage-enumerate.py (cards.json)
S1数值	card_cs:electro-wizard	elixir ↔官方 cards.json:elixir	4	cards.json:elixir = 4	ours=4 official=4	一致	coverage-enumerate.py (cards.json)
S1数值	card_cs:electro-wizard	rarity ↔官方 rarity	Legendary	cards.json:rarity = Legendary	ours=Legendary official=Legendary	一致	coverage-enumerate.py (cards.json)
S1数值	card_cs:elixir-collector	elixir ↔官方 cards.json:elixir	6	cards.json:elixir = 6	ours=6 official=6	一致	coverage-enumerate.py (cards.json)
S1数值	card_cs:elixir-collector	rarity ↔官方 rarity	Rare	cards.json:rarity = Rare	ours=Rare official=Rare	一致	coverage-enumerate.py (cards.json)
S1数值	card_cs:executioner	elixir ↔官方 cards.json:elixir	5	cards.json:elixir = 5	ours=5 official=5	一致	coverage-enumerate.py (cards.json)
S1数值	card_cs:executioner	rarity ↔官方 rarity	Epic	cards.json:rarity = Epic	ours=Epic official=Epic	一致	coverage-enumerate.py (cards.json)
S1数值	card_cs:fire-spirit	elixir ↔官方 cards.json:elixir	1	cards.json:elixir = 1	ours=1 official=1	一致	coverage-enumerate.py (cards.json)
S1数值	card_cs:fire-spirit	rarity ↔官方 rarity	Common	cards.json:rarity = Common	ours=Common official=Common	一致	coverage-enumerate.py (cards.json)
S1数值	card_cs:fireball	elixir ↔官方 cards.json:elixir	4	cards.json:elixir = 4	ours=4 official=4	一致	coverage-enumerate.py (cards.json)
S1数值	card_cs:fireball	rarity ↔官方 rarity	Rare	cards.json:rarity = Rare	ours=Rare official=Rare	一致	coverage-enumerate.py (cards.json)
S1数值	card_cs:freeze	elixir ↔官方 cards.json:elixir	4	cards.json:elixir = 4	ours=4 official=4	一致	coverage-enumerate.py (cards.json)
S1数值	card_cs:freeze	rarity ↔官方 rarity	Epic	cards.json:rarity = Epic	ours=Epic official=Epic	一致	coverage-enumerate.py (cards.json)
S1数值	card_cs:giant	elixir ↔官方 cards.json:elixir	5	cards.json:elixir = 5	ours=5 official=5	一致	coverage-enumerate.py (cards.json)
S1数值	card_cs:giant	rarity ↔官方 rarity	Rare	cards.json:rarity = Rare	ours=Rare official=Rare	一致	coverage-enumerate.py (cards.json)
S1数值	card_cs:giant-skeleton	elixir ↔官方 cards.json:elixir	6	cards.json:elixir = 6	ours=6 official=6	一致	coverage-enumerate.py (cards.json)
S1数值	card_cs:giant-skeleton	rarity ↔官方 rarity	Epic	cards.json:rarity = Epic	ours=Epic official=Epic	一致	coverage-enumerate.py (cards.json)
S1数值	card_cs:goblin-barrel	elixir ↔官方 cards.json:elixir	3	cards.json:elixir = 3	ours=3 official=3	一致	coverage-enumerate.py (cards.json)
S1数值	card_cs:goblin-barrel	rarity ↔官方 rarity	Epic	cards.json:rarity = Epic	ours=Epic official=Epic	一致	coverage-enumerate.py (cards.json)
S1数值	card_cs:goblin-hut	elixir ↔官方 cards.json:elixir	5	cards.json:elixir = 5	ours=5 official=5	一致	coverage-enumerate.py (cards.json)
S1数值	card_cs:goblin-hut	rarity ↔官方 rarity	Rare	cards.json:rarity = Rare	ours=Rare official=Rare	一致	coverage-enumerate.py (cards.json)
S1数值	card_cs:goblins	elixir ↔官方 cards.json:elixir	2	cards.json:elixir = 2	ours=2 official=2	一致	coverage-enumerate.py (cards.json)
S1数值	card_cs:goblins	rarity ↔官方 rarity	Common	cards.json:rarity = Common	ours=Common official=Common	一致	coverage-enumerate.py (cards.json)
S1数值	card_cs:hog-rider	elixir ↔官方 cards.json:elixir	4	cards.json:elixir = 4	ours=4 official=4	一致	coverage-enumerate.py (cards.json)
S1数值	card_cs:hog-rider	rarity ↔官方 rarity	Rare	cards.json:rarity = Rare	ours=Rare official=Rare	一致	coverage-enumerate.py (cards.json)
S1数值	card_cs:ice-spirit	elixir ↔官方 cards.json:elixir	1	cards.json:elixir = 1	ours=1 official=1	一致	coverage-enumerate.py (cards.json)
S1数值	card_cs:ice-spirit	rarity ↔官方 rarity	Common	cards.json:rarity = Common	ours=Common official=Common	一致	coverage-enumerate.py (cards.json)
S1数值	card_cs:ice-wizard	elixir ↔官方 cards.json:elixir	3	cards.json:elixir = 3	ours=3 official=3	一致	coverage-enumerate.py (cards.json)
S1数值	card_cs:ice-wizard	rarity ↔官方 rarity	Legendary	cards.json:rarity = Legendary	ours=Legendary official=Legendary	一致	coverage-enumerate.py (cards.json)
S1数值	card_cs:inferno-tower	elixir ↔官方 cards.json:elixir	5	cards.json:elixir = 5	ours=5 official=5	一致	coverage-enumerate.py (cards.json)
S1数值	card_cs:inferno-tower	rarity ↔官方 rarity	Rare	cards.json:rarity = Rare	ours=Rare official=Rare	一致	coverage-enumerate.py (cards.json)
S1数值	card_cs:knight	elixir ↔官方 cards.json:elixir	3	cards.json:elixir = 3	ours=3 official=3	一致	coverage-enumerate.py (cards.json)
S1数值	card_cs:knight	rarity ↔官方 rarity	Common	cards.json:rarity = Common	ours=Common official=Common	一致	coverage-enumerate.py (cards.json)
S1数值	card_cs:lava-hound	elixir ↔官方 cards.json:elixir	7	cards.json:elixir = 7	ours=7 official=7	一致	coverage-enumerate.py (cards.json)
S1数值	card_cs:lava-hound	rarity ↔官方 rarity	Legendary	cards.json:rarity = Legendary	ours=Legendary official=Legendary	一致	coverage-enumerate.py (cards.json)
S1数值	card_cs:lightning	elixir ↔官方 cards.json:elixir	6	cards.json:elixir = 6	ours=6 official=6	一致	coverage-enumerate.py (cards.json)
S1数值	card_cs:lightning	rarity ↔官方 rarity	Epic	cards.json:rarity = Epic	ours=Epic official=Epic	一致	coverage-enumerate.py (cards.json)
S1数值	card_cs:mega-knight	elixir ↔官方 cards.json:elixir	7	cards.json:elixir = 7	ours=7 official=7	一致	coverage-enumerate.py (cards.json)
S1数值	card_cs:mega-knight	rarity ↔官方 rarity	Legendary	cards.json:rarity = Legendary	ours=Legendary official=Legendary	一致	coverage-enumerate.py (cards.json)
S1数值	card_cs:mega-minion	elixir ↔官方 cards.json:elixir	3	cards.json:elixir = 3	ours=3 official=3	一致	coverage-enumerate.py (cards.json)
S1数值	card_cs:mega-minion	rarity ↔官方 rarity	Rare	cards.json:rarity = Rare	ours=Rare official=Rare	一致	coverage-enumerate.py (cards.json)
S1数值	card_cs:miner	elixir ↔官方 cards.json:elixir	3	cards.json:elixir = 3	ours=3 official=3	一致	coverage-enumerate.py (cards.json)
S1数值	card_cs:miner	rarity ↔官方 rarity	Legendary	cards.json:rarity = Legendary	ours=Legendary official=Legendary	一致	coverage-enumerate.py (cards.json)
S1数值	card_cs:mini-pekka	elixir ↔官方 cards.json:elixir	4	cards.json:elixir = 4	ours=4 official=4	一致	coverage-enumerate.py (cards.json)
S1数值	card_cs:mini-pekka	rarity ↔官方 rarity	Rare	cards.json:rarity = Rare	ours=Rare official=Rare	一致	coverage-enumerate.py (cards.json)
S1数值	card_cs:minion-horde	elixir ↔官方 cards.json:elixir	5	cards.json:elixir = 5	ours=5 official=5	一致	coverage-enumerate.py (cards.json)
S1数值	card_cs:minion-horde	rarity ↔官方 rarity	Common	cards.json:rarity = Common	ours=Common official=Common	一致	coverage-enumerate.py (cards.json)
S1数值	card_cs:minions	elixir ↔官方 cards.json:elixir	3	cards.json:elixir = 3	ours=3 official=3	一致	coverage-enumerate.py (cards.json)
S1数值	card_cs:minions	rarity ↔官方 rarity	Common	cards.json:rarity = Common	ours=Common official=Common	一致	coverage-enumerate.py (cards.json)
S1数值	card_cs:mortar	elixir ↔官方 cards.json:elixir	4	cards.json:elixir = 4	ours=4 official=4	一致	coverage-enumerate.py (cards.json)
S1数值	card_cs:mortar	rarity ↔官方 rarity	Common	cards.json:rarity = Common	ours=Common official=Common	一致	coverage-enumerate.py (cards.json)
S1数值	card_cs:musketeer	elixir ↔官方 cards.json:elixir	4	cards.json:elixir = 4	ours=4 official=4	一致	coverage-enumerate.py (cards.json)
S1数值	card_cs:musketeer	rarity ↔官方 rarity	Rare	cards.json:rarity = Rare	ours=Rare official=Rare	一致	coverage-enumerate.py (cards.json)
S1数值	card_cs:pekka	elixir ↔官方 cards.json:elixir	7	cards.json:elixir = 7	ours=7 official=7	一致	coverage-enumerate.py (cards.json)
S1数值	card_cs:pekka	rarity ↔官方 rarity	Epic	cards.json:rarity = Epic	ours=Epic official=Epic	一致	coverage-enumerate.py (cards.json)
S1数值	card_cs:poison	elixir ↔官方 cards.json:elixir	4	cards.json:elixir = 4	ours=4 official=4	一致	coverage-enumerate.py (cards.json)
S1数值	card_cs:poison	rarity ↔官方 rarity	Epic	cards.json:rarity = Epic	ours=Epic official=Epic	一致	coverage-enumerate.py (cards.json)
S1数值	card_cs:prince	elixir ↔官方 cards.json:elixir	5	cards.json:elixir = 5	ours=5 official=5	一致	coverage-enumerate.py (cards.json)
S1数值	card_cs:prince	rarity ↔官方 rarity	Epic	cards.json:rarity = Epic	ours=Epic official=Epic	一致	coverage-enumerate.py (cards.json)
S1数值	card_cs:princess	elixir ↔官方 cards.json:elixir	3	cards.json:elixir = 3	ours=3 official=3	一致	coverage-enumerate.py (cards.json)
S1数值	card_cs:princess	rarity ↔官方 rarity	Legendary	cards.json:rarity = Legendary	ours=Legendary official=Legendary	一致	coverage-enumerate.py (cards.json)
S1数值	card_cs:rage	elixir ↔官方 cards.json:elixir	2	cards.json:elixir = 2	ours=2 official=2	一致	coverage-enumerate.py (cards.json)
S1数值	card_cs:rage	rarity ↔官方 rarity	Epic	cards.json:rarity = Epic	ours=Epic official=Epic	一致	coverage-enumerate.py (cards.json)
S1数值	card_cs:rocket	elixir ↔官方 cards.json:elixir	6	cards.json:elixir = 6	ours=6 official=6	一致	coverage-enumerate.py (cards.json)
S1数值	card_cs:rocket	rarity ↔官方 rarity	Rare	cards.json:rarity = Rare	ours=Rare official=Rare	一致	coverage-enumerate.py (cards.json)
S1数值	card_cs:royal-giant	elixir ↔官方 cards.json:elixir	6	cards.json:elixir = 6	ours=6 official=6	一致	coverage-enumerate.py (cards.json)
S1数值	card_cs:royal-giant	rarity ↔官方 rarity	Common	cards.json:rarity = Common	ours=Common official=Common	一致	coverage-enumerate.py (cards.json)
S1数值	card_cs:skeleton-army	elixir ↔官方 cards.json:elixir	3	cards.json:elixir = 3	ours=3 official=3	一致	coverage-enumerate.py (cards.json)
S1数值	card_cs:skeleton-army	rarity ↔官方 rarity	Epic	cards.json:rarity = Epic	ours=Epic official=Epic	一致	coverage-enumerate.py (cards.json)
S1数值	card_cs:skeletons	elixir ↔官方 cards.json:elixir	1	cards.json:elixir = 1	ours=1 official=1	一致	coverage-enumerate.py (cards.json)
S1数值	card_cs:skeletons	rarity ↔官方 rarity	Common	cards.json:rarity = Common	ours=Common official=Common	一致	coverage-enumerate.py (cards.json)
S1数值	card_cs:spear-goblins	elixir ↔官方 cards.json:elixir	2	cards.json:elixir = 2	ours=2 official=2	一致	coverage-enumerate.py (cards.json)
S1数值	card_cs:spear-goblins	rarity ↔官方 rarity	Common	cards.json:rarity = Common	ours=Common official=Common	一致	coverage-enumerate.py (cards.json)
S1数值	card_cs:tesla	elixir ↔官方 cards.json:elixir	4	cards.json:elixir = 4	ours=4 official=4	一致	coverage-enumerate.py (cards.json)
S1数值	card_cs:tesla	rarity ↔官方 rarity	Common	cards.json:rarity = Common	ours=Common official=Common	一致	coverage-enumerate.py (cards.json)
S1数值	card_cs:the-log	elixir ↔官方 cards.json:elixir	2	cards.json:elixir = 2	ours=2 official=2	一致	coverage-enumerate.py (cards.json)
S1数值	card_cs:the-log	rarity ↔官方 rarity	Legendary	cards.json:rarity = Legendary	ours=Legendary official=Legendary	一致	coverage-enumerate.py (cards.json)
S1数值	card_cs:tombstone	elixir ↔官方 cards.json:elixir	3	cards.json:elixir = 3	ours=3 official=3	一致	coverage-enumerate.py (cards.json)
S1数值	card_cs:tombstone	rarity ↔官方 rarity	Rare	cards.json:rarity = Rare	ours=Rare official=Rare	一致	coverage-enumerate.py (cards.json)
S1数值	card_cs:valkyrie	elixir ↔官方 cards.json:elixir	4	cards.json:elixir = 4	ours=4 official=4	一致	coverage-enumerate.py (cards.json)
S1数值	card_cs:valkyrie	rarity ↔官方 rarity	Rare	cards.json:rarity = Rare	ours=Rare official=Rare	一致	coverage-enumerate.py (cards.json)
S1数值	card_cs:witch	elixir ↔官方 cards.json:elixir	5	cards.json:elixir = 5	ours=5 official=5	一致	coverage-enumerate.py (cards.json)
S1数值	card_cs:witch	rarity ↔官方 rarity	Epic	cards.json:rarity = Epic	ours=Epic official=Epic	一致	coverage-enumerate.py (cards.json)
S1数值	card_cs:wizard	elixir ↔官方 cards.json:elixir	5	cards.json:elixir = 5	ours=5 official=5	一致	coverage-enumerate.py (cards.json)
S1数值	card_cs:wizard	rarity ↔官方 rarity	Rare	cards.json:rarity = Rare	ours=Rare official=Rare	一致	coverage-enumerate.py (cards.json)
S1数值	card_cs:x-bow	elixir ↔官方 cards.json:elixir	6	cards.json:elixir = 6	ours=6 official=6	一致	coverage-enumerate.py (cards.json)
S1数值	card_cs:x-bow	rarity ↔官方 rarity	Epic	cards.json:rarity = Epic	ours=Epic official=Epic	一致	coverage-enumerate.py (cards.json)
S1数值	card_cs:zap	elixir ↔官方 cards.json:elixir	2	cards.json:elixir = 2	ours=2 official=2	一致	coverage-enumerate.py (cards.json)
S1数值	card_cs:zap	rarity ↔官方 rarity	Common	cards.json:rarity = Common	ours=Common official=Common	一致	coverage-enumerate.py (cards.json)
S1数值	spell_cs:arrows	elixir ↔官方 cards.json:elixir	3	cards.json:mana_cost = 3	ours=3 official=3	一致	coverage-enumerate.py (cards.json)
S1数值	spell_cs:fireball	elixir ↔官方 cards.json:elixir	4	cards.json:mana_cost = 4	ours=4 official=4	一致	coverage-enumerate.py (cards.json)
S1数值	spell_cs:freeze	elixir ↔官方 cards.json:elixir	4	cards.json:mana_cost = 4	ours=4 official=4	一致	coverage-enumerate.py (cards.json)
S1数值	spell_cs:goblin-barrel	elixir ↔官方 cards.json:elixir	3	cards.json:mana_cost = 3	ours=3 official=3	一致	coverage-enumerate.py (cards.json)
S1数值	spell_cs:lightning	elixir ↔官方 cards.json:elixir	6	cards.json:mana_cost = 6	ours=6 official=6	一致	coverage-enumerate.py (cards.json)
S1数值	spell_cs:poison	elixir ↔官方 cards.json:elixir	4	cards.json:mana_cost = 4	ours=4 official=4	一致	coverage-enumerate.py (cards.json)
S1数值	spell_cs:rage	elixir ↔官方 cards.json:elixir	2	cards.json:mana_cost = 2	ours=2 official=2	一致	coverage-enumerate.py (cards.json)
S1数值	spell_cs:rocket	elixir ↔官方 cards.json:elixir	6	cards.json:mana_cost = 6	ours=6 official=6	一致	coverage-enumerate.py (cards.json)
S1数值	spell_cs:the-log	elixir ↔官方 cards.json:elixir	2	cards.json:mana_cost = 2	ours=2 official=2	一致	coverage-enumerate.py (cards.json)
S1数值	spell_cs:zap	elixir ↔官方 cards.json:elixir	2	cards.json:mana_cost = 2	ours=2 official=2	一致	coverage-enumerate.py (cards.json)
S1数值	unit_cs:Archer	aoe_radius_mt ↔ 官方 area_damage_radius	0	Archer:area_damage_radius = 0	ours=0 official=0	一致	coverage-enumerate.py (cards_stats_* / rarities)
S1数值	unit_cs:Archer	atk_air ↔ 官方 attacks_air	1	Archer:attacks_air = 1	ours=1 official=1	一致	coverage-enumerate.py (cards_stats_* / rarities)
S1数值	unit_cs:Archer	atk_ground ↔ 官方 attacks_ground	1	Archer:attacks_ground = 1	ours=1 official=1	一致	coverage-enumerate.py (cards_stats_* / rarities)
S1数值	unit_cs:Archer	damage ↔ 官方 damage_per_level	107	Archer:damage_per_level = 107	ours=107 official=107	一致	coverage-enumerate.py (cards_stats_* / rarities)
S1数值	unit_cs:Archer	death_aoe_radius_mt ↔ 官方 death_damage_radius	0	Archer:death_damage_radius = 0	ours=0 official=0	一致	coverage-enumerate.py (cards_stats_* / rarities)
S1数值	unit_cs:Archer	death_damage ↔ 官方 death_damage	0	Archer:death_damage = 0	ours=0 official=0	一致	coverage-enumerate.py (cards_stats_* / rarities)
S1数值	unit_cs:Archer	death_spawn_n ↔ 官方 death_spawn_count	0	Archer:death_spawn_count = 0	ours=0 official=0	一致	coverage-enumerate.py (cards_stats_* / rarities)
S1数值	unit_cs:Archer	deploy_ms ↔ 官方 deploy_time	1000	Archer:deploy_time = 1000	ours=1000 official=1000	一致	coverage-enumerate.py (cards_stats_* / rarities)
S1数值	unit_cs:Archer	flying ↔ 官方 flying_height	0	Archer:flying_height = 0	ours=0 official=0	一致	coverage-enumerate.py (cards_stats_* / rarities)
S1数值	unit_cs:Archer	hit_speed_ms ↔ 官方 hit_speed	900	Archer:hit_speed = 900	ours=900 official=900	一致	coverage-enumerate.py (cards_stats_* / rarities)
S1数值	unit_cs:Archer	hp ↔ 官方 hitpoints_per_level	304	Archer:hitpoints_per_level = 304	ours=304 official=304	一致	coverage-enumerate.py (cards_stats_* / rarities)
S1数值	unit_cs:Archer	id (本项目自定列)	-	本项目自定：id	ours=26020003	允许的差异(本项目自定列)	差异登记 D22 / docs/步骤文档.md §4.2
S1数值	unit_cs:Archer	key (本项目自定列)	-	本项目自定：key	ours=Archer	允许的差异(本项目自定列)	差异登记 D22 / docs/步骤文档.md §4.2
S1数值	unit_cs:Archer	kind (本项目自定列)	-	本项目自定：kind	ours=0	允许的差异(本项目自定列)	差异登记 D22 / docs/步骤文档.md §4.2
S1数值	unit_cs:Archer	life_ms ↔ 官方 life_time	0	Archer:life_time = 0	ours=0 official=0	一致	coverage-enumerate.py (cards_stats_* / rarities)
S1数值	unit_cs:Archer	load_time_ms ↔ 官方 load_time	400	Archer:load_time = 400	ours=400 official=400	一致	coverage-enumerate.py (cards_stats_* / rarities)
S1数值	unit_cs:Archer	mass ↔ 官方 mass	3	Archer:mass = 3	ours=3 official=3	一致	coverage-enumerate.py (cards_stats_* / rarities)
S1数值	unit_cs:Archer	name_cn (本项目自定列)	-	本项目自定：name_cn	ours=	允许的差异(本项目自定列)	差异登记 D22 / docs/步骤文档.md §4.2
S1数值	unit_cs:Archer	only_buildings ↔ 官方 target_only_buildings	0	Archer:target_only_buildings = 0	ours=0 official=0	一致	coverage-enumerate.py (cards_stats_* / rarities)
S1数值	unit_cs:Archer	only_towers ↔ 官方 target_only_towers	0	Archer:target_only_towers = 0	ours=0 official=0	一致	coverage-enumerate.py (cards_stats_* / rarities)
S1数值	unit_cs:Archer	only_troops ↔ 官方 target_only_troops	0	Archer:target_only_troops = 0	ours=0 official=0	一致	coverage-enumerate.py (cards_stats_* / rarities)
S1数值	unit_cs:Archer	projectile_key ↔ 官方 custom_first_projectile/projectile	ArcherArrow	Archer:custom_first_projectile/projectile = ArcherArrow	ours=ArcherArrow official=ArcherArrow	一致	coverage-enumerate.py (cards_stats_* / rarities)
S1数值	unit_cs:Archer	radius_mt ↔ 官方 collision_radius	500	Archer:collision_radius = 500	ours=500 official=500	一致	coverage-enumerate.py (cards_stats_* / rarities)
S1数值	unit_cs:Archer	range_mt ↔ 官方 range	5000	Archer:range = 5000	ours=5000 official=5000	一致	coverage-enumerate.py (cards_stats_* / rarities)
S1数值	unit_cs:Archer	sight_mt ↔ 官方 sight_range	5500	Archer:sight_range = 5500	ours=5500 official=5500	一致	coverage-enumerate.py (cards_stats_* / rarities)
S1数值	unit_cs:Archer	spawn_interval_ms ↔ 官方 spawn_interval/spawn_pause_time	0	Archer:spawn_interval/spawn_pause_time = 0	ours=0 official=0	一致	coverage-enumerate.py (cards_stats_* / rarities)
S1数值	unit_cs:Archer	spawn_limit ↔ 官方 spawn_limit	0	Archer:spawn_limit = 0	ours=0 official=0	一致	coverage-enumerate.py (cards_stats_* / rarities)
S1数值	unit_cs:Archer	spawn_n ↔ 官方 spawn_number	0	Archer:spawn_number = 0	ours=0 official=0	一致	coverage-enumerate.py (cards_stats_* / rarities)
S1数值	unit_cs:Archer	spawn_radius_mt ↔ 官方 spawn_radius	0	Archer:spawn_radius = 0	ours=0 official=0	一致	coverage-enumerate.py (cards_stats_* / rarities)
S1数值	unit_cs:Archer	speed ↔ 官方 speed	60	Archer:speed = 60	ours=60 official=60	一致	coverage-enumerate.py (cards_stats_* / rarities)
S1数值	unit_cs:Archer	sprite_dir (本项目自定列)	-	本项目自定：sprite_dir	ours=chr_archer_out	允许的差异(本项目自定列)	差异登记 D22 / docs/步骤文档.md §4.2
S1数值	unit_cs:Archer	summon_deploy_delay_ms (本项目自定列)	-	本项目自定：summon_deploy_delay_ms	ours=0	允许的差异(本项目自定列)	差异登记 D22 / docs/步骤文档.md §4.2
S1数值	unit_cs:Archer	summon_key (本项目自定列)	-	本项目自定：summon_key	ours=	允许的差异(本项目自定列)	差异登记 D22 / docs/步骤文档.md §4.2
S1数值	unit_cs:Archer	summon_n (本项目自定列)	-	本项目自定：summon_n	ours=0	允许的差异(本项目自定列)	差异登记 D22 / docs/步骤文档.md §4.2
S1数值	unit_cs:Archer	summon_radius_mt (本项目自定列)	-	本项目自定：summon_radius_mt	ours=0	允许的差异(本项目自定列)	差异登记 D22 / docs/步骤文档.md §4.2
S1数值	unit_cs:ArcherArrow	damage ↔ 官方 damage_per_level	107	ArcherArrow:damage_per_level = 107	ours=107 official=107	一致	coverage-enumerate.py (cards_stats_* / rarities)
S1数值	unit_cs:ArcherArrow	id (本项目自定列)	-	本项目自定：id	ours=26020060	允许的差异(本项目自定列)	差异登记 D22 / docs/步骤文档.md §4.2
S1数值	unit_cs:ArcherArrow	key (本项目自定列)	-	本项目自定：key	ours=ArcherArrow	允许的差异(本项目自定列)	差异登记 D22 / docs/步骤文档.md §4.2
S1数值	unit_cs:ArcherArrow	kind (本项目自定列)	-	本项目自定：kind	ours=3	允许的差异(本项目自定列)	差异登记 D22 / docs/步骤文档.md §4.2
S1数值	unit_cs:ArcherArrow	name_cn (本项目自定列)	-	本项目自定：name_cn	ours=	允许的差异(本项目自定列)	差异登记 D22 / docs/步骤文档.md §4.2
S1数值	unit_cs:ArcherArrow	spawn_interval_ms ↔ 官方 spawn_interval/spawn_pause_time	0	ArcherArrow:spawn_interval/spawn_pause_time = 0	ours=0 official=0	一致	coverage-enumerate.py (cards_stats_* / rarities)
S1数值	unit_cs:ArcherArrow	speed ↔ 官方 speed	600	ArcherArrow:speed = 600	ours=600 official=600	一致	coverage-enumerate.py (cards_stats_* / rarities)
S1数值	unit_cs:ArcherArrow	sprite_dir (本项目自定列)	-	本项目自定：sprite_dir	ours=	允许的差异(本项目自定列)	差异登记 D22 / docs/步骤文档.md §4.2
S1数值	unit_cs:ArcherArrow	summon_deploy_delay_ms (本项目自定列)	-	本项目自定：summon_deploy_delay_ms	ours=0	允许的差异(本项目自定列)	差异登记 D22 / docs/步骤文档.md §4.2
S1数值	unit_cs:ArcherArrow	summon_key (本项目自定列)	-	本项目自定：summon_key	ours=	允许的差异(本项目自定列)	差异登记 D22 / docs/步骤文档.md §4.2
S1数值	unit_cs:ArcherArrow	summon_n (本项目自定列)	-	本项目自定：summon_n	ours=0	允许的差异(本项目自定列)	差异登记 D22 / docs/步骤文档.md §4.2
S1数值	unit_cs:ArcherArrow	summon_radius_mt (本项目自定列)	-	本项目自定：summon_radius_mt	ours=0	允许的差异(本项目自定列)	差异登记 D22 / docs/步骤文档.md §4.2
S1数值	unit_cs:AxeManProjectile	damage ↔ 官方 damage_per_level	169	AxeManProjectile:damage_per_level = 169	ours=169 official=169	一致	coverage-enumerate.py (cards_stats_* / rarities)
S1数值	unit_cs:AxeManProjectile	id (本项目自定列)	-	本项目自定：id	ours=26020080	允许的差异(本项目自定列)	差异登记 D22 / docs/步骤文档.md §4.2
S1数值	unit_cs:AxeManProjectile	key (本项目自定列)	-	本项目自定：key	ours=AxeManProjectile	允许的差异(本项目自定列)	差异登记 D22 / docs/步骤文档.md §4.2
S1数值	unit_cs:AxeManProjectile	kind (本项目自定列)	-	本项目自定：kind	ours=3	允许的差异(本项目自定列)	差异登记 D22 / docs/步骤文档.md §4.2
S1数值	unit_cs:AxeManProjectile	name_cn (本项目自定列)	-	本项目自定：name_cn	ours=	允许的差异(本项目自定列)	差异登记 D22 / docs/步骤文档.md §4.2
S1数值	unit_cs:AxeManProjectile	radius_mt ↔ 官方 collision_radius	1000	AxeManProjectile:collision_radius = 1000	ours=1000 official=1000	一致	coverage-enumerate.py (cards_stats_* / rarities)
S1数值	unit_cs:AxeManProjectile	spawn_interval_ms ↔ 官方 spawn_interval/spawn_pause_time	0	AxeManProjectile:spawn_interval/spawn_pause_time = 0	ours=0 official=0	一致	coverage-enumerate.py (cards_stats_* / rarities)
S1数值	unit_cs:AxeManProjectile	speed ↔ 官方 speed	550	AxeManProjectile:speed = 550	ours=550 official=550	一致	coverage-enumerate.py (cards_stats_* / rarities)
S1数值	unit_cs:AxeManProjectile	sprite_dir (本项目自定列)	-	本项目自定：sprite_dir	ours=	允许的差异(本项目自定列)	差异登记 D22 / docs/步骤文档.md §4.2
S1数值	unit_cs:AxeManProjectile	summon_deploy_delay_ms (本项目自定列)	-	本项目自定：summon_deploy_delay_ms	ours=0	允许的差异(本项目自定列)	差异登记 D22 / docs/步骤文档.md §4.2
S1数值	unit_cs:AxeManProjectile	summon_key (本项目自定列)	-	本项目自定：summon_key	ours=	允许的差异(本项目自定列)	差异登记 D22 / docs/步骤文档.md §4.2
S1数值	unit_cs:AxeManProjectile	summon_n (本项目自定列)	-	本项目自定：summon_n	ours=0	允许的差异(本项目自定列)	差异登记 D22 / docs/步骤文档.md §4.2
S1数值	unit_cs:AxeManProjectile	summon_radius_mt (本项目自定列)	-	本项目自定：summon_radius_mt	ours=0	允许的差异(本项目自定列)	差异登记 D22 / docs/步骤文档.md §4.2
S1数值	unit_cs:BabyDragonProjectile	damage ↔ 官方 damage_per_level	160	BabyDragonProjectile:damage_per_level = 160	ours=160 official=160	一致	coverage-enumerate.py (cards_stats_* / rarities)
S1数值	unit_cs:BabyDragonProjectile	id (本项目自定列)	-	本项目自定：id	ours=26020067	允许的差异(本项目自定列)	差异登记 D22 / docs/步骤文档.md §4.2
S1数值	unit_cs:BabyDragonProjectile	key (本项目自定列)	-	本项目自定：key	ours=BabyDragonProjectile	允许的差异(本项目自定列)	差异登记 D22 / docs/步骤文档.md §4.2
S1数值	unit_cs:BabyDragonProjectile	kind (本项目自定列)	-	本项目自定：kind	ours=3	允许的差异(本项目自定列)	差异登记 D22 / docs/步骤文档.md §4.2
S1数值	unit_cs:BabyDragonProjectile	name_cn (本项目自定列)	-	本项目自定：name_cn	ours=	允许的差异(本项目自定列)	差异登记 D22 / docs/步骤文档.md §4.2
S1数值	unit_cs:BabyDragonProjectile	radius_mt ↔ 官方 collision_radius	1200	BabyDragonProjectile:collision_radius = 1200	ours=1200 official=1200	一致	coverage-enumerate.py (cards_stats_* / rarities)
S1数值	unit_cs:BabyDragonProjectile	spawn_interval_ms ↔ 官方 spawn_interval/spawn_pause_time	0	BabyDragonProjectile:spawn_interval/spawn_pause_time = 0	ours=0 official=0	一致	coverage-enumerate.py (cards_stats_* / rarities)
S1数值	unit_cs:BabyDragonProjectile	speed ↔ 官方 speed	500	BabyDragonProjectile:speed = 500	ours=500 official=500	一致	coverage-enumerate.py (cards_stats_* / rarities)
S1数值	unit_cs:BabyDragonProjectile	sprite_dir (本项目自定列)	-	本项目自定：sprite_dir	ours=	允许的差异(本项目自定列)	差异登记 D22 / docs/步骤文档.md §4.2
S1数值	unit_cs:BabyDragonProjectile	summon_deploy_delay_ms (本项目自定列)	-	本项目自定：summon_deploy_delay_ms	ours=0	允许的差异(本项目自定列)	差异登记 D22 / docs/步骤文档.md §4.2
S1数值	unit_cs:BabyDragonProjectile	summon_key (本项目自定列)	-	本项目自定：summon_key	ours=	允许的差异(本项目自定列)	差异登记 D22 / docs/步骤文档.md §4.2
S1数值	unit_cs:BabyDragonProjectile	summon_n (本项目自定列)	-	本项目自定：summon_n	ours=0	允许的差异(本项目自定列)	差异登记 D22 / docs/步骤文档.md §4.2
S1数值	unit_cs:BabyDragonProjectile	summon_radius_mt (本项目自定列)	-	本项目自定：summon_radius_mt	ours=0	允许的差异(本项目自定列)	差异登记 D22 / docs/步骤文档.md §4.2
S1数值	unit_cs:BalloonBomb	aoe_radius_mt ↔ 官方 area_damage_radius	0	BalloonBomb:area_damage_radius = 0	ours=0 official=0	一致	coverage-enumerate.py (cards_stats_* / rarities)
S1数值	unit_cs:BalloonBomb	atk_air ↔ 官方 attacks_air	1	BalloonBomb:attacks_air = 1	ours=1 official=1	一致	coverage-enumerate.py (cards_stats_* / rarities)
S1数值	unit_cs:BalloonBomb	atk_ground ↔ 官方 attacks_ground	1	BalloonBomb:attacks_ground = 1	ours=1 official=1	一致	coverage-enumerate.py (cards_stats_* / rarities)
S1数值	unit_cs:BalloonBomb	death_aoe_radius_mt ↔ 官方 death_damage_radius	3000	BalloonBomb:death_damage_radius = 3000	ours=3000 official=3000	一致	coverage-enumerate.py (cards_stats_* / rarities)
S1数值	unit_cs:BalloonBomb	death_damage ↔ 官方 death_damage	150	BalloonBomb:death_damage = 150	ours=150 official=150	一致	coverage-enumerate.py (cards_stats_* / rarities)
S1数值	unit_cs:BalloonBomb	death_spawn_n ↔ 官方 death_spawn_count	0	BalloonBomb:death_spawn_count = 0	ours=0 official=0	一致	coverage-enumerate.py (cards_stats_* / rarities)
S1数值	unit_cs:BalloonBomb	deploy_ms ↔ 官方 deploy_time	3000	BalloonBomb:deploy_time = 3000	ours=3000 official=3000	一致	coverage-enumerate.py (cards_stats_* / rarities)
S1数值	unit_cs:BalloonBomb	flying ↔ 官方 flying_height	0	BalloonBomb:flying_height = 0	ours=0 official=0	一致	coverage-enumerate.py (cards_stats_* / rarities)
S1数值	unit_cs:BalloonBomb	hit_speed_ms ↔ 官方 hit_speed	0	BalloonBomb:hit_speed = 0	ours=0 official=0	一致	coverage-enumerate.py (cards_stats_* / rarities)
S1数值	unit_cs:BalloonBomb	id (本项目自定列)	-	本项目自定：id	ours=26020063	允许的差异(本项目自定列)	差异登记 D22 / docs/步骤文档.md §4.2
S1数值	unit_cs:BalloonBomb	key (本项目自定列)	-	本项目自定：key	ours=BalloonBomb	允许的差异(本项目自定列)	差异登记 D22 / docs/步骤文档.md §4.2
S1数值	unit_cs:BalloonBomb	kind (本项目自定列)	-	本项目自定：kind	ours=1	允许的差异(本项目自定列)	差异登记 D22 / docs/步骤文档.md §4.2
S1数值	unit_cs:BalloonBomb	life_ms ↔ 官方 life_time	0	BalloonBomb:life_time = 0	ours=0 official=0	一致	coverage-enumerate.py (cards_stats_* / rarities)
S1数值	unit_cs:BalloonBomb	load_time_ms ↔ 官方 load_time	0	BalloonBomb:load_time = 0	ours=0 official=0	一致	coverage-enumerate.py (cards_stats_* / rarities)
S1数值	unit_cs:BalloonBomb	mass ↔ 官方 mass	0	BalloonBomb:mass = 0	ours=0 official=0	一致	coverage-enumerate.py (cards_stats_* / rarities)
S1数值	unit_cs:BalloonBomb	name_cn (本项目自定列)	-	本项目自定：name_cn	ours=	允许的差异(本项目自定列)	差异登记 D22 / docs/步骤文档.md §4.2
S1数值	unit_cs:BalloonBomb	only_buildings ↔ 官方 target_only_buildings	0	BalloonBomb:target_only_buildings = 0	ours=0 official=0	一致	coverage-enumerate.py (cards_stats_* / rarities)
S1数值	unit_cs:BalloonBomb	only_towers ↔ 官方 target_only_towers	0	BalloonBomb:target_only_towers = 0	ours=0 official=0	一致	coverage-enumerate.py (cards_stats_* / rarities)
S1数值	unit_cs:BalloonBomb	only_troops ↔ 官方 target_only_troops	0	BalloonBomb:target_only_troops = 0	ours=0 official=0	一致	coverage-enumerate.py (cards_stats_* / rarities)
S1数值	unit_cs:BalloonBomb	radius_mt ↔ 官方 collision_radius	450	BalloonBomb:collision_radius = 450	ours=450 official=450	一致	coverage-enumerate.py (cards_stats_* / rarities)
S1数值	unit_cs:BalloonBomb	range_mt ↔ 官方 range	0	BalloonBomb:range = 0	ours=0 official=0	一致	coverage-enumerate.py (cards_stats_* / rarities)
S1数值	unit_cs:BalloonBomb	sight_mt ↔ 官方 sight_range	0	BalloonBomb:sight_range = 0	ours=0 official=0	一致	coverage-enumerate.py (cards_stats_* / rarities)
S1数值	unit_cs:BalloonBomb	spawn_interval_ms ↔ 官方 spawn_interval/spawn_pause_time	0	BalloonBomb:spawn_interval/spawn_pause_time = 0	ours=0 official=0	一致	coverage-enumerate.py (cards_stats_* / rarities)
S1数值	unit_cs:BalloonBomb	spawn_limit ↔ 官方 spawn_limit	0	BalloonBomb:spawn_limit = 0	ours=0 official=0	一致	coverage-enumerate.py (cards_stats_* / rarities)
S1数值	unit_cs:BalloonBomb	spawn_n ↔ 官方 spawn_number	0	BalloonBomb:spawn_number = 0	ours=0 official=0	一致	coverage-enumerate.py (cards_stats_* / rarities)
S1数值	unit_cs:BalloonBomb	spawn_radius_mt ↔ 官方 spawn_radius	0	BalloonBomb:spawn_radius = 0	ours=0 official=0	一致	coverage-enumerate.py (cards_stats_* / rarities)
S1数值	unit_cs:BalloonBomb	speed ↔ 官方 speed	0	BalloonBomb:speed = 0	ours=0 official=0	一致	coverage-enumerate.py (cards_stats_* / rarities)
S1数值	unit_cs:BalloonBomb	sprite_dir (本项目自定列)	-	本项目自定：sprite_dir	ours=	允许的差异(本项目自定列)	差异登记 D22 / docs/步骤文档.md §4.2
S1数值	unit_cs:BalloonBomb	summon_deploy_delay_ms (本项目自定列)	-	本项目自定：summon_deploy_delay_ms	ours=0	允许的差异(本项目自定列)	差异登记 D22 / docs/步骤文档.md §4.2
S1数值	unit_cs:BalloonBomb	summon_key (本项目自定列)	-	本项目自定：summon_key	ours=	允许的差异(本项目自定列)	差异登记 D22 / docs/步骤文档.md §4.2
S1数值	unit_cs:BalloonBomb	summon_n (本项目自定列)	-	本项目自定：summon_n	ours=0	允许的差异(本项目自定列)	差异登记 D22 / docs/步骤文档.md §4.2
S1数值	unit_cs:BalloonBomb	summon_radius_mt (本项目自定列)	-	本项目自定：summon_radius_mt	ours=0	允许的差异(本项目自定列)	差异登记 D22 / docs/步骤文档.md §4.2
S1数值	unit_cs:Barbarian	aoe_radius_mt ↔ 官方 area_damage_radius	0	Barbarian:area_damage_radius = 0	ours=0 official=0	一致	coverage-enumerate.py (cards_stats_* / rarities)
S1数值	unit_cs:Barbarian	atk_air ↔ 官方 attacks_air	0	Barbarian:attacks_air = 0	ours=0 official=0	一致	coverage-enumerate.py (cards_stats_* / rarities)
S1数值	unit_cs:Barbarian	atk_ground ↔ 官方 attacks_ground	1	Barbarian:attacks_ground = 1	ours=1 official=1	一致	coverage-enumerate.py (cards_stats_* / rarities)
S1数值	unit_cs:Barbarian	damage ↔ 官方 damage_per_level	192	Barbarian:damage_per_level = 192	ours=192 official=192	一致	coverage-enumerate.py (cards_stats_* / rarities)
S1数值	unit_cs:Barbarian	death_aoe_radius_mt ↔ 官方 death_damage_radius	0	Barbarian:death_damage_radius = 0	ours=0 official=0	一致	coverage-enumerate.py (cards_stats_* / rarities)
S1数值	unit_cs:Barbarian	death_damage ↔ 官方 death_damage	0	Barbarian:death_damage = 0	ours=0 official=0	一致	coverage-enumerate.py (cards_stats_* / rarities)
S1数值	unit_cs:Barbarian	death_spawn_n ↔ 官方 death_spawn_count	0	Barbarian:death_spawn_count = 0	ours=0 official=0	一致	coverage-enumerate.py (cards_stats_* / rarities)
S1数值	unit_cs:Barbarian	deploy_ms ↔ 官方 deploy_time	1000	Barbarian:deploy_time = 1000	ours=1000 official=1000	一致	coverage-enumerate.py (cards_stats_* / rarities)
S1数值	unit_cs:Barbarian	flying ↔ 官方 flying_height	0	Barbarian:flying_height = 0	ours=0 official=0	一致	coverage-enumerate.py (cards_stats_* / rarities)
S1数值	unit_cs:Barbarian	hit_speed_ms ↔ 官方 hit_speed	1300	Barbarian:hit_speed = 1300	ours=1300 official=1300	一致	coverage-enumerate.py (cards_stats_* / rarities)
S1数值	unit_cs:Barbarian	hp ↔ 官方 hitpoints_per_level	670	Barbarian:hitpoints_per_level = 670	ours=670 official=670	一致	coverage-enumerate.py (cards_stats_* / rarities)
S1数值	unit_cs:Barbarian	id (本项目自定列)	-	本项目自定：id	ours=26020016	允许的差异(本项目自定列)	差异登记 D22 / docs/步骤文档.md §4.2
S1数值	unit_cs:Barbarian	key (本项目自定列)	-	本项目自定：key	ours=Barbarian	允许的差异(本项目自定列)	差异登记 D22 / docs/步骤文档.md §4.2
S1数值	unit_cs:Barbarian	kind (本项目自定列)	-	本项目自定：kind	ours=0	允许的差异(本项目自定列)	差异登记 D22 / docs/步骤文档.md §4.2
S1数值	unit_cs:Barbarian	life_ms ↔ 官方 life_time	0	Barbarian:life_time = 0	ours=0 official=0	一致	coverage-enumerate.py (cards_stats_* / rarities)
S1数值	unit_cs:Barbarian	load_time_ms ↔ 官方 load_time	900	Barbarian:load_time = 900	ours=900 official=900	一致	coverage-enumerate.py (cards_stats_* / rarities)
S1数值	unit_cs:Barbarian	mass ↔ 官方 mass	4	Barbarian:mass = 4	ours=4 official=4	一致	coverage-enumerate.py (cards_stats_* / rarities)
S1数值	unit_cs:Barbarian	name_cn (本项目自定列)	-	本项目自定：name_cn	ours=	允许的差异(本项目自定列)	差异登记 D22 / docs/步骤文档.md §4.2
S1数值	unit_cs:Barbarian	only_buildings ↔ 官方 target_only_buildings	0	Barbarian:target_only_buildings = 0	ours=0 official=0	一致	coverage-enumerate.py (cards_stats_* / rarities)
S1数值	unit_cs:Barbarian	only_towers ↔ 官方 target_only_towers	0	Barbarian:target_only_towers = 0	ours=0 official=0	一致	coverage-enumerate.py (cards_stats_* / rarities)
S1数值	unit_cs:Barbarian	only_troops ↔ 官方 target_only_troops	0	Barbarian:target_only_troops = 0	ours=0 official=0	一致	coverage-enumerate.py (cards_stats_* / rarities)
S1数值	unit_cs:Barbarian	radius_mt ↔ 官方 collision_radius	500	Barbarian:collision_radius = 500	ours=500 official=500	一致	coverage-enumerate.py (cards_stats_* / rarities)
S1数值	unit_cs:Barbarian	range_mt ↔ 官方 range	700	Barbarian:range = 700	ours=700 official=700	一致	coverage-enumerate.py (cards_stats_* / rarities)
S1数值	unit_cs:Barbarian	sight_mt ↔ 官方 sight_range	5500	Barbarian:sight_range = 5500	ours=5500 official=5500	一致	coverage-enumerate.py (cards_stats_* / rarities)
S1数值	unit_cs:Barbarian	spawn_interval_ms ↔ 官方 spawn_interval/spawn_pause_time	0	Barbarian:spawn_interval/spawn_pause_time = 0	ours=0 official=0	一致	coverage-enumerate.py (cards_stats_* / rarities)
S1数值	unit_cs:Barbarian	spawn_limit ↔ 官方 spawn_limit	0	Barbarian:spawn_limit = 0	ours=0 official=0	一致	coverage-enumerate.py (cards_stats_* / rarities)
S1数值	unit_cs:Barbarian	spawn_n ↔ 官方 spawn_number	0	Barbarian:spawn_number = 0	ours=0 official=0	一致	coverage-enumerate.py (cards_stats_* / rarities)
S1数值	unit_cs:Barbarian	spawn_radius_mt ↔ 官方 spawn_radius	0	Barbarian:spawn_radius = 0	ours=0 official=0	一致	coverage-enumerate.py (cards_stats_* / rarities)
S1数值	unit_cs:Barbarian	speed ↔ 官方 speed	60	Barbarian:speed = 60	ours=60 official=60	一致	coverage-enumerate.py (cards_stats_* / rarities)
S1数值	unit_cs:Barbarian	sprite_dir (本项目自定列)	-	本项目自定：sprite_dir	ours=chr_barbarian_out	允许的差异(本项目自定列)	差异登记 D22 / docs/步骤文档.md §4.2
S1数值	unit_cs:Barbarian	summon_deploy_delay_ms (本项目自定列)	-	本项目自定：summon_deploy_delay_ms	ours=0	允许的差异(本项目自定列)	差异登记 D22 / docs/步骤文档.md §4.2
S1数值	unit_cs:Barbarian	summon_key (本项目自定列)	-	本项目自定：summon_key	ours=	允许的差异(本项目自定列)	差异登记 D22 / docs/步骤文档.md §4.2
S1数值	unit_cs:Barbarian	summon_n (本项目自定列)	-	本项目自定：summon_n	ours=0	允许的差异(本项目自定列)	差异登记 D22 / docs/步骤文档.md §4.2
S1数值	unit_cs:Barbarian	summon_radius_mt (本项目自定列)	-	本项目自定：summon_radius_mt	ours=0	允许的差异(本项目自定列)	差异登记 D22 / docs/步骤文档.md §4.2
S1数值	unit_cs:Bat	aoe_radius_mt ↔ 官方 area_damage_radius	0	Bat:area_damage_radius = 0	ours=0 official=0	一致	coverage-enumerate.py (cards_stats_* / rarities)
S1数值	unit_cs:Bat	atk_air ↔ 官方 attacks_air	1	Bat:attacks_air = 1	ours=1 official=1	一致	coverage-enumerate.py (cards_stats_* / rarities)
S1数值	unit_cs:Bat	atk_ground ↔ 官方 attacks_ground	1	Bat:attacks_ground = 1	ours=1 official=1	一致	coverage-enumerate.py (cards_stats_* / rarities)
S1数值	unit_cs:Bat	damage ↔ 官方 damage_per_level	81	Bat:damage_per_level = 81	ours=81 official=81	一致	coverage-enumerate.py (cards_stats_* / rarities)
S1数值	unit_cs:Bat	death_aoe_radius_mt ↔ 官方 death_damage_radius	0	Bat:death_damage_radius = 0	ours=0 official=0	一致	coverage-enumerate.py (cards_stats_* / rarities)
S1数值	unit_cs:Bat	death_damage ↔ 官方 death_damage	0	Bat:death_damage = 0	ours=0 official=0	一致	coverage-enumerate.py (cards_stats_* / rarities)
S1数值	unit_cs:Bat	death_spawn_n ↔ 官方 death_spawn_count	0	Bat:death_spawn_count = 0	ours=0 official=0	一致	coverage-enumerate.py (cards_stats_* / rarities)
S1数值	unit_cs:Bat	deploy_ms ↔ 官方 deploy_time	1000	Bat:deploy_time = 1000	ours=1000 official=1000	一致	coverage-enumerate.py (cards_stats_* / rarities)
S1数值	unit_cs:Bat	flying ↔ 官方 flying_height	1	Bat:flying_height = 1	ours=1 official=1	一致	coverage-enumerate.py (cards_stats_* / rarities)
S1数值	unit_cs:Bat	hit_speed_ms ↔ 官方 hit_speed	1300	Bat:hit_speed = 1300	ours=1300 official=1300	一致	coverage-enumerate.py (cards_stats_* / rarities)
S1数值	unit_cs:Bat	hp ↔ 官方 hitpoints_per_level	81	Bat:hitpoints_per_level = 81	ours=81 official=81	一致	coverage-enumerate.py (cards_stats_* / rarities)
S1数值	unit_cs:Bat	id (本项目自定列)	-	本项目自定：id	ours=26020045	允许的差异(本项目自定列)	差异登记 D22 / docs/步骤文档.md §4.2
S1数值	unit_cs:Bat	key (本项目自定列)	-	本项目自定：key	ours=Bat	允许的差异(本项目自定列)	差异登记 D22 / docs/步骤文档.md §4.2
S1数值	unit_cs:Bat	kind (本项目自定列)	-	本项目自定：kind	ours=0	允许的差异(本项目自定列)	差异登记 D22 / docs/步骤文档.md §4.2
S1数值	unit_cs:Bat	life_ms ↔ 官方 life_time	0	Bat:life_time = 0	ours=0 official=0	一致	coverage-enumerate.py (cards_stats_* / rarities)
S1数值	unit_cs:Bat	load_time_ms ↔ 官方 load_time	700	Bat:load_time = 700	ours=700 official=700	一致	coverage-enumerate.py (cards_stats_* / rarities)
S1数值	unit_cs:Bat	mass ↔ 官方 mass	1	Bat:mass = 1	ours=1 official=1	一致	coverage-enumerate.py (cards_stats_* / rarities)
S1数值	unit_cs:Bat	name_cn (本项目自定列)	-	本项目自定：name_cn	ours=	允许的差异(本项目自定列)	差异登记 D22 / docs/步骤文档.md §4.2
S1数值	unit_cs:Bat	only_buildings ↔ 官方 target_only_buildings	0	Bat:target_only_buildings = 0	ours=0 official=0	一致	coverage-enumerate.py (cards_stats_* / rarities)
S1数值	unit_cs:Bat	only_towers ↔ 官方 target_only_towers	0	Bat:target_only_towers = 0	ours=0 official=0	一致	coverage-enumerate.py (cards_stats_* / rarities)
S1数值	unit_cs:Bat	only_troops ↔ 官方 target_only_troops	0	Bat:target_only_troops = 0	ours=0 official=0	一致	coverage-enumerate.py (cards_stats_* / rarities)
S1数值	unit_cs:Bat	radius_mt ↔ 官方 collision_radius	500	Bat:collision_radius = 500	ours=500 official=500	一致	coverage-enumerate.py (cards_stats_* / rarities)
S1数值	unit_cs:Bat	range_mt ↔ 官方 range	1200	Bat:range = 1200	ours=1200 official=1200	一致	coverage-enumerate.py (cards_stats_* / rarities)
S1数值	unit_cs:Bat	sight_mt ↔ 官方 sight_range	5500	Bat:sight_range = 5500	ours=5500 official=5500	一致	coverage-enumerate.py (cards_stats_* / rarities)
S1数值	unit_cs:Bat	spawn_interval_ms ↔ 官方 spawn_interval/spawn_pause_time	0	Bat:spawn_interval/spawn_pause_time = 0	ours=0 official=0	一致	coverage-enumerate.py (cards_stats_* / rarities)
S1数值	unit_cs:Bat	spawn_limit ↔ 官方 spawn_limit	0	Bat:spawn_limit = 0	ours=0 official=0	一致	coverage-enumerate.py (cards_stats_* / rarities)
S1数值	unit_cs:Bat	spawn_n ↔ 官方 spawn_number	0	Bat:spawn_number = 0	ours=0 official=0	一致	coverage-enumerate.py (cards_stats_* / rarities)
S1数值	unit_cs:Bat	spawn_radius_mt ↔ 官方 spawn_radius	0	Bat:spawn_radius = 0	ours=0 official=0	一致	coverage-enumerate.py (cards_stats_* / rarities)
S1数值	unit_cs:Bat	speed ↔ 官方 speed	120	Bat:speed = 120	ours=120 official=120	一致	coverage-enumerate.py (cards_stats_* / rarities)
S1数值	unit_cs:Bat	sprite_dir (本项目自定列)	-	本项目自定：sprite_dir	ours=	允许的差异(本项目自定列)	差异登记 D22 / docs/步骤文档.md §4.2
S1数值	unit_cs:Bat	summon_deploy_delay_ms (本项目自定列)	-	本项目自定：summon_deploy_delay_ms	ours=0	允许的差异(本项目自定列)	差异登记 D22 / docs/步骤文档.md §4.2
S1数值	unit_cs:Bat	summon_key (本项目自定列)	-	本项目自定：summon_key	ours=	允许的差异(本项目自定列)	差异登记 D22 / docs/步骤文档.md §4.2
S1数值	unit_cs:Bat	summon_n (本项目自定列)	-	本项目自定：summon_n	ours=0	允许的差异(本项目自定列)	差异登记 D22 / docs/步骤文档.md §4.2
S1数值	unit_cs:Bat	summon_radius_mt (本项目自定列)	-	本项目自定：summon_radius_mt	ours=0	允许的差异(本项目自定列)	差异登记 D22 / docs/步骤文档.md §4.2
S1数值	unit_cs:BlowdartGoblinProjectile	damage ↔ 官方 damage_per_level	131	BlowdartGoblinProjectile:damage_per_level = 131	ours=131 official=131	一致	coverage-enumerate.py (cards_stats_* / rarities)
S1数值	unit_cs:BlowdartGoblinProjectile	id (本项目自定列)	-	本项目自定：id	ours=26020079	允许的差异(本项目自定列)	差异登记 D22 / docs/步骤文档.md §4.2
S1数值	unit_cs:BlowdartGoblinProjectile	key (本项目自定列)	-	本项目自定：key	ours=BlowdartGoblinProjectile	允许的差异(本项目自定列)	差异登记 D22 / docs/步骤文档.md §4.2
S1数值	unit_cs:BlowdartGoblinProjectile	kind (本项目自定列)	-	本项目自定：kind	ours=3	允许的差异(本项目自定列)	差异登记 D22 / docs/步骤文档.md §4.2
S1数值	unit_cs:BlowdartGoblinProjectile	name_cn (本项目自定列)	-	本项目自定：name_cn	ours=	允许的差异(本项目自定列)	差异登记 D22 / docs/步骤文档.md §4.2
S1数值	unit_cs:BlowdartGoblinProjectile	spawn_interval_ms ↔ 官方 spawn_interval/spawn_pause_time	0	BlowdartGoblinProjectile:spawn_interval/spawn_pause_time = 0	ours=0 official=0	一致	coverage-enumerate.py (cards_stats_* / rarities)
S1数值	unit_cs:BlowdartGoblinProjectile	speed ↔ 官方 speed	800	BlowdartGoblinProjectile:speed = 800	ours=800 official=800	一致	coverage-enumerate.py (cards_stats_* / rarities)
S1数值	unit_cs:BlowdartGoblinProjectile	sprite_dir (本项目自定列)	-	本项目自定：sprite_dir	ours=	允许的差异(本项目自定列)	差异登记 D22 / docs/步骤文档.md §4.2
S1数值	unit_cs:BlowdartGoblinProjectile	summon_deploy_delay_ms (本项目自定列)	-	本项目自定：summon_deploy_delay_ms	ours=0	允许的差异(本项目自定列)	差异登记 D22 / docs/步骤文档.md §4.2
S1数值	unit_cs:BlowdartGoblinProjectile	summon_key (本项目自定列)	-	本项目自定：summon_key	ours=	允许的差异(本项目自定列)	差异登记 D22 / docs/步骤文档.md §4.2
S1数值	unit_cs:BlowdartGoblinProjectile	summon_n (本项目自定列)	-	本项目自定：summon_n	ours=0	允许的差异(本项目自定列)	差异登记 D22 / docs/步骤文档.md §4.2
S1数值	unit_cs:BlowdartGoblinProjectile	summon_radius_mt (本项目自定列)	-	本项目自定：summon_radius_mt	ours=0	允许的差异(本项目自定列)	差异登记 D22 / docs/步骤文档.md §4.2
S1数值	unit_cs:BombSkeletonProjectile	damage ↔ 官方 damage_per_level	222	BombSkeletonProjectile:damage_per_level = 222	ours=222 official=222	一致	coverage-enumerate.py (cards_stats_* / rarities)
S1数值	unit_cs:BombSkeletonProjectile	id (本项目自定列)	-	本项目自定：id	ours=26020065	允许的差异(本项目自定列)	差异登记 D22 / docs/步骤文档.md §4.2
S1数值	unit_cs:BombSkeletonProjectile	key (本项目自定列)	-	本项目自定：key	ours=BombSkeletonProjectile	允许的差异(本项目自定列)	差异登记 D22 / docs/步骤文档.md §4.2
S1数值	unit_cs:BombSkeletonProjectile	kind (本项目自定列)	-	本项目自定：kind	ours=3	允许的差异(本项目自定列)	差异登记 D22 / docs/步骤文档.md §4.2
S1数值	unit_cs:BombSkeletonProjectile	name_cn (本项目自定列)	-	本项目自定：name_cn	ours=	允许的差异(本项目自定列)	差异登记 D22 / docs/步骤文档.md §4.2
S1数值	unit_cs:BombSkeletonProjectile	radius_mt ↔ 官方 collision_radius	1500	BombSkeletonProjectile:collision_radius = 1500	ours=1500 official=1500	一致	coverage-enumerate.py (cards_stats_* / rarities)
S1数值	unit_cs:BombSkeletonProjectile	spawn_interval_ms ↔ 官方 spawn_interval/spawn_pause_time	0	BombSkeletonProjectile:spawn_interval/spawn_pause_time = 0	ours=0 official=0	一致	coverage-enumerate.py (cards_stats_* / rarities)
S1数值	unit_cs:BombSkeletonProjectile	speed ↔ 官方 speed	400	BombSkeletonProjectile:speed = 400	ours=400 official=400	一致	coverage-enumerate.py (cards_stats_* / rarities)
S1数值	unit_cs:BombSkeletonProjectile	sprite_dir (本项目自定列)	-	本项目自定：sprite_dir	ours=	允许的差异(本项目自定列)	差异登记 D22 / docs/步骤文档.md §4.2
S1数值	unit_cs:BombSkeletonProjectile	summon_deploy_delay_ms (本项目自定列)	-	本项目自定：summon_deploy_delay_ms	ours=0	允许的差异(本项目自定列)	差异登记 D22 / docs/步骤文档.md §4.2
S1数值	unit_cs:BombSkeletonProjectile	summon_key (本项目自定列)	-	本项目自定：summon_key	ours=	允许的差异(本项目自定列)	差异登记 D22 / docs/步骤文档.md §4.2
S1数值	unit_cs:BombSkeletonProjectile	summon_n (本项目自定列)	-	本项目自定：summon_n	ours=0	允许的差异(本项目自定列)	差异登记 D22 / docs/步骤文档.md §4.2
S1数值	unit_cs:BombSkeletonProjectile	summon_radius_mt (本项目自定列)	-	本项目自定：summon_radius_mt	ours=0	允许的差异(本项目自定列)	差异登记 D22 / docs/步骤文档.md §4.2
S1数值	unit_cs:BombTowerBomb	aoe_radius_mt ↔ 官方 area_damage_radius	0	BombTowerBomb:area_damage_radius = 0	ours=0 official=0	一致	coverage-enumerate.py (cards_stats_* / rarities)
S1数值	unit_cs:BombTowerBomb	atk_air ↔ 官方 attacks_air	1	BombTowerBomb:attacks_air = 1	ours=1 official=1	一致	coverage-enumerate.py (cards_stats_* / rarities)
S1数值	unit_cs:BombTowerBomb	atk_ground ↔ 官方 attacks_ground	1	BombTowerBomb:attacks_ground = 1	ours=1 official=1	一致	coverage-enumerate.py (cards_stats_* / rarities)
S1数值	unit_cs:BombTowerBomb	death_aoe_radius_mt ↔ 官方 death_damage_radius	3000	BombTowerBomb:death_damage_radius = 3000	ours=3000 official=3000	一致	coverage-enumerate.py (cards_stats_* / rarities)
S1数值	unit_cs:BombTowerBomb	death_damage ↔ 官方 death_damage	105	BombTowerBomb:death_damage = 105	ours=105 official=105	一致	coverage-enumerate.py (cards_stats_* / rarities)
S1数值	unit_cs:BombTowerBomb	death_spawn_n ↔ 官方 death_spawn_count	0	BombTowerBomb:death_spawn_count = 0	ours=0 official=0	一致	coverage-enumerate.py (cards_stats_* / rarities)
S1数值	unit_cs:BombTowerBomb	deploy_ms ↔ 官方 deploy_time	3000	BombTowerBomb:deploy_time = 3000	ours=3000 official=3000	一致	coverage-enumerate.py (cards_stats_* / rarities)
S1数值	unit_cs:BombTowerBomb	flying ↔ 官方 flying_height	0	BombTowerBomb:flying_height = 0	ours=0 official=0	一致	coverage-enumerate.py (cards_stats_* / rarities)
S1数值	unit_cs:BombTowerBomb	hit_speed_ms ↔ 官方 hit_speed	0	BombTowerBomb:hit_speed = 0	ours=0 official=0	一致	coverage-enumerate.py (cards_stats_* / rarities)
S1数值	unit_cs:BombTowerBomb	id (本项目自定列)	-	本项目自定：id	ours=26020086	允许的差异(本项目自定列)	差异登记 D22 / docs/步骤文档.md §4.2
S1数值	unit_cs:BombTowerBomb	key (本项目自定列)	-	本项目自定：key	ours=BombTowerBomb	允许的差异(本项目自定列)	差异登记 D22 / docs/步骤文档.md §4.2
S1数值	unit_cs:BombTowerBomb	kind (本项目自定列)	-	本项目自定：kind	ours=1	允许的差异(本项目自定列)	差异登记 D22 / docs/步骤文档.md §4.2
S1数值	unit_cs:BombTowerBomb	life_ms ↔ 官方 life_time	0	BombTowerBomb:life_time = 0	ours=0 official=0	一致	coverage-enumerate.py (cards_stats_* / rarities)
S1数值	unit_cs:BombTowerBomb	load_time_ms ↔ 官方 load_time	0	BombTowerBomb:load_time = 0	ours=0 official=0	一致	coverage-enumerate.py (cards_stats_* / rarities)
S1数值	unit_cs:BombTowerBomb	mass ↔ 官方 mass	0	BombTowerBomb:mass = 0	ours=0 official=0	一致	coverage-enumerate.py (cards_stats_* / rarities)
S1数值	unit_cs:BombTowerBomb	name_cn (本项目自定列)	-	本项目自定：name_cn	ours=	允许的差异(本项目自定列)	差异登记 D22 / docs/步骤文档.md §4.2
S1数值	unit_cs:BombTowerBomb	only_buildings ↔ 官方 target_only_buildings	0	BombTowerBomb:target_only_buildings = 0	ours=0 official=0	一致	coverage-enumerate.py (cards_stats_* / rarities)
S1数值	unit_cs:BombTowerBomb	only_towers ↔ 官方 target_only_towers	0	BombTowerBomb:target_only_towers = 0	ours=0 official=0	一致	coverage-enumerate.py (cards_stats_* / rarities)
S1数值	unit_cs:BombTowerBomb	only_troops ↔ 官方 target_only_troops	0	BombTowerBomb:target_only_troops = 0	ours=0 official=0	一致	coverage-enumerate.py (cards_stats_* / rarities)
S1数值	unit_cs:BombTowerBomb	radius_mt ↔ 官方 collision_radius	450	BombTowerBomb:collision_radius = 450	ours=450 official=450	一致	coverage-enumerate.py (cards_stats_* / rarities)
S1数值	unit_cs:BombTowerBomb	range_mt ↔ 官方 range	0	BombTowerBomb:range = 0	ours=0 official=0	一致	coverage-enumerate.py (cards_stats_* / rarities)
S1数值	unit_cs:BombTowerBomb	sight_mt ↔ 官方 sight_range	0	BombTowerBomb:sight_range = 0	ours=0 official=0	一致	coverage-enumerate.py (cards_stats_* / rarities)
S1数值	unit_cs:BombTowerBomb	spawn_interval_ms ↔ 官方 spawn_interval/spawn_pause_time	0	BombTowerBomb:spawn_interval/spawn_pause_time = 0	ours=0 official=0	一致	coverage-enumerate.py (cards_stats_* / rarities)
S1数值	unit_cs:BombTowerBomb	spawn_limit ↔ 官方 spawn_limit	0	BombTowerBomb:spawn_limit = 0	ours=0 official=0	一致	coverage-enumerate.py (cards_stats_* / rarities)
S1数值	unit_cs:BombTowerBomb	spawn_n ↔ 官方 spawn_number	0	BombTowerBomb:spawn_number = 0	ours=0 official=0	一致	coverage-enumerate.py (cards_stats_* / rarities)
S1数值	unit_cs:BombTowerBomb	spawn_radius_mt ↔ 官方 spawn_radius	0	BombTowerBomb:spawn_radius = 0	ours=0 official=0	一致	coverage-enumerate.py (cards_stats_* / rarities)
S1数值	unit_cs:BombTowerBomb	speed ↔ 官方 speed	0	BombTowerBomb:speed = 0	ours=0 official=0	一致	coverage-enumerate.py (cards_stats_* / rarities)
S1数值	unit_cs:BombTowerBomb	sprite_dir (本项目自定列)	-	本项目自定：sprite_dir	ours=	允许的差异(本项目自定列)	差异登记 D22 / docs/步骤文档.md §4.2
S1数值	unit_cs:BombTowerBomb	summon_deploy_delay_ms (本项目自定列)	-	本项目自定：summon_deploy_delay_ms	ours=0	允许的差异(本项目自定列)	差异登记 D22 / docs/步骤文档.md §4.2
S1数值	unit_cs:BombTowerBomb	summon_key (本项目自定列)	-	本项目自定：summon_key	ours=	允许的差异(本项目自定列)	差异登记 D22 / docs/步骤文档.md §4.2
S1数值	unit_cs:BombTowerBomb	summon_n (本项目自定列)	-	本项目自定：summon_n	ours=0	允许的差异(本项目自定列)	差异登记 D22 / docs/步骤文档.md §4.2
S1数值	unit_cs:BombTowerBomb	summon_radius_mt (本项目自定列)	-	本项目自定：summon_radius_mt	ours=0	允许的差异(本项目自定列)	差异登记 D22 / docs/步骤文档.md §4.2
S1数值	unit_cs:BombTowerProjectile	damage ↔ 官方 damage_per_level	222	BombTowerProjectile:damage_per_level = 222	ours=222 official=222	一致	coverage-enumerate.py (cards_stats_* / rarities)
S1数值	unit_cs:BombTowerProjectile	id (本项目自定列)	-	本项目自定：id	ours=26020085	允许的差异(本项目自定列)	差异登记 D22 / docs/步骤文档.md §4.2
S1数值	unit_cs:BombTowerProjectile	key (本项目自定列)	-	本项目自定：key	ours=BombTowerProjectile	允许的差异(本项目自定列)	差异登记 D22 / docs/步骤文档.md §4.2
S1数值	unit_cs:BombTowerProjectile	kind (本项目自定列)	-	本项目自定：kind	ours=3	允许的差异(本项目自定列)	差异登记 D22 / docs/步骤文档.md §4.2
S1数值	unit_cs:BombTowerProjectile	name_cn (本项目自定列)	-	本项目自定：name_cn	ours=	允许的差异(本项目自定列)	差异登记 D22 / docs/步骤文档.md §4.2
S1数值	unit_cs:BombTowerProjectile	radius_mt ↔ 官方 collision_radius	1500	BombTowerProjectile:collision_radius = 1500	ours=1500 official=1500	一致	coverage-enumerate.py (cards_stats_* / rarities)
S1数值	unit_cs:BombTowerProjectile	spawn_interval_ms ↔ 官方 spawn_interval/spawn_pause_time	0	BombTowerProjectile:spawn_interval/spawn_pause_time = 0	ours=0 official=0	一致	coverage-enumerate.py (cards_stats_* / rarities)
S1数值	unit_cs:BombTowerProjectile	speed ↔ 官方 speed	500	BombTowerProjectile:speed = 500	ours=500 official=500	一致	coverage-enumerate.py (cards_stats_* / rarities)
S1数值	unit_cs:BombTowerProjectile	sprite_dir (本项目自定列)	-	本项目自定：sprite_dir	ours=	允许的差异(本项目自定列)	差异登记 D22 / docs/步骤文档.md §4.2
S1数值	unit_cs:BombTowerProjectile	summon_deploy_delay_ms (本项目自定列)	-	本项目自定：summon_deploy_delay_ms	ours=0	允许的差异(本项目自定列)	差异登记 D22 / docs/步骤文档.md §4.2
S1数值	unit_cs:BombTowerProjectile	summon_key (本项目自定列)	-	本项目自定：summon_key	ours=	允许的差异(本项目自定列)	差异登记 D22 / docs/步骤文档.md §4.2
S1数值	unit_cs:BombTowerProjectile	summon_n (本项目自定列)	-	本项目自定：summon_n	ours=0	允许的差异(本项目自定列)	差异登记 D22 / docs/步骤文档.md §4.2
S1数值	unit_cs:BombTowerProjectile	summon_radius_mt (本项目自定列)	-	本项目自定：summon_radius_mt	ours=0	允许的差异(本项目自定列)	差异登记 D22 / docs/步骤文档.md §4.2
S1数值	unit_cs:BowlerProjectile	damage ↔ 官方 damage_per_level	288	BowlerProjectile:damage_per_level = 288	ours=288 official=288	一致	coverage-enumerate.py (cards_stats_* / rarities)
S1数值	unit_cs:BowlerProjectile	id (本项目自定列)	-	本项目自定：id	ours=26020077	允许的差异(本项目自定列)	差异登记 D22 / docs/步骤文档.md §4.2
S1数值	unit_cs:BowlerProjectile	key (本项目自定列)	-	本项目自定：key	ours=BowlerProjectile	允许的差异(本项目自定列)	差异登记 D22 / docs/步骤文档.md §4.2
S1数值	unit_cs:BowlerProjectile	kind (本项目自定列)	-	本项目自定：kind	ours=3	允许的差异(本项目自定列)	差异登记 D22 / docs/步骤文档.md §4.2
S1数值	unit_cs:BowlerProjectile	name_cn (本项目自定列)	-	本项目自定：name_cn	ours=	允许的差异(本项目自定列)	差异登记 D22 / docs/步骤文档.md §4.2
S1数值	unit_cs:BowlerProjectile	radius_mt ↔ 官方 collision_radius	1800	BowlerProjectile:collision_radius = 1800	ours=1800 official=1800	一致	coverage-enumerate.py (cards_stats_* / rarities)
S1数值	unit_cs:BowlerProjectile	spawn_interval_ms ↔ 官方 spawn_interval/spawn_pause_time	0	BowlerProjectile:spawn_interval/spawn_pause_time = 0	ours=0 official=0	一致	coverage-enumerate.py (cards_stats_* / rarities)
S1数值	unit_cs:BowlerProjectile	speed ↔ 官方 speed	170	BowlerProjectile:speed = 170	ours=170 official=170	一致	coverage-enumerate.py (cards_stats_* / rarities)
S1数值	unit_cs:BowlerProjectile	sprite_dir (本项目自定列)	-	本项目自定：sprite_dir	ours=	允许的差异(本项目自定列)	差异登记 D22 / docs/步骤文档.md §4.2
S1数值	unit_cs:BowlerProjectile	summon_deploy_delay_ms (本项目自定列)	-	本项目自定：summon_deploy_delay_ms	ours=0	允许的差异(本项目自定列)	差异登记 D22 / docs/步骤文档.md §4.2
S1数值	unit_cs:BowlerProjectile	summon_key (本项目自定列)	-	本项目自定：summon_key	ours=	允许的差异(本项目自定列)	差异登记 D22 / docs/步骤文档.md §4.2
S1数值	unit_cs:BowlerProjectile	summon_n (本项目自定列)	-	本项目自定：summon_n	ours=0	允许的差异(本项目自定列)	差异登记 D22 / docs/步骤文档.md §4.2
S1数值	unit_cs:BowlerProjectile	summon_radius_mt (本项目自定列)	-	本项目自定：summon_radius_mt	ours=0	允许的差异(本项目自定列)	差异登记 D22 / docs/步骤文档.md §4.2
S1数值	unit_cs:BrokenCannon	aoe_radius_mt ↔ 官方 area_damage_radius	0	BrokenCannon:area_damage_radius = 0	ours=0 official=0	一致	coverage-enumerate.py (cards_stats_* / rarities)
S1数值	unit_cs:BrokenCannon	atk_air ↔ 官方 attacks_air	0	BrokenCannon:attacks_air = 0	ours=0 official=0	一致	coverage-enumerate.py (cards_stats_* / rarities)
S1数值	unit_cs:BrokenCannon	atk_ground ↔ 官方 attacks_ground	1	BrokenCannon:attacks_ground = 1	ours=1 official=1	一致	coverage-enumerate.py (cards_stats_* / rarities)
S1数值	unit_cs:BrokenCannon	damage ↔ 官方 damage_per_level	212	BrokenCannon:damage_per_level = 212	ours=212 official=212	一致	coverage-enumerate.py (cards_stats_* / rarities)
S1数值	unit_cs:BrokenCannon	death_aoe_radius_mt ↔ 官方 death_damage_radius	0	BrokenCannon:death_damage_radius = 0	ours=0 official=0	一致	coverage-enumerate.py (cards_stats_* / rarities)
S1数值	unit_cs:BrokenCannon	death_damage ↔ 官方 death_damage	0	BrokenCannon:death_damage = 0	ours=0 official=0	一致	coverage-enumerate.py (cards_stats_* / rarities)
S1数值	unit_cs:BrokenCannon	death_spawn_n ↔ 官方 death_spawn_count	0	BrokenCannon:death_spawn_count = 0	ours=0 official=0	一致	coverage-enumerate.py (cards_stats_* / rarities)
S1数值	unit_cs:BrokenCannon	deploy_ms ↔ 官方 deploy_time	1000	BrokenCannon:deploy_time = 1000	ours=1000 official=1000	一致	coverage-enumerate.py (cards_stats_* / rarities)
S1数值	unit_cs:BrokenCannon	flying ↔ 官方 flying_height	0	BrokenCannon:flying_height = 0	ours=0 official=0	一致	coverage-enumerate.py (cards_stats_* / rarities)
S1数值	unit_cs:BrokenCannon	hit_speed_ms ↔ 官方 hit_speed	900	BrokenCannon:hit_speed = 900	ours=900 official=900	一致	coverage-enumerate.py (cards_stats_* / rarities)
S1数值	unit_cs:BrokenCannon	hp ↔ 官方 hitpoints_per_level	820	BrokenCannon:hitpoints_per_level = 820	ours=820 official=820	一致	coverage-enumerate.py (cards_stats_* / rarities)
S1数值	unit_cs:BrokenCannon	id (本项目自定列)	-	本项目自定：id	ours=26020082	允许的差异(本项目自定列)	差异登记 D22 / docs/步骤文档.md §4.2
S1数值	unit_cs:BrokenCannon	key (本项目自定列)	-	本项目自定：key	ours=BrokenCannon	允许的差异(本项目自定列)	差异登记 D22 / docs/步骤文档.md §4.2
S1数值	unit_cs:BrokenCannon	kind (本项目自定列)	-	本项目自定：kind	ours=1	允许的差异(本项目自定列)	差异登记 D22 / docs/步骤文档.md §4.2
S1数值	unit_cs:BrokenCannon	life_ms ↔ 官方 life_time	30000	BrokenCannon:life_time = 30000	ours=30000 official=30000	一致	coverage-enumerate.py (cards_stats_* / rarities)
S1数值	unit_cs:BrokenCannon	load_time_ms ↔ 官方 load_time	400	BrokenCannon:load_time = 400	ours=400 official=400	一致	coverage-enumerate.py (cards_stats_* / rarities)
S1数值	unit_cs:BrokenCannon	mass ↔ 官方 mass	3	BrokenCannon:mass = 3	ours=3 official=3	一致	coverage-enumerate.py (cards_stats_* / rarities)
S1数值	unit_cs:BrokenCannon	name_cn (本项目自定列)	-	本项目自定：name_cn	ours=	允许的差异(本项目自定列)	差异登记 D22 / docs/步骤文档.md §4.2
S1数值	unit_cs:BrokenCannon	only_buildings ↔ 官方 target_only_buildings	0	BrokenCannon:target_only_buildings = 0	ours=0 official=0	一致	coverage-enumerate.py (cards_stats_* / rarities)
S1数值	unit_cs:BrokenCannon	only_towers ↔ 官方 target_only_towers	0	BrokenCannon:target_only_towers = 0	ours=0 official=0	一致	coverage-enumerate.py (cards_stats_* / rarities)
S1数值	unit_cs:BrokenCannon	only_troops ↔ 官方 target_only_troops	0	BrokenCannon:target_only_troops = 0	ours=0 official=0	一致	coverage-enumerate.py (cards_stats_* / rarities)
S1数值	unit_cs:BrokenCannon	projectile_key ↔ 官方 custom_first_projectile/projectile	MovingCannonProjectile	BrokenCannon:custom_first_projectile/projectile = MovingCannonProjectile	ours=MovingCannonProjectile official=MovingCannonProjectile	一致	coverage-enumerate.py (cards_stats_* / rarities)
S1数值	unit_cs:BrokenCannon	radius_mt ↔ 官方 collision_radius	600	BrokenCannon:collision_radius = 600	ours=600 official=600	一致	coverage-enumerate.py (cards_stats_* / rarities)
S1数值	unit_cs:BrokenCannon	range_mt ↔ 官方 range	5500	BrokenCannon:range = 5500	ours=5500 official=5500	一致	coverage-enumerate.py (cards_stats_* / rarities)
S1数值	unit_cs:BrokenCannon	sight_mt ↔ 官方 sight_range	5500	BrokenCannon:sight_range = 5500	ours=5500 official=5500	一致	coverage-enumerate.py (cards_stats_* / rarities)
S1数值	unit_cs:BrokenCannon	spawn_interval_ms ↔ 官方 spawn_interval/spawn_pause_time	0	BrokenCannon:spawn_interval/spawn_pause_time = 0	ours=0 official=0	一致	coverage-enumerate.py (cards_stats_* / rarities)
S1数值	unit_cs:BrokenCannon	spawn_limit ↔ 官方 spawn_limit	0	BrokenCannon:spawn_limit = 0	ours=0 official=0	一致	coverage-enumerate.py (cards_stats_* / rarities)
S1数值	unit_cs:BrokenCannon	spawn_n ↔ 官方 spawn_number	0	BrokenCannon:spawn_number = 0	ours=0 official=0	一致	coverage-enumerate.py (cards_stats_* / rarities)
S1数值	unit_cs:BrokenCannon	spawn_radius_mt ↔ 官方 spawn_radius	0	BrokenCannon:spawn_radius = 0	ours=0 official=0	一致	coverage-enumerate.py (cards_stats_* / rarities)
S1数值	unit_cs:BrokenCannon	speed ↔ 官方 speed	0	BrokenCannon:speed = 0	ours=0 official=0	一致	coverage-enumerate.py (cards_stats_* / rarities)
S1数值	unit_cs:BrokenCannon	sprite_dir (本项目自定列)	-	本项目自定：sprite_dir	ours=	允许的差异(本项目自定列)	差异登记 D22 / docs/步骤文档.md §4.2
S1数值	unit_cs:BrokenCannon	summon_deploy_delay_ms (本项目自定列)	-	本项目自定：summon_deploy_delay_ms	ours=0	允许的差异(本项目自定列)	差异登记 D22 / docs/步骤文档.md §4.2
S1数值	unit_cs:BrokenCannon	summon_key (本项目自定列)	-	本项目自定：summon_key	ours=	允许的差异(本项目自定列)	差异登记 D22 / docs/步骤文档.md §4.2
S1数值	unit_cs:BrokenCannon	summon_n (本项目自定列)	-	本项目自定：summon_n	ours=0	允许的差异(本项目自定列)	差异登记 D22 / docs/步骤文档.md §4.2
S1数值	unit_cs:BrokenCannon	summon_radius_mt (本项目自定列)	-	本项目自定：summon_radius_mt	ours=0	允许的差异(本项目自定列)	差异登记 D22 / docs/步骤文档.md §4.2
S1数值	unit_cs:FireSpiritsProjectile	damage ↔ 官方 damage_per_level	207	FireSpiritsProjectile:damage_per_level = 207	ours=207 official=207	一致	coverage-enumerate.py (cards_stats_* / rarities)
S1数值	unit_cs:FireSpiritsProjectile	id (本项目自定列)	-	本项目自定：id	ours=26020076	允许的差异(本项目自定列)	差异登记 D22 / docs/步骤文档.md §4.2
S1数值	unit_cs:FireSpiritsProjectile	key (本项目自定列)	-	本项目自定：key	ours=FireSpiritsProjectile	允许的差异(本项目自定列)	差异登记 D22 / docs/步骤文档.md §4.2
S1数值	unit_cs:FireSpiritsProjectile	kind (本项目自定列)	-	本项目自定：kind	ours=3	允许的差异(本项目自定列)	差异登记 D22 / docs/步骤文档.md §4.2
S1数值	unit_cs:FireSpiritsProjectile	name_cn (本项目自定列)	-	本项目自定：name_cn	ours=	允许的差异(本项目自定列)	差异登记 D22 / docs/步骤文档.md §4.2
S1数值	unit_cs:FireSpiritsProjectile	radius_mt ↔ 官方 collision_radius	2300	FireSpiritsProjectile:collision_radius = 2300	ours=2300 official=2300	一致	coverage-enumerate.py (cards_stats_* / rarities)
S1数值	unit_cs:FireSpiritsProjectile	spawn_interval_ms ↔ 官方 spawn_interval/spawn_pause_time	0	FireSpiritsProjectile:spawn_interval/spawn_pause_time = 0	ours=0 official=0	一致	coverage-enumerate.py (cards_stats_* / rarities)
S1数值	unit_cs:FireSpiritsProjectile	speed ↔ 官方 speed	400	FireSpiritsProjectile:speed = 400	ours=400 official=400	一致	coverage-enumerate.py (cards_stats_* / rarities)
S1数值	unit_cs:FireSpiritsProjectile	sprite_dir (本项目自定列)	-	本项目自定：sprite_dir	ours=	允许的差异(本项目自定列)	差异登记 D22 / docs/步骤文档.md §4.2
S1数值	unit_cs:FireSpiritsProjectile	summon_deploy_delay_ms (本项目自定列)	-	本项目自定：summon_deploy_delay_ms	ours=0	允许的差异(本项目自定列)	差异登记 D22 / docs/步骤文档.md §4.2
S1数值	unit_cs:FireSpiritsProjectile	summon_key (本项目自定列)	-	本项目自定：summon_key	ours=	允许的差异(本项目自定列)	差异登记 D22 / docs/步骤文档.md §4.2
S1数值	unit_cs:FireSpiritsProjectile	summon_n (本项目自定列)	-	本项目自定：summon_n	ours=0	允许的差异(本项目自定列)	差异登记 D22 / docs/步骤文档.md §4.2
S1数值	unit_cs:FireSpiritsProjectile	summon_radius_mt (本项目自定列)	-	本项目自定：summon_radius_mt	ours=0	允许的差异(本项目自定列)	差异登记 D22 / docs/步骤文档.md §4.2
S1数值	unit_cs:GiantSkeletonBomb	aoe_radius_mt ↔ 官方 area_damage_radius	0	GiantSkeletonBomb:area_damage_radius = 0	ours=0 official=0	一致	coverage-enumerate.py (cards_stats_* / rarities)
S1数值	unit_cs:GiantSkeletonBomb	atk_air ↔ 官方 attacks_air	1	GiantSkeletonBomb:attacks_air = 1	ours=1 official=1	一致	coverage-enumerate.py (cards_stats_* / rarities)
S1数值	unit_cs:GiantSkeletonBomb	atk_ground ↔ 官方 attacks_ground	1	GiantSkeletonBomb:attacks_ground = 1	ours=1 official=1	一致	coverage-enumerate.py (cards_stats_* / rarities)
S1数值	unit_cs:GiantSkeletonBomb	death_aoe_radius_mt ↔ 官方 death_damage_radius	3000	GiantSkeletonBomb:death_damage_radius = 3000	ours=3000 official=3000	一致	coverage-enumerate.py (cards_stats_* / rarities)
S1数值	unit_cs:GiantSkeletonBomb	death_damage ↔ 官方 death_damage	334	GiantSkeletonBomb:death_damage = 334	ours=334 official=334	一致	coverage-enumerate.py (cards_stats_* / rarities)
S1数值	unit_cs:GiantSkeletonBomb	death_spawn_n ↔ 官方 death_spawn_count	0	GiantSkeletonBomb:death_spawn_count = 0	ours=0 official=0	一致	coverage-enumerate.py (cards_stats_* / rarities)
S1数值	unit_cs:GiantSkeletonBomb	deploy_ms ↔ 官方 deploy_time	3000	GiantSkeletonBomb:deploy_time = 3000	ours=3000 official=3000	一致	coverage-enumerate.py (cards_stats_* / rarities)
S1数值	unit_cs:GiantSkeletonBomb	flying ↔ 官方 flying_height	0	GiantSkeletonBomb:flying_height = 0	ours=0 official=0	一致	coverage-enumerate.py (cards_stats_* / rarities)
S1数值	unit_cs:GiantSkeletonBomb	hit_speed_ms ↔ 官方 hit_speed	0	GiantSkeletonBomb:hit_speed = 0	ours=0 official=0	一致	coverage-enumerate.py (cards_stats_* / rarities)
S1数值	unit_cs:GiantSkeletonBomb	id (本项目自定列)	-	本项目自定：id	ours=26020069	允许的差异(本项目自定列)	差异登记 D22 / docs/步骤文档.md §4.2
S1数值	unit_cs:GiantSkeletonBomb	key (本项目自定列)	-	本项目自定：key	ours=GiantSkeletonBomb	允许的差异(本项目自定列)	差异登记 D22 / docs/步骤文档.md §4.2
S1数值	unit_cs:GiantSkeletonBomb	kind (本项目自定列)	-	本项目自定：kind	ours=1	允许的差异(本项目自定列)	差异登记 D22 / docs/步骤文档.md §4.2
S1数值	unit_cs:GiantSkeletonBomb	life_ms ↔ 官方 life_time	0	GiantSkeletonBomb:life_time = 0	ours=0 official=0	一致	coverage-enumerate.py (cards_stats_* / rarities)
S1数值	unit_cs:GiantSkeletonBomb	load_time_ms ↔ 官方 load_time	0	GiantSkeletonBomb:load_time = 0	ours=0 official=0	一致	coverage-enumerate.py (cards_stats_* / rarities)
S1数值	unit_cs:GiantSkeletonBomb	mass ↔ 官方 mass	0	GiantSkeletonBomb:mass = 0	ours=0 official=0	一致	coverage-enumerate.py (cards_stats_* / rarities)
S1数值	unit_cs:GiantSkeletonBomb	name_cn (本项目自定列)	-	本项目自定：name_cn	ours=	允许的差异(本项目自定列)	差异登记 D22 / docs/步骤文档.md §4.2
S1数值	unit_cs:GiantSkeletonBomb	only_buildings ↔ 官方 target_only_buildings	0	GiantSkeletonBomb:target_only_buildings = 0	ours=0 official=0	一致	coverage-enumerate.py (cards_stats_* / rarities)
S1数值	unit_cs:GiantSkeletonBomb	only_towers ↔ 官方 target_only_towers	0	GiantSkeletonBomb:target_only_towers = 0	ours=0 official=0	一致	coverage-enumerate.py (cards_stats_* / rarities)
S1数值	unit_cs:GiantSkeletonBomb	only_troops ↔ 官方 target_only_troops	0	GiantSkeletonBomb:target_only_troops = 0	ours=0 official=0	一致	coverage-enumerate.py (cards_stats_* / rarities)
S1数值	unit_cs:GiantSkeletonBomb	radius_mt ↔ 官方 collision_radius	450	GiantSkeletonBomb:collision_radius = 450	ours=450 official=450	一致	coverage-enumerate.py (cards_stats_* / rarities)
S1数值	unit_cs:GiantSkeletonBomb	range_mt ↔ 官方 range	0	GiantSkeletonBomb:range = 0	ours=0 official=0	一致	coverage-enumerate.py (cards_stats_* / rarities)
S1数值	unit_cs:GiantSkeletonBomb	sight_mt ↔ 官方 sight_range	0	GiantSkeletonBomb:sight_range = 0	ours=0 official=0	一致	coverage-enumerate.py (cards_stats_* / rarities)
S1数值	unit_cs:GiantSkeletonBomb	spawn_interval_ms ↔ 官方 spawn_interval/spawn_pause_time	0	GiantSkeletonBomb:spawn_interval/spawn_pause_time = 0	ours=0 official=0	一致	coverage-enumerate.py (cards_stats_* / rarities)
S1数值	unit_cs:GiantSkeletonBomb	spawn_limit ↔ 官方 spawn_limit	0	GiantSkeletonBomb:spawn_limit = 0	ours=0 official=0	一致	coverage-enumerate.py (cards_stats_* / rarities)
S1数值	unit_cs:GiantSkeletonBomb	spawn_n ↔ 官方 spawn_number	0	GiantSkeletonBomb:spawn_number = 0	ours=0 official=0	一致	coverage-enumerate.py (cards_stats_* / rarities)
S1数值	unit_cs:GiantSkeletonBomb	spawn_radius_mt ↔ 官方 spawn_radius	0	GiantSkeletonBomb:spawn_radius = 0	ours=0 official=0	一致	coverage-enumerate.py (cards_stats_* / rarities)
S1数值	unit_cs:GiantSkeletonBomb	speed ↔ 官方 speed	0	GiantSkeletonBomb:speed = 0	ours=0 official=0	一致	coverage-enumerate.py (cards_stats_* / rarities)
S1数值	unit_cs:GiantSkeletonBomb	sprite_dir (本项目自定列)	-	本项目自定：sprite_dir	ours=	允许的差异(本项目自定列)	差异登记 D22 / docs/步骤文档.md §4.2
S1数值	unit_cs:GiantSkeletonBomb	summon_deploy_delay_ms (本项目自定列)	-	本项目自定：summon_deploy_delay_ms	ours=0	允许的差异(本项目自定列)	差异登记 D22 / docs/步骤文档.md §4.2
S1数值	unit_cs:GiantSkeletonBomb	summon_key (本项目自定列)	-	本项目自定：summon_key	ours=	允许的差异(本项目自定列)	差异登记 D22 / docs/步骤文档.md §4.2
S1数值	unit_cs:GiantSkeletonBomb	summon_n (本项目自定列)	-	本项目自定：summon_n	ours=0	允许的差异(本项目自定列)	差异登记 D22 / docs/步骤文档.md §4.2
S1数值	unit_cs:GiantSkeletonBomb	summon_radius_mt (本项目自定列)	-	本项目自定：summon_radius_mt	ours=0	允许的差异(本项目自定列)	差异登记 D22 / docs/步骤文档.md §4.2
S1数值	unit_cs:Goblin	aoe_radius_mt ↔ 官方 area_damage_radius	0	Goblin:area_damage_radius = 0	ours=0 official=0	一致	coverage-enumerate.py (cards_stats_* / rarities)
S1数值	unit_cs:Goblin	atk_air ↔ 官方 attacks_air	0	Goblin:attacks_air = 0	ours=0 official=0	一致	coverage-enumerate.py (cards_stats_* / rarities)
S1数值	unit_cs:Goblin	atk_ground ↔ 官方 attacks_ground	1	Goblin:attacks_ground = 1	ours=1 official=1	一致	coverage-enumerate.py (cards_stats_* / rarities)
S1数值	unit_cs:Goblin	damage ↔ 官方 damage_per_level	120	Goblin:damage_per_level = 120	ours=120 official=120	一致	coverage-enumerate.py (cards_stats_* / rarities)
S1数值	unit_cs:Goblin	death_aoe_radius_mt ↔ 官方 death_damage_radius	0	Goblin:death_damage_radius = 0	ours=0 official=0	一致	coverage-enumerate.py (cards_stats_* / rarities)
S1数值	unit_cs:Goblin	death_damage ↔ 官方 death_damage	0	Goblin:death_damage = 0	ours=0 official=0	一致	coverage-enumerate.py (cards_stats_* / rarities)
S1数值	unit_cs:Goblin	death_spawn_n ↔ 官方 death_spawn_count	0	Goblin:death_spawn_count = 0	ours=0 official=0	一致	coverage-enumerate.py (cards_stats_* / rarities)
S1数值	unit_cs:Goblin	deploy_ms ↔ 官方 deploy_time	1000	Goblin:deploy_time = 1000	ours=1000 official=1000	一致	coverage-enumerate.py (cards_stats_* / rarities)
S1数值	unit_cs:Goblin	flying ↔ 官方 flying_height	0	Goblin:flying_height = 0	ours=0 official=0	一致	coverage-enumerate.py (cards_stats_* / rarities)
S1数值	unit_cs:Goblin	hit_speed_ms ↔ 官方 hit_speed	1100	Goblin:hit_speed = 1100	ours=1100 official=1100	一致	coverage-enumerate.py (cards_stats_* / rarities)
S1数值	unit_cs:Goblin	hp ↔ 官方 hitpoints_per_level	202	Goblin:hitpoints_per_level = 202	ours=202 official=202	一致	coverage-enumerate.py (cards_stats_* / rarities)
S1数值	unit_cs:Goblin	id (本项目自定列)	-	本项目自定：id	ours=26020005	允许的差异(本项目自定列)	差异登记 D22 / docs/步骤文档.md §4.2
S1数值	unit_cs:Goblin	key (本项目自定列)	-	本项目自定：key	ours=Goblin	允许的差异(本项目自定列)	差异登记 D22 / docs/步骤文档.md §4.2
S1数值	unit_cs:Goblin	kind (本项目自定列)	-	本项目自定：kind	ours=0	允许的差异(本项目自定列)	差异登记 D22 / docs/步骤文档.md §4.2
S1数值	unit_cs:Goblin	life_ms ↔ 官方 life_time	0	Goblin:life_time = 0	ours=0 official=0	一致	coverage-enumerate.py (cards_stats_* / rarities)
S1数值	unit_cs:Goblin	load_time_ms ↔ 官方 load_time	700	Goblin:load_time = 700	ours=700 official=700	一致	coverage-enumerate.py (cards_stats_* / rarities)
S1数值	unit_cs:Goblin	mass ↔ 官方 mass	2	Goblin:mass = 2	ours=2 official=2	一致	coverage-enumerate.py (cards_stats_* / rarities)
S1数值	unit_cs:Goblin	name_cn (本项目自定列)	-	本项目自定：name_cn	ours=	允许的差异(本项目自定列)	差异登记 D22 / docs/步骤文档.md §4.2
S1数值	unit_cs:Goblin	only_buildings ↔ 官方 target_only_buildings	0	Goblin:target_only_buildings = 0	ours=0 official=0	一致	coverage-enumerate.py (cards_stats_* / rarities)
S1数值	unit_cs:Goblin	only_towers ↔ 官方 target_only_towers	0	Goblin:target_only_towers = 0	ours=0 official=0	一致	coverage-enumerate.py (cards_stats_* / rarities)
S1数值	unit_cs:Goblin	only_troops ↔ 官方 target_only_troops	0	Goblin:target_only_troops = 0	ours=0 official=0	一致	coverage-enumerate.py (cards_stats_* / rarities)
S1数值	unit_cs:Goblin	radius_mt ↔ 官方 collision_radius	500	Goblin:collision_radius = 500	ours=500 official=500	一致	coverage-enumerate.py (cards_stats_* / rarities)
S1数值	unit_cs:Goblin	range_mt ↔ 官方 range	500	Goblin:range = 500	ours=500 official=500	一致	coverage-enumerate.py (cards_stats_* / rarities)
S1数值	unit_cs:Goblin	sight_mt ↔ 官方 sight_range	5500	Goblin:sight_range = 5500	ours=5500 official=5500	一致	coverage-enumerate.py (cards_stats_* / rarities)
S1数值	unit_cs:Goblin	spawn_interval_ms ↔ 官方 spawn_interval/spawn_pause_time	0	Goblin:spawn_interval/spawn_pause_time = 0	ours=0 official=0	一致	coverage-enumerate.py (cards_stats_* / rarities)
S1数值	unit_cs:Goblin	spawn_limit ↔ 官方 spawn_limit	0	Goblin:spawn_limit = 0	ours=0 official=0	一致	coverage-enumerate.py (cards_stats_* / rarities)
S1数值	unit_cs:Goblin	spawn_n ↔ 官方 spawn_number	0	Goblin:spawn_number = 0	ours=0 official=0	一致	coverage-enumerate.py (cards_stats_* / rarities)
S1数值	unit_cs:Goblin	spawn_radius_mt ↔ 官方 spawn_radius	0	Goblin:spawn_radius = 0	ours=0 official=0	一致	coverage-enumerate.py (cards_stats_* / rarities)
S1数值	unit_cs:Goblin	speed ↔ 官方 speed	120	Goblin:speed = 120	ours=120 official=120	一致	coverage-enumerate.py (cards_stats_* / rarities)
S1数值	unit_cs:Goblin	sprite_dir (本项目自定列)	-	本项目自定：sprite_dir	ours=chr_goblin_out	允许的差异(本项目自定列)	差异登记 D22 / docs/步骤文档.md §4.2
S1数值	unit_cs:Goblin	summon_deploy_delay_ms (本项目自定列)	-	本项目自定：summon_deploy_delay_ms	ours=0	允许的差异(本项目自定列)	差异登记 D22 / docs/步骤文档.md §4.2
S1数值	unit_cs:Goblin	summon_key (本项目自定列)	-	本项目自定：summon_key	ours=	允许的差异(本项目自定列)	差异登记 D22 / docs/步骤文档.md §4.2
S1数值	unit_cs:Goblin	summon_n (本项目自定列)	-	本项目自定：summon_n	ours=0	允许的差异(本项目自定列)	差异登记 D22 / docs/步骤文档.md §4.2
S1数值	unit_cs:Goblin	summon_radius_mt (本项目自定列)	-	本项目自定：summon_radius_mt	ours=0	允许的差异(本项目自定列)	差异登记 D22 / docs/步骤文档.md §4.2
S1数值	unit_cs:IceSpiritsProjectile	damage ↔ 官方 damage_per_level	110	IceSpiritsProjectile:damage_per_level = 110	ours=110 official=110	一致	coverage-enumerate.py (cards_stats_* / rarities)
S1数值	unit_cs:IceSpiritsProjectile	id (本项目自定列)	-	本项目自定：id	ours=26020075	允许的差异(本项目自定列)	差异登记 D22 / docs/步骤文档.md §4.2
S1数值	unit_cs:IceSpiritsProjectile	key (本项目自定列)	-	本项目自定：key	ours=IceSpiritsProjectile	允许的差异(本项目自定列)	差异登记 D22 / docs/步骤文档.md §4.2
S1数值	unit_cs:IceSpiritsProjectile	kind (本项目自定列)	-	本项目自定：kind	ours=3	允许的差异(本项目自定列)	差异登记 D22 / docs/步骤文档.md §4.2
S1数值	unit_cs:IceSpiritsProjectile	name_cn (本项目自定列)	-	本项目自定：name_cn	ours=	允许的差异(本项目自定列)	差异登记 D22 / docs/步骤文档.md §4.2
S1数值	unit_cs:IceSpiritsProjectile	radius_mt ↔ 官方 collision_radius	1500	IceSpiritsProjectile:collision_radius = 1500	ours=1500 official=1500	一致	coverage-enumerate.py (cards_stats_* / rarities)
S1数值	unit_cs:IceSpiritsProjectile	spawn_interval_ms ↔ 官方 spawn_interval/spawn_pause_time	0	IceSpiritsProjectile:spawn_interval/spawn_pause_time = 0	ours=0 official=0	一致	coverage-enumerate.py (cards_stats_* / rarities)
S1数值	unit_cs:IceSpiritsProjectile	speed ↔ 官方 speed	400	IceSpiritsProjectile:speed = 400	ours=400 official=400	一致	coverage-enumerate.py (cards_stats_* / rarities)
S1数值	unit_cs:IceSpiritsProjectile	sprite_dir (本项目自定列)	-	本项目自定：sprite_dir	ours=	允许的差异(本项目自定列)	差异登记 D22 / docs/步骤文档.md §4.2
S1数值	unit_cs:IceSpiritsProjectile	summon_deploy_delay_ms (本项目自定列)	-	本项目自定：summon_deploy_delay_ms	ours=0	允许的差异(本项目自定列)	差异登记 D22 / docs/步骤文档.md §4.2
S1数值	unit_cs:IceSpiritsProjectile	summon_key (本项目自定列)	-	本项目自定：summon_key	ours=	允许的差异(本项目自定列)	差异登记 D22 / docs/步骤文档.md §4.2
S1数值	unit_cs:IceSpiritsProjectile	summon_n (本项目自定列)	-	本项目自定：summon_n	ours=0	允许的差异(本项目自定列)	差异登记 D22 / docs/步骤文档.md §4.2
S1数值	unit_cs:IceSpiritsProjectile	summon_radius_mt (本项目自定列)	-	本项目自定：summon_radius_mt	ours=0	允许的差异(本项目自定列)	差异登记 D22 / docs/步骤文档.md §4.2
S1数值	unit_cs:KingProjectile	damage ↔ 官方 damage_per_level	128	KingProjectile:damage_per_level = 128	ours=128 official=128	一致	coverage-enumerate.py (cards_stats_* / rarities)
S1数值	unit_cs:KingProjectile	id (本项目自定列)	-	本项目自定：id	ours=26020089	允许的差异(本项目自定列)	差异登记 D22 / docs/步骤文档.md §4.2
S1数值	unit_cs:KingProjectile	key (本项目自定列)	-	本项目自定：key	ours=KingProjectile	允许的差异(本项目自定列)	差异登记 D22 / docs/步骤文档.md §4.2
S1数值	unit_cs:KingProjectile	kind (本项目自定列)	-	本项目自定：kind	ours=3	允许的差异(本项目自定列)	差异登记 D22 / docs/步骤文档.md §4.2
S1数值	unit_cs:KingProjectile	name_cn (本项目自定列)	-	本项目自定：name_cn	ours=	允许的差异(本项目自定列)	差异登记 D22 / docs/步骤文档.md §4.2
S1数值	unit_cs:KingProjectile	spawn_interval_ms ↔ 官方 spawn_interval/spawn_pause_time	0	KingProjectile:spawn_interval/spawn_pause_time = 0	ours=0 official=0	一致	coverage-enumerate.py (cards_stats_* / rarities)
S1数值	unit_cs:KingProjectile	speed ↔ 官方 speed	1000	KingProjectile:speed = 1000	ours=1000 official=1000	一致	coverage-enumerate.py (cards_stats_* / rarities)
S1数值	unit_cs:KingProjectile	sprite_dir (本项目自定列)	-	本项目自定：sprite_dir	ours=	允许的差异(本项目自定列)	差异登记 D22 / docs/步骤文档.md §4.2
S1数值	unit_cs:KingProjectile	summon_deploy_delay_ms (本项目自定列)	-	本项目自定：summon_deploy_delay_ms	ours=0	允许的差异(本项目自定列)	差异登记 D22 / docs/步骤文档.md §4.2
S1数值	unit_cs:KingProjectile	summon_key (本项目自定列)	-	本项目自定：summon_key	ours=	允许的差异(本项目自定列)	差异登记 D22 / docs/步骤文档.md §4.2
S1数值	unit_cs:KingProjectile	summon_n (本项目自定列)	-	本项目自定：summon_n	ours=0	允许的差异(本项目自定列)	差异登记 D22 / docs/步骤文档.md §4.2
S1数值	unit_cs:KingProjectile	summon_radius_mt (本项目自定列)	-	本项目自定：summon_radius_mt	ours=0	允许的差异(本项目自定列)	差异登记 D22 / docs/步骤文档.md §4.2
S1数值	unit_cs:KingTower	aoe_radius_mt ↔ 官方 area_damage_radius	0	KingTower:area_damage_radius = 0	ours=0 official=0	一致	coverage-enumerate.py (cards_stats_* / rarities)
S1数值	unit_cs:KingTower	atk_air ↔ 官方 attacks_air	1	KingTower:attacks_air = 1	ours=1 official=1	一致	coverage-enumerate.py (cards_stats_* / rarities)
S1数值	unit_cs:KingTower	atk_ground ↔ 官方 attacks_ground	1	KingTower:attacks_ground = 1	ours=1 official=1	一致	coverage-enumerate.py (cards_stats_* / rarities)
S1数值	unit_cs:KingTower	damage ↔ 官方 damage_per_level	128	KingTower:damage_per_level = 128	ours=128 official=128	一致	coverage-enumerate.py (cards_stats_* / rarities)
S1数值	unit_cs:KingTower	death_aoe_radius_mt ↔ 官方 death_damage_radius	0	KingTower:death_damage_radius = 0	ours=0 official=0	一致	coverage-enumerate.py (cards_stats_* / rarities)
S1数值	unit_cs:KingTower	death_damage ↔ 官方 death_damage	0	KingTower:death_damage = 0	ours=0 official=0	一致	coverage-enumerate.py (cards_stats_* / rarities)
S1数值	unit_cs:KingTower	death_spawn_n ↔ 官方 death_spawn_count	0	KingTower:death_spawn_count = 0	ours=0 official=0	一致	coverage-enumerate.py (cards_stats_* / rarities)
S1数值	unit_cs:KingTower	deploy_ms ↔ 官方 deploy_time	0	KingTower:deploy_time = 0	ours=0 official=0	一致	coverage-enumerate.py (cards_stats_* / rarities)
S1数值	unit_cs:KingTower	flying ↔ 官方 flying_height	0	KingTower:flying_height = 0	ours=0 official=0	一致	coverage-enumerate.py (cards_stats_* / rarities)
S1数值	unit_cs:KingTower	hit_speed_ms ↔ 官方 hit_speed	1000	KingTower:hit_speed = 1000	ours=1000 official=1000	一致	coverage-enumerate.py (cards_stats_* / rarities)
S1数值	unit_cs:KingTower	hp ↔ 官方 hitpoints_per_level	6144	KingTower:hitpoints_per_level = 6144	ours=6144 official=6144	一致	coverage-enumerate.py (cards_stats_* / rarities)
S1数值	unit_cs:KingTower	id (本项目自定列)	-	本项目自定：id	ours=26020059	允许的差异(本项目自定列)	差异登记 D22 / docs/步骤文档.md §4.2
S1数值	unit_cs:KingTower	key (本项目自定列)	-	本项目自定：key	ours=KingTower	允许的差异(本项目自定列)	差异登记 D22 / docs/步骤文档.md §4.2
S1数值	unit_cs:KingTower	kind (本项目自定列)	-	本项目自定：kind	ours=2	允许的差异(本项目自定列)	差异登记 D22 / docs/步骤文档.md §4.2
S1数值	unit_cs:KingTower	life_ms ↔ 官方 life_time	0	KingTower:life_time = 0	ours=0 official=0	一致	coverage-enumerate.py (cards_stats_* / rarities)
S1数值	unit_cs:KingTower	load_time_ms ↔ 官方 load_time	500	KingTower:load_time = 500	ours=500 official=500	一致	coverage-enumerate.py (cards_stats_* / rarities)
S1数值	unit_cs:KingTower	mass ↔ 官方 mass	0	KingTower:mass = 0	ours=0 official=0	一致	coverage-enumerate.py (cards_stats_* / rarities)
S1数值	unit_cs:KingTower	name_cn (本项目自定列)	-	本项目自定：name_cn	ours=国王塔	允许的差异(本项目自定列)	差异登记 D22 / docs/步骤文档.md §4.2
S1数值	unit_cs:KingTower	only_buildings ↔ 官方 target_only_buildings	0	KingTower:target_only_buildings = 0	ours=0 official=0	一致	coverage-enumerate.py (cards_stats_* / rarities)
S1数值	unit_cs:KingTower	only_towers ↔ 官方 target_only_towers	0	KingTower:target_only_towers = 0	ours=0 official=0	一致	coverage-enumerate.py (cards_stats_* / rarities)
S1数值	unit_cs:KingTower	only_troops ↔ 官方 target_only_troops	0	KingTower:target_only_troops = 0	ours=0 official=0	一致	coverage-enumerate.py (cards_stats_* / rarities)
S1数值	unit_cs:KingTower	projectile_key ↔ 官方 custom_first_projectile/projectile	KingProjectile	KingTower:custom_first_projectile/projectile = KingProjectile	ours=KingProjectile official=KingProjectile	一致	coverage-enumerate.py (cards_stats_* / rarities)
S1数值	unit_cs:KingTower	radius_mt ↔ 官方 collision_radius	1400	KingTower:collision_radius = 1400	ours=1400 official=1400	一致	coverage-enumerate.py (cards_stats_* / rarities)
S1数值	unit_cs:KingTower	range_mt ↔ 官方 range	7000	KingTower:range = 7000	ours=7000 official=7000	一致	coverage-enumerate.py (cards_stats_* / rarities)
S1数值	unit_cs:KingTower	sight_mt ↔ 官方 sight_range	7000	KingTower:sight_range = 7000	ours=7000 official=7000	一致	coverage-enumerate.py (cards_stats_* / rarities)
S1数值	unit_cs:KingTower	spawn_interval_ms ↔ 官方 spawn_interval/spawn_pause_time	0	KingTower:spawn_interval/spawn_pause_time = 0	ours=0 official=0	一致	coverage-enumerate.py (cards_stats_* / rarities)
S1数值	unit_cs:KingTower	spawn_limit ↔ 官方 spawn_limit	0	KingTower:spawn_limit = 0	ours=0 official=0	一致	coverage-enumerate.py (cards_stats_* / rarities)
S1数值	unit_cs:KingTower	spawn_n ↔ 官方 spawn_number	0	KingTower:spawn_number = 0	ours=0 official=0	一致	coverage-enumerate.py (cards_stats_* / rarities)
S1数值	unit_cs:KingTower	spawn_radius_mt ↔ 官方 spawn_radius	0	KingTower:spawn_radius = 0	ours=0 official=0	一致	coverage-enumerate.py (cards_stats_* / rarities)
S1数值	unit_cs:KingTower	speed ↔ 官方 speed	0	KingTower:speed = 0	ours=0 official=0	一致	coverage-enumerate.py (cards_stats_* / rarities)
S1数值	unit_cs:KingTower	sprite_dir (本项目自定列)	-	本项目自定：sprite_dir	ours=building_tower_out	允许的差异(本项目自定列)	差异登记 D22 / docs/步骤文档.md §4.2
S1数值	unit_cs:KingTower	summon_deploy_delay_ms (本项目自定列)	-	本项目自定：summon_deploy_delay_ms	ours=0	允许的差异(本项目自定列)	差异登记 D22 / docs/步骤文档.md §4.2
S1数值	unit_cs:KingTower	summon_key (本项目自定列)	-	本项目自定：summon_key	ours=	允许的差异(本项目自定列)	差异登记 D22 / docs/步骤文档.md §4.2
S1数值	unit_cs:KingTower	summon_n (本项目自定列)	-	本项目自定：summon_n	ours=0	允许的差异(本项目自定列)	差异登记 D22 / docs/步骤文档.md §4.2
S1数值	unit_cs:KingTower	summon_radius_mt (本项目自定列)	-	本项目自定：summon_radius_mt	ours=0	允许的差异(本项目自定列)	差异登记 D22 / docs/步骤文档.md §4.2
S1数值	unit_cs:LavaHoundProjectile	damage ↔ 官方 damage_per_level	54	LavaHoundProjectile:damage_per_level = 54	ours=54 official=54	一致	coverage-enumerate.py (cards_stats_* / rarities)
S1数值	unit_cs:LavaHoundProjectile	id (本项目自定列)	-	本项目自定：id	ours=26020073	允许的差异(本项目自定列)	差异登记 D22 / docs/步骤文档.md §4.2
S1数值	unit_cs:LavaHoundProjectile	key (本项目自定列)	-	本项目自定：key	ours=LavaHoundProjectile	允许的差异(本项目自定列)	差异登记 D22 / docs/步骤文档.md §4.2
S1数值	unit_cs:LavaHoundProjectile	kind (本项目自定列)	-	本项目自定：kind	ours=3	允许的差异(本项目自定列)	差异登记 D22 / docs/步骤文档.md §4.2
S1数值	unit_cs:LavaHoundProjectile	name_cn (本项目自定列)	-	本项目自定：name_cn	ours=	允许的差异(本项目自定列)	差异登记 D22 / docs/步骤文档.md §4.2
S1数值	unit_cs:LavaHoundProjectile	spawn_interval_ms ↔ 官方 spawn_interval/spawn_pause_time	0	LavaHoundProjectile:spawn_interval/spawn_pause_time = 0	ours=0 official=0	一致	coverage-enumerate.py (cards_stats_* / rarities)
S1数值	unit_cs:LavaHoundProjectile	speed ↔ 官方 speed	400	LavaHoundProjectile:speed = 400	ours=400 official=400	一致	coverage-enumerate.py (cards_stats_* / rarities)
S1数值	unit_cs:LavaHoundProjectile	sprite_dir (本项目自定列)	-	本项目自定：sprite_dir	ours=	允许的差异(本项目自定列)	差异登记 D22 / docs/步骤文档.md §4.2
S1数值	unit_cs:LavaHoundProjectile	summon_deploy_delay_ms (本项目自定列)	-	本项目自定：summon_deploy_delay_ms	ours=0	允许的差异(本项目自定列)	差异登记 D22 / docs/步骤文档.md §4.2
S1数值	unit_cs:LavaHoundProjectile	summon_key (本项目自定列)	-	本项目自定：summon_key	ours=	允许的差异(本项目自定列)	差异登记 D22 / docs/步骤文档.md §4.2
S1数值	unit_cs:LavaHoundProjectile	summon_n (本项目自定列)	-	本项目自定：summon_n	ours=0	允许的差异(本项目自定列)	差异登记 D22 / docs/步骤文档.md §4.2
S1数值	unit_cs:LavaHoundProjectile	summon_radius_mt (本项目自定列)	-	本项目自定：summon_radius_mt	ours=0	允许的差异(本项目自定列)	差异登记 D22 / docs/步骤文档.md §4.2
S1数值	unit_cs:LavaPupProjectile	damage ↔ 官方 damage_per_level	90	LavaPupProjectile:damage_per_level = 90	ours=90 official=90	一致	coverage-enumerate.py (cards_stats_* / rarities)
S1数值	unit_cs:LavaPupProjectile	id (本项目自定列)	-	本项目自定：id	ours=26020090	允许的差异(本项目自定列)	差异登记 D22 / docs/步骤文档.md §4.2
S1数值	unit_cs:LavaPupProjectile	key (本项目自定列)	-	本项目自定：key	ours=LavaPupProjectile	允许的差异(本项目自定列)	差异登记 D22 / docs/步骤文档.md §4.2
S1数值	unit_cs:LavaPupProjectile	kind (本项目自定列)	-	本项目自定：kind	ours=3	允许的差异(本项目自定列)	差异登记 D22 / docs/步骤文档.md §4.2
S1数值	unit_cs:LavaPupProjectile	name_cn (本项目自定列)	-	本项目自定：name_cn	ours=	允许的差异(本项目自定列)	差异登记 D22 / docs/步骤文档.md §4.2
S1数值	unit_cs:LavaPupProjectile	spawn_interval_ms ↔ 官方 spawn_interval/spawn_pause_time	0	LavaPupProjectile:spawn_interval/spawn_pause_time = 0	ours=0 official=0	一致	coverage-enumerate.py (cards_stats_* / rarities)
S1数值	unit_cs:LavaPupProjectile	speed ↔ 官方 speed	500	LavaPupProjectile:speed = 500	ours=500 official=500	一致	coverage-enumerate.py (cards_stats_* / rarities)
S1数值	unit_cs:LavaPupProjectile	sprite_dir (本项目自定列)	-	本项目自定：sprite_dir	ours=	允许的差异(本项目自定列)	差异登记 D22 / docs/步骤文档.md §4.2
S1数值	unit_cs:LavaPupProjectile	summon_deploy_delay_ms (本项目自定列)	-	本项目自定：summon_deploy_delay_ms	ours=0	允许的差异(本项目自定列)	差异登记 D22 / docs/步骤文档.md §4.2
S1数值	unit_cs:LavaPupProjectile	summon_key (本项目自定列)	-	本项目自定：summon_key	ours=	允许的差异(本项目自定列)	差异登记 D22 / docs/步骤文档.md §4.2
S1数值	unit_cs:LavaPupProjectile	summon_n (本项目自定列)	-	本项目自定：summon_n	ours=0	允许的差异(本项目自定列)	差异登记 D22 / docs/步骤文档.md §4.2
S1数值	unit_cs:LavaPupProjectile	summon_radius_mt (本项目自定列)	-	本项目自定：summon_radius_mt	ours=0	允许的差异(本项目自定列)	差异登记 D22 / docs/步骤文档.md §4.2
S1数值	unit_cs:LavaPups	aoe_radius_mt ↔ 官方 area_damage_radius	0	LavaPups:area_damage_radius = 0	ours=0 official=0	一致	coverage-enumerate.py (cards_stats_* / rarities)
S1数值	unit_cs:LavaPups	atk_air ↔ 官方 attacks_air	1	LavaPups:attacks_air = 1	ours=1 official=1	一致	coverage-enumerate.py (cards_stats_* / rarities)
S1数值	unit_cs:LavaPups	atk_ground ↔ 官方 attacks_ground	1	LavaPups:attacks_ground = 1	ours=1 official=1	一致	coverage-enumerate.py (cards_stats_* / rarities)
S1数值	unit_cs:LavaPups	damage ↔ 官方 damage_per_level	90	LavaPups:damage_per_level = 90	ours=90 official=90	一致	coverage-enumerate.py (cards_stats_* / rarities)
S1数值	unit_cs:LavaPups	death_aoe_radius_mt ↔ 官方 death_damage_radius	0	LavaPups:death_damage_radius = 0	ours=0 official=0	一致	coverage-enumerate.py (cards_stats_* / rarities)
S1数值	unit_cs:LavaPups	death_damage ↔ 官方 death_damage	0	LavaPups:death_damage = 0	ours=0 official=0	一致	coverage-enumerate.py (cards_stats_* / rarities)
S1数值	unit_cs:LavaPups	death_spawn_n ↔ 官方 death_spawn_count	0	LavaPups:death_spawn_count = 0	ours=0 official=0	一致	coverage-enumerate.py (cards_stats_* / rarities)
S1数值	unit_cs:LavaPups	deploy_ms ↔ 官方 deploy_time	1000	LavaPups:deploy_time = 1000	ours=1000 official=1000	一致	coverage-enumerate.py (cards_stats_* / rarities)
S1数值	unit_cs:LavaPups	flying ↔ 官方 flying_height	1	LavaPups:flying_height = 1	ours=1 official=1	一致	coverage-enumerate.py (cards_stats_* / rarities)
S1数值	unit_cs:LavaPups	hit_speed_ms ↔ 官方 hit_speed	1700	LavaPups:hit_speed = 1700	ours=1700 official=1700	一致	coverage-enumerate.py (cards_stats_* / rarities)
S1数值	unit_cs:LavaPups	hp ↔ 官方 hitpoints_per_level	216	LavaPups:hitpoints_per_level = 216	ours=216 official=216	一致	coverage-enumerate.py (cards_stats_* / rarities)
S1数值	unit_cs:LavaPups	id (本项目自定列)	-	本项目自定：id	ours=26020074	允许的差异(本项目自定列)	差异登记 D22 / docs/步骤文档.md §4.2
S1数值	unit_cs:LavaPups	key (本项目自定列)	-	本项目自定：key	ours=LavaPups	允许的差异(本项目自定列)	差异登记 D22 / docs/步骤文档.md §4.2
S1数值	unit_cs:LavaPups	kind (本项目自定列)	-	本项目自定：kind	ours=0	允许的差异(本项目自定列)	差异登记 D22 / docs/步骤文档.md §4.2
S1数值	unit_cs:LavaPups	life_ms ↔ 官方 life_time	0	LavaPups:life_time = 0	ours=0 official=0	一致	coverage-enumerate.py (cards_stats_* / rarities)
S1数值	unit_cs:LavaPups	load_time_ms ↔ 官方 load_time	700	LavaPups:load_time = 700	ours=700 official=700	一致	coverage-enumerate.py (cards_stats_* / rarities)
S1数值	unit_cs:LavaPups	mass ↔ 官方 mass	5	LavaPups:mass = 5	ours=5 official=5	一致	coverage-enumerate.py (cards_stats_* / rarities)
S1数值	unit_cs:LavaPups	name_cn (本项目自定列)	-	本项目自定：name_cn	ours=	允许的差异(本项目自定列)	差异登记 D22 / docs/步骤文档.md §4.2
S1数值	unit_cs:LavaPups	only_buildings ↔ 官方 target_only_buildings	0	LavaPups:target_only_buildings = 0	ours=0 official=0	一致	coverage-enumerate.py (cards_stats_* / rarities)
S1数值	unit_cs:LavaPups	only_towers ↔ 官方 target_only_towers	0	LavaPups:target_only_towers = 0	ours=0 official=0	一致	coverage-enumerate.py (cards_stats_* / rarities)
S1数值	unit_cs:LavaPups	only_troops ↔ 官方 target_only_troops	0	LavaPups:target_only_troops = 0	ours=0 official=0	一致	coverage-enumerate.py (cards_stats_* / rarities)
S1数值	unit_cs:LavaPups	projectile_key ↔ 官方 custom_first_projectile/projectile	LavaPupProjectile	LavaPups:custom_first_projectile/projectile = LavaPupProjectile	ours=LavaPupProjectile official=LavaPupProjectile	一致	coverage-enumerate.py (cards_stats_* / rarities)
S1数值	unit_cs:LavaPups	radius_mt ↔ 官方 collision_radius	450	LavaPups:collision_radius = 450	ours=450 official=450	一致	coverage-enumerate.py (cards_stats_* / rarities)
S1数值	unit_cs:LavaPups	range_mt ↔ 官方 range	1600	LavaPups:range = 1600	ours=1600 official=1600	一致	coverage-enumerate.py (cards_stats_* / rarities)
S1数值	unit_cs:LavaPups	sight_mt ↔ 官方 sight_range	5500	LavaPups:sight_range = 5500	ours=5500 official=5500	一致	coverage-enumerate.py (cards_stats_* / rarities)
S1数值	unit_cs:LavaPups	spawn_interval_ms ↔ 官方 spawn_interval/spawn_pause_time	0	LavaPups:spawn_interval/spawn_pause_time = 0	ours=0 official=0	一致	coverage-enumerate.py (cards_stats_* / rarities)
S1数值	unit_cs:LavaPups	spawn_limit ↔ 官方 spawn_limit	0	LavaPups:spawn_limit = 0	ours=0 official=0	一致	coverage-enumerate.py (cards_stats_* / rarities)
S1数值	unit_cs:LavaPups	spawn_n ↔ 官方 spawn_number	0	LavaPups:spawn_number = 0	ours=0 official=0	一致	coverage-enumerate.py (cards_stats_* / rarities)
S1数值	unit_cs:LavaPups	spawn_radius_mt ↔ 官方 spawn_radius	0	LavaPups:spawn_radius = 0	ours=0 official=0	一致	coverage-enumerate.py (cards_stats_* / rarities)
S1数值	unit_cs:LavaPups	speed ↔ 官方 speed	60	LavaPups:speed = 60	ours=60 official=60	一致	coverage-enumerate.py (cards_stats_* / rarities)
S1数值	unit_cs:LavaPups	sprite_dir (本项目自定列)	-	本项目自定：sprite_dir	ours=chr_lava_pups_out	允许的差异(本项目自定列)	差异登记 D22 / docs/步骤文档.md §4.2
S1数值	unit_cs:LavaPups	summon_deploy_delay_ms (本项目自定列)	-	本项目自定：summon_deploy_delay_ms	ours=0	允许的差异(本项目自定列)	差异登记 D22 / docs/步骤文档.md §4.2
S1数值	unit_cs:LavaPups	summon_key (本项目自定列)	-	本项目自定：summon_key	ours=	允许的差异(本项目自定列)	差异登记 D22 / docs/步骤文档.md §4.2
S1数值	unit_cs:LavaPups	summon_n (本项目自定列)	-	本项目自定：summon_n	ours=0	允许的差异(本项目自定列)	差异登记 D22 / docs/步骤文档.md §4.2
S1数值	unit_cs:LavaPups	summon_radius_mt (本项目自定列)	-	本项目自定：summon_radius_mt	ours=0	允许的差异(本项目自定列)	差异登记 D22 / docs/步骤文档.md §4.2
S1数值	unit_cs:MegaMinionSpit	damage ↔ 官方 damage_per_level	311	MegaMinionSpit:damage_per_level = 311	ours=311 official=311	一致	coverage-enumerate.py (cards_stats_* / rarities)
S1数值	unit_cs:MegaMinionSpit	id (本项目自定列)	-	本项目自定：id	ours=26020078	允许的差异(本项目自定列)	差异登记 D22 / docs/步骤文档.md §4.2
S1数值	unit_cs:MegaMinionSpit	key (本项目自定列)	-	本项目自定：key	ours=MegaMinionSpit	允许的差异(本项目自定列)	差异登记 D22 / docs/步骤文档.md §4.2
S1数值	unit_cs:MegaMinionSpit	kind (本项目自定列)	-	本项目自定：kind	ours=3	允许的差异(本项目自定列)	差异登记 D22 / docs/步骤文档.md §4.2
S1数值	unit_cs:MegaMinionSpit	name_cn (本项目自定列)	-	本项目自定：name_cn	ours=	允许的差异(本项目自定列)	差异登记 D22 / docs/步骤文档.md §4.2
S1数值	unit_cs:MegaMinionSpit	spawn_interval_ms ↔ 官方 spawn_interval/spawn_pause_time	0	MegaMinionSpit:spawn_interval/spawn_pause_time = 0	ours=0 official=0	一致	coverage-enumerate.py (cards_stats_* / rarities)
S1数值	unit_cs:MegaMinionSpit	speed ↔ 官方 speed	1000	MegaMinionSpit:speed = 1000	ours=1000 official=1000	一致	coverage-enumerate.py (cards_stats_* / rarities)
S1数值	unit_cs:MegaMinionSpit	sprite_dir (本项目自定列)	-	本项目自定：sprite_dir	ours=	允许的差异(本项目自定列)	差异登记 D22 / docs/步骤文档.md §4.2
S1数值	unit_cs:MegaMinionSpit	summon_deploy_delay_ms (本项目自定列)	-	本项目自定：summon_deploy_delay_ms	ours=0	允许的差异(本项目自定列)	差异登记 D22 / docs/步骤文档.md §4.2
S1数值	unit_cs:MegaMinionSpit	summon_key (本项目自定列)	-	本项目自定：summon_key	ours=	允许的差异(本项目自定列)	差异登记 D22 / docs/步骤文档.md §4.2
S1数值	unit_cs:MegaMinionSpit	summon_n (本项目自定列)	-	本项目自定：summon_n	ours=0	允许的差异(本项目自定列)	差异登记 D22 / docs/步骤文档.md §4.2
S1数值	unit_cs:MegaMinionSpit	summon_radius_mt (本项目自定列)	-	本项目自定：summon_radius_mt	ours=0	允许的差异(本项目自定列)	差异登记 D22 / docs/步骤文档.md §4.2
S1数值	unit_cs:Minion	aoe_radius_mt ↔ 官方 area_damage_radius	0	Minion:area_damage_radius = 0	ours=0 official=0	一致	coverage-enumerate.py (cards_stats_* / rarities)
S1数值	unit_cs:Minion	atk_air ↔ 官方 attacks_air	1	Minion:attacks_air = 1	ours=1 official=1	一致	coverage-enumerate.py (cards_stats_* / rarities)
S1数值	unit_cs:Minion	atk_ground ↔ 官方 attacks_ground	1	Minion:attacks_ground = 1	ours=1 official=1	一致	coverage-enumerate.py (cards_stats_* / rarities)
S1数值	unit_cs:Minion	damage ↔ 官方 damage_per_level	117	Minion:damage_per_level = 117	ours=117 official=117	一致	coverage-enumerate.py (cards_stats_* / rarities)
S1数值	unit_cs:Minion	death_aoe_radius_mt ↔ 官方 death_damage_radius	0	Minion:death_damage_radius = 0	ours=0 official=0	一致	coverage-enumerate.py (cards_stats_* / rarities)
S1数值	unit_cs:Minion	death_damage ↔ 官方 death_damage	0	Minion:death_damage = 0	ours=0 official=0	一致	coverage-enumerate.py (cards_stats_* / rarities)
S1数值	unit_cs:Minion	death_spawn_n ↔ 官方 death_spawn_count	0	Minion:death_spawn_count = 0	ours=0 official=0	一致	coverage-enumerate.py (cards_stats_* / rarities)
S1数值	unit_cs:Minion	deploy_ms ↔ 官方 deploy_time	1000	Minion:deploy_time = 1000	ours=1000 official=1000	一致	coverage-enumerate.py (cards_stats_* / rarities)
S1数值	unit_cs:Minion	flying ↔ 官方 flying_height	1	Minion:flying_height = 1	ours=1 official=1	一致	coverage-enumerate.py (cards_stats_* / rarities)
S1数值	unit_cs:Minion	hit_speed_ms ↔ 官方 hit_speed	1000	Minion:hit_speed = 1000	ours=1000 official=1000	一致	coverage-enumerate.py (cards_stats_* / rarities)
S1数值	unit_cs:Minion	hp ↔ 官方 hitpoints_per_level	230	Minion:hitpoints_per_level = 230	ours=230 official=230	一致	coverage-enumerate.py (cards_stats_* / rarities)
S1数值	unit_cs:Minion	id (本项目自定列)	-	本项目自定：id	ours=26020011	允许的差异(本项目自定列)	差异登记 D22 / docs/步骤文档.md §4.2
S1数值	unit_cs:Minion	key (本项目自定列)	-	本项目自定：key	ours=Minion	允许的差异(本项目自定列)	差异登记 D22 / docs/步骤文档.md §4.2
S1数值	unit_cs:Minion	kind (本项目自定列)	-	本项目自定：kind	ours=0	允许的差异(本项目自定列)	差异登记 D22 / docs/步骤文档.md §4.2
S1数值	unit_cs:Minion	life_ms ↔ 官方 life_time	0	Minion:life_time = 0	ours=0 official=0	一致	coverage-enumerate.py (cards_stats_* / rarities)
S1数值	unit_cs:Minion	load_time_ms ↔ 官方 load_time	500	Minion:load_time = 500	ours=500 official=500	一致	coverage-enumerate.py (cards_stats_* / rarities)
S1数值	unit_cs:Minion	mass ↔ 官方 mass	2	Minion:mass = 2	ours=2 official=2	一致	coverage-enumerate.py (cards_stats_* / rarities)
S1数值	unit_cs:Minion	name_cn (本项目自定列)	-	本项目自定：name_cn	ours=	允许的差异(本项目自定列)	差异登记 D22 / docs/步骤文档.md §4.2
S1数值	unit_cs:Minion	only_buildings ↔ 官方 target_only_buildings	0	Minion:target_only_buildings = 0	ours=0 official=0	一致	coverage-enumerate.py (cards_stats_* / rarities)
S1数值	unit_cs:Minion	only_towers ↔ 官方 target_only_towers	0	Minion:target_only_towers = 0	ours=0 official=0	一致	coverage-enumerate.py (cards_stats_* / rarities)
S1数值	unit_cs:Minion	only_troops ↔ 官方 target_only_troops	0	Minion:target_only_troops = 0	ours=0 official=0	一致	coverage-enumerate.py (cards_stats_* / rarities)
S1数值	unit_cs:Minion	projectile_key ↔ 官方 custom_first_projectile/projectile	MinionSpit	Minion:custom_first_projectile/projectile = MinionSpit	ours=MinionSpit official=MinionSpit	一致	coverage-enumerate.py (cards_stats_* / rarities)
S1数值	unit_cs:Minion	radius_mt ↔ 官方 collision_radius	500	Minion:collision_radius = 500	ours=500 official=500	一致	coverage-enumerate.py (cards_stats_* / rarities)
S1数值	unit_cs:Minion	range_mt ↔ 官方 range	1600	Minion:range = 1600	ours=1600 official=1600	一致	coverage-enumerate.py (cards_stats_* / rarities)
S1数值	unit_cs:Minion	sight_mt ↔ 官方 sight_range	5500	Minion:sight_range = 5500	ours=5500 official=5500	一致	coverage-enumerate.py (cards_stats_* / rarities)
S1数值	unit_cs:Minion	spawn_interval_ms ↔ 官方 spawn_interval/spawn_pause_time	0	Minion:spawn_interval/spawn_pause_time = 0	ours=0 official=0	一致	coverage-enumerate.py (cards_stats_* / rarities)
S1数值	unit_cs:Minion	spawn_limit ↔ 官方 spawn_limit	0	Minion:spawn_limit = 0	ours=0 official=0	一致	coverage-enumerate.py (cards_stats_* / rarities)
S1数值	unit_cs:Minion	spawn_n ↔ 官方 spawn_number	0	Minion:spawn_number = 0	ours=0 official=0	一致	coverage-enumerate.py (cards_stats_* / rarities)
S1数值	unit_cs:Minion	spawn_radius_mt ↔ 官方 spawn_radius	0	Minion:spawn_radius = 0	ours=0 official=0	一致	coverage-enumerate.py (cards_stats_* / rarities)
S1数值	unit_cs:Minion	speed ↔ 官方 speed	90	Minion:speed = 90	ours=90 official=90	一致	coverage-enumerate.py (cards_stats_* / rarities)
S1数值	unit_cs:Minion	sprite_dir (本项目自定列)	-	本项目自定：sprite_dir	ours=chr_minion_out	允许的差异(本项目自定列)	差异登记 D22 / docs/步骤文档.md §4.2
S1数值	unit_cs:Minion	summon_deploy_delay_ms (本项目自定列)	-	本项目自定：summon_deploy_delay_ms	ours=0	允许的差异(本项目自定列)	差异登记 D22 / docs/步骤文档.md §4.2
S1数值	unit_cs:Minion	summon_key (本项目自定列)	-	本项目自定：summon_key	ours=	允许的差异(本项目自定列)	差异登记 D22 / docs/步骤文档.md §4.2
S1数值	unit_cs:Minion	summon_n (本项目自定列)	-	本项目自定：summon_n	ours=0	允许的差异(本项目自定列)	差异登记 D22 / docs/步骤文档.md §4.2
S1数值	unit_cs:Minion	summon_radius_mt (本项目自定列)	-	本项目自定：summon_radius_mt	ours=0	允许的差异(本项目自定列)	差异登记 D22 / docs/步骤文档.md §4.2
S1数值	unit_cs:MinionSpit	damage ↔ 官方 damage_per_level	117	MinionSpit:damage_per_level = 117	ours=117 official=117	一致	coverage-enumerate.py (cards_stats_* / rarities)
S1数值	unit_cs:MinionSpit	id (本项目自定列)	-	本项目自定：id	ours=26020062	允许的差异(本项目自定列)	差异登记 D22 / docs/步骤文档.md §4.2
S1数值	unit_cs:MinionSpit	key (本项目自定列)	-	本项目自定：key	ours=MinionSpit	允许的差异(本项目自定列)	差异登记 D22 / docs/步骤文档.md §4.2
S1数值	unit_cs:MinionSpit	kind (本项目自定列)	-	本项目自定：kind	ours=3	允许的差异(本项目自定列)	差异登记 D22 / docs/步骤文档.md §4.2
S1数值	unit_cs:MinionSpit	name_cn (本项目自定列)	-	本项目自定：name_cn	ours=	允许的差异(本项目自定列)	差异登记 D22 / docs/步骤文档.md §4.2
S1数值	unit_cs:MinionSpit	spawn_interval_ms ↔ 官方 spawn_interval/spawn_pause_time	0	MinionSpit:spawn_interval/spawn_pause_time = 0	ours=0 official=0	一致	coverage-enumerate.py (cards_stats_* / rarities)
S1数值	unit_cs:MinionSpit	speed ↔ 官方 speed	1000	MinionSpit:speed = 1000	ours=1000 official=1000	一致	coverage-enumerate.py (cards_stats_* / rarities)
S1数值	unit_cs:MinionSpit	sprite_dir (本项目自定列)	-	本项目自定：sprite_dir	ours=	允许的差异(本项目自定列)	差异登记 D22 / docs/步骤文档.md §4.2
S1数值	unit_cs:MinionSpit	summon_deploy_delay_ms (本项目自定列)	-	本项目自定：summon_deploy_delay_ms	ours=0	允许的差异(本项目自定列)	差异登记 D22 / docs/步骤文档.md §4.2
S1数值	unit_cs:MinionSpit	summon_key (本项目自定列)	-	本项目自定：summon_key	ours=	允许的差异(本项目自定列)	差异登记 D22 / docs/步骤文档.md §4.2
S1数值	unit_cs:MinionSpit	summon_n (本项目自定列)	-	本项目自定：summon_n	ours=0	允许的差异(本项目自定列)	差异登记 D22 / docs/步骤文档.md §4.2
S1数值	unit_cs:MinionSpit	summon_radius_mt (本项目自定列)	-	本项目自定：summon_radius_mt	ours=0	允许的差异(本项目自定列)	差异登记 D22 / docs/步骤文档.md §4.2
S1数值	unit_cs:MortarProjectile	damage ↔ 官方 damage_per_level	266	MortarProjectile:damage_per_level = 266	ours=266 official=266	一致	coverage-enumerate.py (cards_stats_* / rarities)
S1数值	unit_cs:MortarProjectile	id (本项目自定列)	-	本项目自定：id	ours=26020084	允许的差异(本项目自定列)	差异登记 D22 / docs/步骤文档.md §4.2
S1数值	unit_cs:MortarProjectile	key (本项目自定列)	-	本项目自定：key	ours=MortarProjectile	允许的差异(本项目自定列)	差异登记 D22 / docs/步骤文档.md §4.2
S1数值	unit_cs:MortarProjectile	kind (本项目自定列)	-	本项目自定：kind	ours=3	允许的差异(本项目自定列)	差异登记 D22 / docs/步骤文档.md §4.2
S1数值	unit_cs:MortarProjectile	name_cn (本项目自定列)	-	本项目自定：name_cn	ours=	允许的差异(本项目自定列)	差异登记 D22 / docs/步骤文档.md §4.2
S1数值	unit_cs:MortarProjectile	radius_mt ↔ 官方 collision_radius	2000	MortarProjectile:collision_radius = 2000	ours=2000 official=2000	一致	coverage-enumerate.py (cards_stats_* / rarities)
S1数值	unit_cs:MortarProjectile	spawn_interval_ms ↔ 官方 spawn_interval/spawn_pause_time	0	MortarProjectile:spawn_interval/spawn_pause_time = 0	ours=0 official=0	一致	coverage-enumerate.py (cards_stats_* / rarities)
S1数值	unit_cs:MortarProjectile	speed ↔ 官方 speed	300	MortarProjectile:speed = 300	ours=300 official=300	一致	coverage-enumerate.py (cards_stats_* / rarities)
S1数值	unit_cs:MortarProjectile	sprite_dir (本项目自定列)	-	本项目自定：sprite_dir	ours=	允许的差异(本项目自定列)	差异登记 D22 / docs/步骤文档.md §4.2
S1数值	unit_cs:MortarProjectile	summon_deploy_delay_ms (本项目自定列)	-	本项目自定：summon_deploy_delay_ms	ours=0	允许的差异(本项目自定列)	差异登记 D22 / docs/步骤文档.md §4.2
S1数值	unit_cs:MortarProjectile	summon_key (本项目自定列)	-	本项目自定：summon_key	ours=	允许的差异(本项目自定列)	差异登记 D22 / docs/步骤文档.md §4.2
S1数值	unit_cs:MortarProjectile	summon_n (本项目自定列)	-	本项目自定：summon_n	ours=0	允许的差异(本项目自定列)	差异登记 D22 / docs/步骤文档.md §4.2
S1数值	unit_cs:MortarProjectile	summon_radius_mt (本项目自定列)	-	本项目自定：summon_radius_mt	ours=0	允许的差异(本项目自定列)	差异登记 D22 / docs/步骤文档.md §4.2
S1数值	unit_cs:MovingCannonProjectile	damage ↔ 官方 damage_per_level	212	MovingCannonProjectile:damage_per_level = 212	ours=212 official=212	一致	coverage-enumerate.py (cards_stats_* / rarities)
S1数值	unit_cs:MovingCannonProjectile	id (本项目自定列)	-	本项目自定：id	ours=26020081	允许的差异(本项目自定列)	差异登记 D22 / docs/步骤文档.md §4.2
S1数值	unit_cs:MovingCannonProjectile	key (本项目自定列)	-	本项目自定：key	ours=MovingCannonProjectile	允许的差异(本项目自定列)	差异登记 D22 / docs/步骤文档.md §4.2
S1数值	unit_cs:MovingCannonProjectile	kind (本项目自定列)	-	本项目自定：kind	ours=3	允许的差异(本项目自定列)	差异登记 D22 / docs/步骤文档.md §4.2
S1数值	unit_cs:MovingCannonProjectile	name_cn (本项目自定列)	-	本项目自定：name_cn	ours=	允许的差异(本项目自定列)	差异登记 D22 / docs/步骤文档.md §4.2
S1数值	unit_cs:MovingCannonProjectile	spawn_interval_ms ↔ 官方 spawn_interval/spawn_pause_time	0	MovingCannonProjectile:spawn_interval/spawn_pause_time = 0	ours=0 official=0	一致	coverage-enumerate.py (cards_stats_* / rarities)
S1数值	unit_cs:MovingCannonProjectile	speed ↔ 官方 speed	1000	MovingCannonProjectile:speed = 1000	ours=1000 official=1000	一致	coverage-enumerate.py (cards_stats_* / rarities)
S1数值	unit_cs:MovingCannonProjectile	sprite_dir (本项目自定列)	-	本项目自定：sprite_dir	ours=	允许的差异(本项目自定列)	差异登记 D22 / docs/步骤文档.md §4.2
S1数值	unit_cs:MovingCannonProjectile	summon_deploy_delay_ms (本项目自定列)	-	本项目自定：summon_deploy_delay_ms	ours=0	允许的差异(本项目自定列)	差异登记 D22 / docs/步骤文档.md §4.2
S1数值	unit_cs:MovingCannonProjectile	summon_key (本项目自定列)	-	本项目自定：summon_key	ours=	允许的差异(本项目自定列)	差异登记 D22 / docs/步骤文档.md §4.2
S1数值	unit_cs:MovingCannonProjectile	summon_n (本项目自定列)	-	本项目自定：summon_n	ours=0	允许的差异(本项目自定列)	差异登记 D22 / docs/步骤文档.md §4.2
S1数值	unit_cs:MovingCannonProjectile	summon_radius_mt (本项目自定列)	-	本项目自定：summon_radius_mt	ours=0	允许的差异(本项目自定列)	差异登记 D22 / docs/步骤文档.md §4.2
S1数值	unit_cs:MusketeerProjectile	damage ↔ 官方 damage_per_level	218	MusketeerProjectile:damage_per_level = 218	ours=218 official=218	一致	coverage-enumerate.py (cards_stats_* / rarities)
S1数值	unit_cs:MusketeerProjectile	id (本项目自定列)	-	本项目自定：id	ours=26020066	允许的差异(本项目自定列)	差异登记 D22 / docs/步骤文档.md §4.2
S1数值	unit_cs:MusketeerProjectile	key (本项目自定列)	-	本项目自定：key	ours=MusketeerProjectile	允许的差异(本项目自定列)	差异登记 D22 / docs/步骤文档.md §4.2
S1数值	unit_cs:MusketeerProjectile	kind (本项目自定列)	-	本项目自定：kind	ours=3	允许的差异(本项目自定列)	差异登记 D22 / docs/步骤文档.md §4.2
S1数值	unit_cs:MusketeerProjectile	name_cn (本项目自定列)	-	本项目自定：name_cn	ours=	允许的差异(本项目自定列)	差异登记 D22 / docs/步骤文档.md §4.2
S1数值	unit_cs:MusketeerProjectile	spawn_interval_ms ↔ 官方 spawn_interval/spawn_pause_time	0	MusketeerProjectile:spawn_interval/spawn_pause_time = 0	ours=0 official=0	一致	coverage-enumerate.py (cards_stats_* / rarities)
S1数值	unit_cs:MusketeerProjectile	speed ↔ 官方 speed	1000	MusketeerProjectile:speed = 1000	ours=1000 official=1000	一致	coverage-enumerate.py (cards_stats_* / rarities)
S1数值	unit_cs:MusketeerProjectile	sprite_dir (本项目自定列)	-	本项目自定：sprite_dir	ours=	允许的差异(本项目自定列)	差异登记 D22 / docs/步骤文档.md §4.2
S1数值	unit_cs:MusketeerProjectile	summon_deploy_delay_ms (本项目自定列)	-	本项目自定：summon_deploy_delay_ms	ours=0	允许的差异(本项目自定列)	差异登记 D22 / docs/步骤文档.md §4.2
S1数值	unit_cs:MusketeerProjectile	summon_key (本项目自定列)	-	本项目自定：summon_key	ours=	允许的差异(本项目自定列)	差异登记 D22 / docs/步骤文档.md §4.2
S1数值	unit_cs:MusketeerProjectile	summon_n (本项目自定列)	-	本项目自定：summon_n	ours=0	允许的差异(本项目自定列)	差异登记 D22 / docs/步骤文档.md §4.2
S1数值	unit_cs:MusketeerProjectile	summon_radius_mt (本项目自定列)	-	本项目自定：summon_radius_mt	ours=0	允许的差异(本项目自定列)	差异登记 D22 / docs/步骤文档.md §4.2
S1数值	unit_cs:PrincessProjectile	damage ↔ 官方 damage_per_level	169	PrincessProjectile:damage_per_level = 169	ours=169 official=169	一致	coverage-enumerate.py (cards_stats_* / rarities)
S1数值	unit_cs:PrincessProjectile	id (本项目自定列)	-	本项目自定：id	ours=26020072	允许的差异(本项目自定列)	差异登记 D22 / docs/步骤文档.md §4.2
S1数值	unit_cs:PrincessProjectile	key (本项目自定列)	-	本项目自定：key	ours=PrincessProjectile	允许的差异(本项目自定列)	差异登记 D22 / docs/步骤文档.md §4.2
S1数值	unit_cs:PrincessProjectile	kind (本项目自定列)	-	本项目自定：kind	ours=3	允许的差异(本项目自定列)	差异登记 D22 / docs/步骤文档.md §4.2
S1数值	unit_cs:PrincessProjectile	name_cn (本项目自定列)	-	本项目自定：name_cn	ours=	允许的差异(本项目自定列)	差异登记 D22 / docs/步骤文档.md §4.2
S1数值	unit_cs:PrincessProjectile	radius_mt ↔ 官方 collision_radius	2000	PrincessProjectile:collision_radius = 2000	ours=2000 official=2000	一致	coverage-enumerate.py (cards_stats_* / rarities)
S1数值	unit_cs:PrincessProjectile	spawn_interval_ms ↔ 官方 spawn_interval/spawn_pause_time	0	PrincessProjectile:spawn_interval/spawn_pause_time = 0	ours=0 official=0	一致	coverage-enumerate.py (cards_stats_* / rarities)
S1数值	unit_cs:PrincessProjectile	speed ↔ 官方 speed	600	PrincessProjectile:speed = 600	ours=600 official=600	一致	coverage-enumerate.py (cards_stats_* / rarities)
S1数值	unit_cs:PrincessProjectile	sprite_dir (本项目自定列)	-	本项目自定：sprite_dir	ours=	允许的差异(本项目自定列)	差异登记 D22 / docs/步骤文档.md §4.2
S1数值	unit_cs:PrincessProjectile	summon_deploy_delay_ms (本项目自定列)	-	本项目自定：summon_deploy_delay_ms	ours=0	允许的差异(本项目自定列)	差异登记 D22 / docs/步骤文档.md §4.2
S1数值	unit_cs:PrincessProjectile	summon_key (本项目自定列)	-	本项目自定：summon_key	ours=	允许的差异(本项目自定列)	差异登记 D22 / docs/步骤文档.md §4.2
S1数值	unit_cs:PrincessProjectile	summon_n (本项目自定列)	-	本项目自定：summon_n	ours=0	允许的差异(本项目自定列)	差异登记 D22 / docs/步骤文档.md §4.2
S1数值	unit_cs:PrincessProjectile	summon_radius_mt (本项目自定列)	-	本项目自定：summon_radius_mt	ours=0	允许的差异(本项目自定列)	差异登记 D22 / docs/步骤文档.md §4.2
S1数值	unit_cs:PrincessTower	aoe_radius_mt ↔ 官方 area_damage_radius	0	PrincessTower:area_damage_radius = 0	ours=0 official=0	一致	coverage-enumerate.py (cards_stats_* / rarities)
S1数值	unit_cs:PrincessTower	atk_air ↔ 官方 attacks_air	1	PrincessTower:attacks_air = 1	ours=1 official=1	一致	coverage-enumerate.py (cards_stats_* / rarities)
S1数值	unit_cs:PrincessTower	atk_ground ↔ 官方 attacks_ground	1	PrincessTower:attacks_ground = 1	ours=1 official=1	一致	coverage-enumerate.py (cards_stats_* / rarities)
S1数值	unit_cs:PrincessTower	damage ↔ 官方 damage_per_level	128	PrincessTower:damage_per_level = 128	ours=128 official=128	一致	coverage-enumerate.py (cards_stats_* / rarities)
S1数值	unit_cs:PrincessTower	death_aoe_radius_mt ↔ 官方 death_damage_radius	0	PrincessTower:death_damage_radius = 0	ours=0 official=0	一致	coverage-enumerate.py (cards_stats_* / rarities)
S1数值	unit_cs:PrincessTower	death_damage ↔ 官方 death_damage	0	PrincessTower:death_damage = 0	ours=0 official=0	一致	coverage-enumerate.py (cards_stats_* / rarities)
S1数值	unit_cs:PrincessTower	death_spawn_n ↔ 官方 death_spawn_count	0	PrincessTower:death_spawn_count = 0	ours=0 official=0	一致	coverage-enumerate.py (cards_stats_* / rarities)
S1数值	unit_cs:PrincessTower	deploy_ms ↔ 官方 deploy_time	0	PrincessTower:deploy_time = 0	ours=0 official=0	一致	coverage-enumerate.py (cards_stats_* / rarities)
S1数值	unit_cs:PrincessTower	flying ↔ 官方 flying_height	0	PrincessTower:flying_height = 0	ours=0 official=0	一致	coverage-enumerate.py (cards_stats_* / rarities)
S1数值	unit_cs:PrincessTower	hit_speed_ms ↔ 官方 hit_speed	800	PrincessTower:hit_speed = 800	ours=800 official=800	一致	coverage-enumerate.py (cards_stats_* / rarities)
S1数值	unit_cs:PrincessTower	hp ↔ 官方 hitpoints_per_level	3584	PrincessTower:hitpoints_per_level = 3584	ours=3584 official=3584	一致	coverage-enumerate.py (cards_stats_* / rarities)
S1数值	unit_cs:PrincessTower	id (本项目自定列)	-	本项目自定：id	ours=26020058	允许的差异(本项目自定列)	差异登记 D22 / docs/步骤文档.md §4.2
S1数值	unit_cs:PrincessTower	key (本项目自定列)	-	本项目自定：key	ours=PrincessTower	允许的差异(本项目自定列)	差异登记 D22 / docs/步骤文档.md §4.2
S1数值	unit_cs:PrincessTower	kind (本项目自定列)	-	本项目自定：kind	ours=2	允许的差异(本项目自定列)	差异登记 D22 / docs/步骤文档.md §4.2
S1数值	unit_cs:PrincessTower	life_ms ↔ 官方 life_time	0	PrincessTower:life_time = 0	ours=0 official=0	一致	coverage-enumerate.py (cards_stats_* / rarities)
S1数值	unit_cs:PrincessTower	load_time_ms ↔ 官方 load_time	0	PrincessTower:load_time = 0	ours=0 official=0	一致	coverage-enumerate.py (cards_stats_* / rarities)
S1数值	unit_cs:PrincessTower	mass ↔ 官方 mass	0	PrincessTower:mass = 0	ours=0 official=0	一致	coverage-enumerate.py (cards_stats_* / rarities)
S1数值	unit_cs:PrincessTower	name_cn (本项目自定列)	-	本项目自定：name_cn	ours=公主塔	允许的差异(本项目自定列)	差异登记 D22 / docs/步骤文档.md §4.2
S1数值	unit_cs:PrincessTower	only_buildings ↔ 官方 target_only_buildings	0	PrincessTower:target_only_buildings = 0	ours=0 official=0	一致	coverage-enumerate.py (cards_stats_* / rarities)
S1数值	unit_cs:PrincessTower	only_towers ↔ 官方 target_only_towers	0	PrincessTower:target_only_towers = 0	ours=0 official=0	一致	coverage-enumerate.py (cards_stats_* / rarities)
S1数值	unit_cs:PrincessTower	only_troops ↔ 官方 target_only_troops	0	PrincessTower:target_only_troops = 0	ours=0 official=0	一致	coverage-enumerate.py (cards_stats_* / rarities)
S1数值	unit_cs:PrincessTower	projectile_key ↔ 官方 custom_first_projectile/projectile	TowerPrincessProjectile	PrincessTower:custom_first_projectile/projectile = TowerPrincessProjectile	ours=TowerPrincessProjectile official=TowerPrincessProjectile	一致	coverage-enumerate.py (cards_stats_* / rarities)
S1数值	unit_cs:PrincessTower	radius_mt ↔ 官方 collision_radius	1000	PrincessTower:collision_radius = 1000	ours=1000 official=1000	一致	coverage-enumerate.py (cards_stats_* / rarities)
S1数值	unit_cs:PrincessTower	range_mt ↔ 官方 range	7500	PrincessTower:range = 7500	ours=7500 official=7500	一致	coverage-enumerate.py (cards_stats_* / rarities)
S1数值	unit_cs:PrincessTower	sight_mt ↔ 官方 sight_range	7500	PrincessTower:sight_range = 7500	ours=7500 official=7500	一致	coverage-enumerate.py (cards_stats_* / rarities)
S1数值	unit_cs:PrincessTower	spawn_interval_ms ↔ 官方 spawn_interval/spawn_pause_time	0	PrincessTower:spawn_interval/spawn_pause_time = 0	ours=0 official=0	一致	coverage-enumerate.py (cards_stats_* / rarities)
S1数值	unit_cs:PrincessTower	spawn_limit ↔ 官方 spawn_limit	0	PrincessTower:spawn_limit = 0	ours=0 official=0	一致	coverage-enumerate.py (cards_stats_* / rarities)
S1数值	unit_cs:PrincessTower	spawn_n ↔ 官方 spawn_number	0	PrincessTower:spawn_number = 0	ours=0 official=0	一致	coverage-enumerate.py (cards_stats_* / rarities)
S1数值	unit_cs:PrincessTower	spawn_radius_mt ↔ 官方 spawn_radius	0	PrincessTower:spawn_radius = 0	ours=0 official=0	一致	coverage-enumerate.py (cards_stats_* / rarities)
S1数值	unit_cs:PrincessTower	speed ↔ 官方 speed	0	PrincessTower:speed = 0	ours=0 official=0	一致	coverage-enumerate.py (cards_stats_* / rarities)
S1数值	unit_cs:PrincessTower	sprite_dir (本项目自定列)	-	本项目自定：sprite_dir	ours=building_tower_out	允许的差异(本项目自定列)	差异登记 D22 / docs/步骤文档.md §4.2
S1数值	unit_cs:PrincessTower	summon_deploy_delay_ms (本项目自定列)	-	本项目自定：summon_deploy_delay_ms	ours=0	允许的差异(本项目自定列)	差异登记 D22 / docs/步骤文档.md §4.2
S1数值	unit_cs:PrincessTower	summon_key (本项目自定列)	-	本项目自定：summon_key	ours=	允许的差异(本项目自定列)	差异登记 D22 / docs/步骤文档.md §4.2
S1数值	unit_cs:PrincessTower	summon_n (本项目自定列)	-	本项目自定：summon_n	ours=0	允许的差异(本项目自定列)	差异登记 D22 / docs/步骤文档.md §4.2
S1数值	unit_cs:PrincessTower	summon_radius_mt (本项目自定列)	-	本项目自定：summon_radius_mt	ours=0	允许的差异(本项目自定列)	差异登记 D22 / docs/步骤文档.md §4.2
S1数值	unit_cs:RoyalGiantProjectile	damage ↔ 官方 damage_per_level	307	RoyalGiantProjectile:damage_per_level = 307	ours=307 official=307	一致	coverage-enumerate.py (cards_stats_* / rarities)
S1数值	unit_cs:RoyalGiantProjectile	id (本项目自定列)	-	本项目自定：id	ours=26020071	允许的差异(本项目自定列)	差异登记 D22 / docs/步骤文档.md §4.2
S1数值	unit_cs:RoyalGiantProjectile	key (本项目自定列)	-	本项目自定：key	ours=RoyalGiantProjectile	允许的差异(本项目自定列)	差异登记 D22 / docs/步骤文档.md §4.2
S1数值	unit_cs:RoyalGiantProjectile	kind (本项目自定列)	-	本项目自定：kind	ours=3	允许的差异(本项目自定列)	差异登记 D22 / docs/步骤文档.md §4.2
S1数值	unit_cs:RoyalGiantProjectile	name_cn (本项目自定列)	-	本项目自定：name_cn	ours=	允许的差异(本项目自定列)	差异登记 D22 / docs/步骤文档.md §4.2
S1数值	unit_cs:RoyalGiantProjectile	spawn_interval_ms ↔ 官方 spawn_interval/spawn_pause_time	0	RoyalGiantProjectile:spawn_interval/spawn_pause_time = 0	ours=0 official=0	一致	coverage-enumerate.py (cards_stats_* / rarities)
S1数值	unit_cs:RoyalGiantProjectile	speed ↔ 官方 speed	1000	RoyalGiantProjectile:speed = 1000	ours=1000 official=1000	一致	coverage-enumerate.py (cards_stats_* / rarities)
S1数值	unit_cs:RoyalGiantProjectile	sprite_dir (本项目自定列)	-	本项目自定：sprite_dir	ours=	允许的差异(本项目自定列)	差异登记 D22 / docs/步骤文档.md §4.2
S1数值	unit_cs:RoyalGiantProjectile	summon_deploy_delay_ms (本项目自定列)	-	本项目自定：summon_deploy_delay_ms	ours=0	允许的差异(本项目自定列)	差异登记 D22 / docs/步骤文档.md §4.2
S1数值	unit_cs:RoyalGiantProjectile	summon_key (本项目自定列)	-	本项目自定：summon_key	ours=	允许的差异(本项目自定列)	差异登记 D22 / docs/步骤文档.md §4.2
S1数值	unit_cs:RoyalGiantProjectile	summon_n (本项目自定列)	-	本项目自定：summon_n	ours=0	允许的差异(本项目自定列)	差异登记 D22 / docs/步骤文档.md §4.2
S1数值	unit_cs:RoyalGiantProjectile	summon_radius_mt (本项目自定列)	-	本项目自定：summon_radius_mt	ours=0	允许的差异(本项目自定列)	差异登记 D22 / docs/步骤文档.md §4.2
S1数值	unit_cs:Skeleton	aoe_radius_mt ↔ 官方 area_damage_radius	0	Skeleton:area_damage_radius = 0	ours=0 official=0	一致	coverage-enumerate.py (cards_stats_* / rarities)
S1数值	unit_cs:Skeleton	atk_air ↔ 官方 attacks_air	0	Skeleton:attacks_air = 0	ours=0 official=0	一致	coverage-enumerate.py (cards_stats_* / rarities)
S1数值	unit_cs:Skeleton	atk_ground ↔ 官方 attacks_ground	1	Skeleton:attacks_ground = 1	ours=1 official=1	一致	coverage-enumerate.py (cards_stats_* / rarities)
S1数值	unit_cs:Skeleton	damage ↔ 官方 damage_per_level	81	Skeleton:damage_per_level = 81	ours=81 official=81	一致	coverage-enumerate.py (cards_stats_* / rarities)
S1数值	unit_cs:Skeleton	death_aoe_radius_mt ↔ 官方 death_damage_radius	0	Skeleton:death_damage_radius = 0	ours=0 official=0	一致	coverage-enumerate.py (cards_stats_* / rarities)
S1数值	unit_cs:Skeleton	death_damage ↔ 官方 death_damage	0	Skeleton:death_damage = 0	ours=0 official=0	一致	coverage-enumerate.py (cards_stats_* / rarities)
S1数值	unit_cs:Skeleton	death_spawn_n ↔ 官方 death_spawn_count	0	Skeleton:death_spawn_count = 0	ours=0 official=0	一致	coverage-enumerate.py (cards_stats_* / rarities)
S1数值	unit_cs:Skeleton	deploy_ms ↔ 官方 deploy_time	1000	Skeleton:deploy_time = 1000	ours=1000 official=1000	一致	coverage-enumerate.py (cards_stats_* / rarities)
S1数值	unit_cs:Skeleton	flying ↔ 官方 flying_height	0	Skeleton:flying_height = 0	ours=0 official=0	一致	coverage-enumerate.py (cards_stats_* / rarities)
S1数值	unit_cs:Skeleton	hit_speed_ms ↔ 官方 hit_speed	1000	Skeleton:hit_speed = 1000	ours=1000 official=1000	一致	coverage-enumerate.py (cards_stats_* / rarities)
S1数值	unit_cs:Skeleton	hp ↔ 官方 hitpoints_per_level	81	Skeleton:hitpoints_per_level = 81	ours=81 official=81	一致	coverage-enumerate.py (cards_stats_* / rarities)
S1数值	unit_cs:Skeleton	id (本项目自定列)	-	本项目自定：id	ours=26020018	允许的差异(本项目自定列)	差异登记 D22 / docs/步骤文档.md §4.2
S1数值	unit_cs:Skeleton	key (本项目自定列)	-	本项目自定：key	ours=Skeleton	允许的差异(本项目自定列)	差异登记 D22 / docs/步骤文档.md §4.2
S1数值	unit_cs:Skeleton	kind (本项目自定列)	-	本项目自定：kind	ours=0	允许的差异(本项目自定列)	差异登记 D22 / docs/步骤文档.md §4.2
S1数值	unit_cs:Skeleton	life_ms ↔ 官方 life_time	0	Skeleton:life_time = 0	ours=0 official=0	一致	coverage-enumerate.py (cards_stats_* / rarities)
S1数值	unit_cs:Skeleton	load_time_ms ↔ 官方 load_time	500	Skeleton:load_time = 500	ours=500 official=500	一致	coverage-enumerate.py (cards_stats_* / rarities)
S1数值	unit_cs:Skeleton	mass ↔ 官方 mass	1	Skeleton:mass = 1	ours=1 official=1	一致	coverage-enumerate.py (cards_stats_* / rarities)
S1数值	unit_cs:Skeleton	name_cn (本项目自定列)	-	本项目自定：name_cn	ours=	允许的差异(本项目自定列)	差异登记 D22 / docs/步骤文档.md §4.2
S1数值	unit_cs:Skeleton	only_buildings ↔ 官方 target_only_buildings	0	Skeleton:target_only_buildings = 0	ours=0 official=0	一致	coverage-enumerate.py (cards_stats_* / rarities)
S1数值	unit_cs:Skeleton	only_towers ↔ 官方 target_only_towers	0	Skeleton:target_only_towers = 0	ours=0 official=0	一致	coverage-enumerate.py (cards_stats_* / rarities)
S1数值	unit_cs:Skeleton	only_troops ↔ 官方 target_only_troops	0	Skeleton:target_only_troops = 0	ours=0 official=0	一致	coverage-enumerate.py (cards_stats_* / rarities)
S1数值	unit_cs:Skeleton	radius_mt ↔ 官方 collision_radius	500	Skeleton:collision_radius = 500	ours=500 official=500	一致	coverage-enumerate.py (cards_stats_* / rarities)
S1数值	unit_cs:Skeleton	range_mt ↔ 官方 range	500	Skeleton:range = 500	ours=500 official=500	一致	coverage-enumerate.py (cards_stats_* / rarities)
S1数值	unit_cs:Skeleton	sight_mt ↔ 官方 sight_range	5500	Skeleton:sight_range = 5500	ours=5500 official=5500	一致	coverage-enumerate.py (cards_stats_* / rarities)
S1数值	unit_cs:Skeleton	spawn_interval_ms ↔ 官方 spawn_interval/spawn_pause_time	0	Skeleton:spawn_interval/spawn_pause_time = 0	ours=0 official=0	一致	coverage-enumerate.py (cards_stats_* / rarities)
S1数值	unit_cs:Skeleton	spawn_limit ↔ 官方 spawn_limit	0	Skeleton:spawn_limit = 0	ours=0 official=0	一致	coverage-enumerate.py (cards_stats_* / rarities)
S1数值	unit_cs:Skeleton	spawn_n ↔ 官方 spawn_number	0	Skeleton:spawn_number = 0	ours=0 official=0	一致	coverage-enumerate.py (cards_stats_* / rarities)
S1数值	unit_cs:Skeleton	spawn_radius_mt ↔ 官方 spawn_radius	0	Skeleton:spawn_radius = 0	ours=0 official=0	一致	coverage-enumerate.py (cards_stats_* / rarities)
S1数值	unit_cs:Skeleton	speed ↔ 官方 speed	90	Skeleton:speed = 90	ours=90 official=90	一致	coverage-enumerate.py (cards_stats_* / rarities)
S1数值	unit_cs:Skeleton	sprite_dir (本项目自定列)	-	本项目自定：sprite_dir	ours=chr_skeleton_out	允许的差异(本项目自定列)	差异登记 D22 / docs/步骤文档.md §4.2
S1数值	unit_cs:Skeleton	summon_deploy_delay_ms (本项目自定列)	-	本项目自定：summon_deploy_delay_ms	ours=0	允许的差异(本项目自定列)	差异登记 D22 / docs/步骤文档.md §4.2
S1数值	unit_cs:Skeleton	summon_key (本项目自定列)	-	本项目自定：summon_key	ours=	允许的差异(本项目自定列)	差异登记 D22 / docs/步骤文档.md §4.2
S1数值	unit_cs:Skeleton	summon_n (本项目自定列)	-	本项目自定：summon_n	ours=0	允许的差异(本项目自定列)	差异登记 D22 / docs/步骤文档.md §4.2
S1数值	unit_cs:Skeleton	summon_radius_mt (本项目自定列)	-	本项目自定：summon_radius_mt	ours=0	允许的差异(本项目自定列)	差异登记 D22 / docs/步骤文档.md §4.2
S1数值	unit_cs:SpearGoblin	aoe_radius_mt ↔ 官方 area_damage_radius	0	SpearGoblin:area_damage_radius = 0	ours=0 official=0	一致	coverage-enumerate.py (cards_stats_* / rarities)
S1数值	unit_cs:SpearGoblin	atk_air ↔ 官方 attacks_air	1	SpearGoblin:attacks_air = 1	ours=1 official=1	一致	coverage-enumerate.py (cards_stats_* / rarities)
S1数值	unit_cs:SpearGoblin	atk_ground ↔ 官方 attacks_ground	1	SpearGoblin:attacks_ground = 1	ours=1 official=1	一致	coverage-enumerate.py (cards_stats_* / rarities)
S1数值	unit_cs:SpearGoblin	damage ↔ 官方 damage_per_level	81	SpearGoblin:damage_per_level = 81	ours=81 official=81	一致	coverage-enumerate.py (cards_stats_* / rarities)
S1数值	unit_cs:SpearGoblin	death_aoe_radius_mt ↔ 官方 death_damage_radius	0	SpearGoblin:death_damage_radius = 0	ours=0 official=0	一致	coverage-enumerate.py (cards_stats_* / rarities)
S1数值	unit_cs:SpearGoblin	death_damage ↔ 官方 death_damage	0	SpearGoblin:death_damage = 0	ours=0 official=0	一致	coverage-enumerate.py (cards_stats_* / rarities)
S1数值	unit_cs:SpearGoblin	death_spawn_n ↔ 官方 death_spawn_count	0	SpearGoblin:death_spawn_count = 0	ours=0 official=0	一致	coverage-enumerate.py (cards_stats_* / rarities)
S1数值	unit_cs:SpearGoblin	deploy_ms ↔ 官方 deploy_time	1000	SpearGoblin:deploy_time = 1000	ours=1000 official=1000	一致	coverage-enumerate.py (cards_stats_* / rarities)
S1数值	unit_cs:SpearGoblin	flying ↔ 官方 flying_height	0	SpearGoblin:flying_height = 0	ours=0 official=0	一致	coverage-enumerate.py (cards_stats_* / rarities)
S1数值	unit_cs:SpearGoblin	hit_speed_ms ↔ 官方 hit_speed	1700	SpearGoblin:hit_speed = 1700	ours=1700 official=1700	一致	coverage-enumerate.py (cards_stats_* / rarities)
S1数值	unit_cs:SpearGoblin	hp ↔ 官方 hitpoints_per_level	133	SpearGoblin:hitpoints_per_level = 133	ours=133 official=133	一致	coverage-enumerate.py (cards_stats_* / rarities)
S1数值	unit_cs:SpearGoblin	id (本项目自定列)	-	本项目自定：id	ours=26020007	允许的差异(本项目自定列)	差异登记 D22 / docs/步骤文档.md §4.2
S1数值	unit_cs:SpearGoblin	key (本项目自定列)	-	本项目自定：key	ours=SpearGoblin	允许的差异(本项目自定列)	差异登记 D22 / docs/步骤文档.md §4.2
S1数值	unit_cs:SpearGoblin	kind (本项目自定列)	-	本项目自定：kind	ours=0	允许的差异(本项目自定列)	差异登记 D22 / docs/步骤文档.md §4.2
S1数值	unit_cs:SpearGoblin	life_ms ↔ 官方 life_time	0	SpearGoblin:life_time = 0	ours=0 official=0	一致	coverage-enumerate.py (cards_stats_* / rarities)
S1数值	unit_cs:SpearGoblin	load_time_ms ↔ 官方 load_time	1200	SpearGoblin:load_time = 1200	ours=1200 official=1200	一致	coverage-enumerate.py (cards_stats_* / rarities)
S1数值	unit_cs:SpearGoblin	mass ↔ 官方 mass	1	SpearGoblin:mass = 1	ours=1 official=1	一致	coverage-enumerate.py (cards_stats_* / rarities)
S1数值	unit_cs:SpearGoblin	name_cn (本项目自定列)	-	本项目自定：name_cn	ours=	允许的差异(本项目自定列)	差异登记 D22 / docs/步骤文档.md §4.2
S1数值	unit_cs:SpearGoblin	only_buildings ↔ 官方 target_only_buildings	0	SpearGoblin:target_only_buildings = 0	ours=0 official=0	一致	coverage-enumerate.py (cards_stats_* / rarities)
S1数值	unit_cs:SpearGoblin	only_towers ↔ 官方 target_only_towers	0	SpearGoblin:target_only_towers = 0	ours=0 official=0	一致	coverage-enumerate.py (cards_stats_* / rarities)
S1数值	unit_cs:SpearGoblin	only_troops ↔ 官方 target_only_troops	0	SpearGoblin:target_only_troops = 0	ours=0 official=0	一致	coverage-enumerate.py (cards_stats_* / rarities)
S1数值	unit_cs:SpearGoblin	projectile_key ↔ 官方 custom_first_projectile/projectile	SpearGoblinProjectile	SpearGoblin:custom_first_projectile/projectile = SpearGoblinProjectile	ours=SpearGoblinProjectile official=SpearGoblinProjectile	一致	coverage-enumerate.py (cards_stats_* / rarities)
S1数值	unit_cs:SpearGoblin	radius_mt ↔ 官方 collision_radius	500	SpearGoblin:collision_radius = 500	ours=500 official=500	一致	coverage-enumerate.py (cards_stats_* / rarities)
S1数值	unit_cs:SpearGoblin	range_mt ↔ 官方 range	5500	SpearGoblin:range = 5500	ours=5500 official=5500	一致	coverage-enumerate.py (cards_stats_* / rarities)
S1数值	unit_cs:SpearGoblin	sight_mt ↔ 官方 sight_range	5500	SpearGoblin:sight_range = 5500	ours=5500 official=5500	一致	coverage-enumerate.py (cards_stats_* / rarities)
S1数值	unit_cs:SpearGoblin	spawn_interval_ms ↔ 官方 spawn_interval/spawn_pause_time	0	SpearGoblin:spawn_interval/spawn_pause_time = 0	ours=0 official=0	一致	coverage-enumerate.py (cards_stats_* / rarities)
S1数值	unit_cs:SpearGoblin	spawn_limit ↔ 官方 spawn_limit	0	SpearGoblin:spawn_limit = 0	ours=0 official=0	一致	coverage-enumerate.py (cards_stats_* / rarities)
S1数值	unit_cs:SpearGoblin	spawn_n ↔ 官方 spawn_number	0	SpearGoblin:spawn_number = 0	ours=0 official=0	一致	coverage-enumerate.py (cards_stats_* / rarities)
S1数值	unit_cs:SpearGoblin	spawn_radius_mt ↔ 官方 spawn_radius	0	SpearGoblin:spawn_radius = 0	ours=0 official=0	一致	coverage-enumerate.py (cards_stats_* / rarities)
S1数值	unit_cs:SpearGoblin	speed ↔ 官方 speed	120	SpearGoblin:speed = 120	ours=120 official=120	一致	coverage-enumerate.py (cards_stats_* / rarities)
S1数值	unit_cs:SpearGoblin	sprite_dir (本项目自定列)	-	本项目自定：sprite_dir	ours=chr_goblin_archer_out	允许的差异(本项目自定列)	差异登记 D22 / docs/步骤文档.md §4.2
S1数值	unit_cs:SpearGoblin	summon_deploy_delay_ms (本项目自定列)	-	本项目自定：summon_deploy_delay_ms	ours=0	允许的差异(本项目自定列)	差异登记 D22 / docs/步骤文档.md §4.2
S1数值	unit_cs:SpearGoblin	summon_key (本项目自定列)	-	本项目自定：summon_key	ours=	允许的差异(本项目自定列)	差异登记 D22 / docs/步骤文档.md §4.2
S1数值	unit_cs:SpearGoblin	summon_n (本项目自定列)	-	本项目自定：summon_n	ours=0	允许的差异(本项目自定列)	差异登记 D22 / docs/步骤文档.md §4.2
S1数值	unit_cs:SpearGoblin	summon_radius_mt (本项目自定列)	-	本项目自定：summon_radius_mt	ours=0	允许的差异(本项目自定列)	差异登记 D22 / docs/步骤文档.md §4.2
S1数值	unit_cs:SpearGoblinProjectile	damage ↔ 官方 damage_per_level	81	SpearGoblinProjectile:damage_per_level = 81	ours=81 official=81	一致	coverage-enumerate.py (cards_stats_* / rarities)
S1数值	unit_cs:SpearGoblinProjectile	id (本项目自定列)	-	本项目自定：id	ours=26020061	允许的差异(本项目自定列)	差异登记 D22 / docs/步骤文档.md §4.2
S1数值	unit_cs:SpearGoblinProjectile	key (本项目自定列)	-	本项目自定：key	ours=SpearGoblinProjectile	允许的差异(本项目自定列)	差异登记 D22 / docs/步骤文档.md §4.2
S1数值	unit_cs:SpearGoblinProjectile	kind (本项目自定列)	-	本项目自定：kind	ours=3	允许的差异(本项目自定列)	差异登记 D22 / docs/步骤文档.md §4.2
S1数值	unit_cs:SpearGoblinProjectile	name_cn (本项目自定列)	-	本项目自定：name_cn	ours=	允许的差异(本项目自定列)	差异登记 D22 / docs/步骤文档.md §4.2
S1数值	unit_cs:SpearGoblinProjectile	spawn_interval_ms ↔ 官方 spawn_interval/spawn_pause_time	0	SpearGoblinProjectile:spawn_interval/spawn_pause_time = 0	ours=0 official=0	一致	coverage-enumerate.py (cards_stats_* / rarities)
S1数值	unit_cs:SpearGoblinProjectile	speed ↔ 官方 speed	500	SpearGoblinProjectile:speed = 500	ours=500 official=500	一致	coverage-enumerate.py (cards_stats_* / rarities)
S1数值	unit_cs:SpearGoblinProjectile	sprite_dir (本项目自定列)	-	本项目自定：sprite_dir	ours=	允许的差异(本项目自定列)	差异登记 D22 / docs/步骤文档.md §4.2
S1数值	unit_cs:SpearGoblinProjectile	summon_deploy_delay_ms (本项目自定列)	-	本项目自定：summon_deploy_delay_ms	ours=0	允许的差异(本项目自定列)	差异登记 D22 / docs/步骤文档.md §4.2
S1数值	unit_cs:SpearGoblinProjectile	summon_key (本项目自定列)	-	本项目自定：summon_key	ours=	允许的差异(本项目自定列)	差异登记 D22 / docs/步骤文档.md §4.2
S1数值	unit_cs:SpearGoblinProjectile	summon_n (本项目自定列)	-	本项目自定：summon_n	ours=0	允许的差异(本项目自定列)	差异登记 D22 / docs/步骤文档.md §4.2
S1数值	unit_cs:SpearGoblinProjectile	summon_radius_mt (本项目自定列)	-	本项目自定：summon_radius_mt	ours=0	允许的差异(本项目自定列)	差异登记 D22 / docs/步骤文档.md §4.2
S1数值	unit_cs:TowerCannonball	damage ↔ 官方 damage_per_level	212	TowerCannonball:damage_per_level = 212	ours=212 official=212	一致	coverage-enumerate.py (cards_stats_* / rarities)
S1数值	unit_cs:TowerCannonball	id (本项目自定列)	-	本项目自定：id	ours=26020083	允许的差异(本项目自定列)	差异登记 D22 / docs/步骤文档.md §4.2
S1数值	unit_cs:TowerCannonball	key (本项目自定列)	-	本项目自定：key	ours=TowerCannonball	允许的差异(本项目自定列)	差异登记 D22 / docs/步骤文档.md §4.2
S1数值	unit_cs:TowerCannonball	kind (本项目自定列)	-	本项目自定：kind	ours=3	允许的差异(本项目自定列)	差异登记 D22 / docs/步骤文档.md §4.2
S1数值	unit_cs:TowerCannonball	name_cn (本项目自定列)	-	本项目自定：name_cn	ours=	允许的差异(本项目自定列)	差异登记 D22 / docs/步骤文档.md §4.2
S1数值	unit_cs:TowerCannonball	spawn_interval_ms ↔ 官方 spawn_interval/spawn_pause_time	0	TowerCannonball:spawn_interval/spawn_pause_time = 0	ours=0 official=0	一致	coverage-enumerate.py (cards_stats_* / rarities)
S1数值	unit_cs:TowerCannonball	speed ↔ 官方 speed	1000	TowerCannonball:speed = 1000	ours=1000 official=1000	一致	coverage-enumerate.py (cards_stats_* / rarities)
S1数值	unit_cs:TowerCannonball	sprite_dir (本项目自定列)	-	本项目自定：sprite_dir	ours=	允许的差异(本项目自定列)	差异登记 D22 / docs/步骤文档.md §4.2
S1数值	unit_cs:TowerCannonball	summon_deploy_delay_ms (本项目自定列)	-	本项目自定：summon_deploy_delay_ms	ours=0	允许的差异(本项目自定列)	差异登记 D22 / docs/步骤文档.md §4.2
S1数值	unit_cs:TowerCannonball	summon_key (本项目自定列)	-	本项目自定：summon_key	ours=	允许的差异(本项目自定列)	差异登记 D22 / docs/步骤文档.md §4.2
S1数值	unit_cs:TowerCannonball	summon_n (本项目自定列)	-	本项目自定：summon_n	ours=0	允许的差异(本项目自定列)	差异登记 D22 / docs/步骤文档.md §4.2
S1数值	unit_cs:TowerCannonball	summon_radius_mt (本项目自定列)	-	本项目自定：summon_radius_mt	ours=0	允许的差异(本项目自定列)	差异登记 D22 / docs/步骤文档.md §4.2
S1数值	unit_cs:TowerPrincessProjectile	damage ↔ 官方 damage_per_level	128	TowerPrincessProjectile:damage_per_level = 128	ours=128 official=128	一致	coverage-enumerate.py (cards_stats_* / rarities)
S1数值	unit_cs:TowerPrincessProjectile	id (本项目自定列)	-	本项目自定：id	ours=26020088	允许的差异(本项目自定列)	差异登记 D22 / docs/步骤文档.md §4.2
S1数值	unit_cs:TowerPrincessProjectile	key (本项目自定列)	-	本项目自定：key	ours=TowerPrincessProjectile	允许的差异(本项目自定列)	差异登记 D22 / docs/步骤文档.md §4.2
S1数值	unit_cs:TowerPrincessProjectile	kind (本项目自定列)	-	本项目自定：kind	ours=3	允许的差异(本项目自定列)	差异登记 D22 / docs/步骤文档.md §4.2
S1数值	unit_cs:TowerPrincessProjectile	name_cn (本项目自定列)	-	本项目自定：name_cn	ours=	允许的差异(本项目自定列)	差异登记 D22 / docs/步骤文档.md §4.2
S1数值	unit_cs:TowerPrincessProjectile	spawn_interval_ms ↔ 官方 spawn_interval/spawn_pause_time	0	TowerPrincessProjectile:spawn_interval/spawn_pause_time = 0	ours=0 official=0	一致	coverage-enumerate.py (cards_stats_* / rarities)
S1数值	unit_cs:TowerPrincessProjectile	speed ↔ 官方 speed	600	TowerPrincessProjectile:speed = 600	ours=600 official=600	一致	coverage-enumerate.py (cards_stats_* / rarities)
S1数值	unit_cs:TowerPrincessProjectile	sprite_dir (本项目自定列)	-	本项目自定：sprite_dir	ours=	允许的差异(本项目自定列)	差异登记 D22 / docs/步骤文档.md §4.2
S1数值	unit_cs:TowerPrincessProjectile	summon_deploy_delay_ms (本项目自定列)	-	本项目自定：summon_deploy_delay_ms	ours=0	允许的差异(本项目自定列)	差异登记 D22 / docs/步骤文档.md §4.2
S1数值	unit_cs:TowerPrincessProjectile	summon_key (本项目自定列)	-	本项目自定：summon_key	ours=	允许的差异(本项目自定列)	差异登记 D22 / docs/步骤文档.md §4.2
S1数值	unit_cs:TowerPrincessProjectile	summon_n (本项目自定列)	-	本项目自定：summon_n	ours=0	允许的差异(本项目自定列)	差异登记 D22 / docs/步骤文档.md §4.2
S1数值	unit_cs:TowerPrincessProjectile	summon_radius_mt (本项目自定列)	-	本项目自定：summon_radius_mt	ours=0	允许的差异(本项目自定列)	差异登记 D22 / docs/步骤文档.md §4.2
S1数值	unit_cs:WitchProjectile	damage ↔ 官方 damage_per_level	134	WitchProjectile:damage_per_level = 134	ours=134 official=134	一致	coverage-enumerate.py (cards_stats_* / rarities)
S1数值	unit_cs:WitchProjectile	id (本项目自定列)	-	本项目自定：id	ours=26020064	允许的差异(本项目自定列)	差异登记 D22 / docs/步骤文档.md §4.2
S1数值	unit_cs:WitchProjectile	key (本项目自定列)	-	本项目自定：key	ours=WitchProjectile	允许的差异(本项目自定列)	差异登记 D22 / docs/步骤文档.md §4.2
S1数值	unit_cs:WitchProjectile	kind (本项目自定列)	-	本项目自定：kind	ours=3	允许的差异(本项目自定列)	差异登记 D22 / docs/步骤文档.md §4.2
S1数值	unit_cs:WitchProjectile	name_cn (本项目自定列)	-	本项目自定：name_cn	ours=	允许的差异(本项目自定列)	差异登记 D22 / docs/步骤文档.md §4.2
S1数值	unit_cs:WitchProjectile	radius_mt ↔ 官方 collision_radius	1000	WitchProjectile:collision_radius = 1000	ours=1000 official=1000	一致	coverage-enumerate.py (cards_stats_* / rarities)
S1数值	unit_cs:WitchProjectile	spawn_interval_ms ↔ 官方 spawn_interval/spawn_pause_time	0	WitchProjectile:spawn_interval/spawn_pause_time = 0	ours=0 official=0	一致	coverage-enumerate.py (cards_stats_* / rarities)
S1数值	unit_cs:WitchProjectile	speed ↔ 官方 speed	600	WitchProjectile:speed = 600	ours=600 official=600	一致	coverage-enumerate.py (cards_stats_* / rarities)
S1数值	unit_cs:WitchProjectile	sprite_dir (本项目自定列)	-	本项目自定：sprite_dir	ours=	允许的差异(本项目自定列)	差异登记 D22 / docs/步骤文档.md §4.2
S1数值	unit_cs:WitchProjectile	summon_deploy_delay_ms (本项目自定列)	-	本项目自定：summon_deploy_delay_ms	ours=0	允许的差异(本项目自定列)	差异登记 D22 / docs/步骤文档.md §4.2
S1数值	unit_cs:WitchProjectile	summon_key (本项目自定列)	-	本项目自定：summon_key	ours=	允许的差异(本项目自定列)	差异登记 D22 / docs/步骤文档.md §4.2
S1数值	unit_cs:WitchProjectile	summon_n (本项目自定列)	-	本项目自定：summon_n	ours=0	允许的差异(本项目自定列)	差异登记 D22 / docs/步骤文档.md §4.2
S1数值	unit_cs:WitchProjectile	summon_radius_mt (本项目自定列)	-	本项目自定：summon_radius_mt	ours=0	允许的差异(本项目自定列)	差异登记 D22 / docs/步骤文档.md §4.2
S1数值	unit_cs:archers	aoe_radius_mt ↔ 官方 area_damage_radius	0	Archer:area_damage_radius = 0	ours=0 official=0	一致	coverage-enumerate.py (cards_stats_* / rarities)
S1数值	unit_cs:archers	atk_air ↔ 官方 attacks_air	1	Archer:attacks_air = 1	ours=1 official=1	一致	coverage-enumerate.py (cards_stats_* / rarities)
S1数值	unit_cs:archers	atk_ground ↔ 官方 attacks_ground	1	Archer:attacks_ground = 1	ours=1 official=1	一致	coverage-enumerate.py (cards_stats_* / rarities)
S1数值	unit_cs:archers	damage ↔ 官方 damage_per_level	107	Archer:damage_per_level = 107	ours=107 official=107	一致	coverage-enumerate.py (cards_stats_* / rarities)
S1数值	unit_cs:archers	death_aoe_radius_mt ↔ 官方 death_damage_radius	0	Archer:death_damage_radius = 0	ours=0 official=0	一致	coverage-enumerate.py (cards_stats_* / rarities)
S1数值	unit_cs:archers	death_damage ↔ 官方 death_damage	0	Archer:death_damage = 0	ours=0 official=0	一致	coverage-enumerate.py (cards_stats_* / rarities)
S1数值	unit_cs:archers	death_spawn_n ↔ 官方 death_spawn_count	0	Archer:death_spawn_count = 0	ours=0 official=0	一致	coverage-enumerate.py (cards_stats_* / rarities)
S1数值	unit_cs:archers	deploy_ms ↔ 官方 deploy_time	1000	Archer:deploy_time = 1000	ours=1000 official=1000	一致	coverage-enumerate.py (cards_stats_* / rarities)
S1数值	unit_cs:archers	flying ↔ 官方 flying_height	0	Archer:flying_height = 0	ours=0 official=0	一致	coverage-enumerate.py (cards_stats_* / rarities)
S1数值	unit_cs:archers	hit_speed_ms ↔ 官方 hit_speed	900	Archer:hit_speed = 900	ours=900 official=900	一致	coverage-enumerate.py (cards_stats_* / rarities)
S1数值	unit_cs:archers	hp ↔ 官方 hitpoints_per_level	304	Archer:hitpoints_per_level = 304	ours=304 official=304	一致	coverage-enumerate.py (cards_stats_* / rarities)
S1数值	unit_cs:archers	id (本项目自定列)	-	本项目自定：id	ours=26020002	允许的差异(本项目自定列)	差异登记 D22 / docs/步骤文档.md §4.2
S1数值	unit_cs:archers	key (本项目自定列)	-	本项目自定：key	ours=archers	允许的差异(本项目自定列)	差异登记 D22 / docs/步骤文档.md §4.2
S1数值	unit_cs:archers	kind (本项目自定列)	-	本项目自定：kind	ours=0	允许的差异(本项目自定列)	差异登记 D22 / docs/步骤文档.md §4.2
S1数值	unit_cs:archers	life_ms ↔ 官方 life_time	0	Archer:life_time = 0	ours=0 official=0	一致	coverage-enumerate.py (cards_stats_* / rarities)
S1数值	unit_cs:archers	load_time_ms ↔ 官方 load_time	400	Archer:load_time = 400	ours=400 official=400	一致	coverage-enumerate.py (cards_stats_* / rarities)
S1数值	unit_cs:archers	mass ↔ 官方 mass	3	Archer:mass = 3	ours=3 official=3	一致	coverage-enumerate.py (cards_stats_* / rarities)
S1数值	unit_cs:archers	name_cn (本项目自定列)	-	本项目自定：name_cn	ours=弓箭手	允许的差异(本项目自定列)	差异登记 D22 / docs/步骤文档.md §4.2
S1数值	unit_cs:archers	only_buildings ↔ 官方 target_only_buildings	0	Archer:target_only_buildings = 0	ours=0 official=0	一致	coverage-enumerate.py (cards_stats_* / rarities)
S1数值	unit_cs:archers	only_towers ↔ 官方 target_only_towers	0	Archer:target_only_towers = 0	ours=0 official=0	一致	coverage-enumerate.py (cards_stats_* / rarities)
S1数值	unit_cs:archers	only_troops ↔ 官方 target_only_troops	0	Archer:target_only_troops = 0	ours=0 official=0	一致	coverage-enumerate.py (cards_stats_* / rarities)
S1数值	unit_cs:archers	projectile_key ↔ 官方 custom_first_projectile/projectile	ArcherArrow	Archer:custom_first_projectile/projectile = ArcherArrow	ours=ArcherArrow official=ArcherArrow	一致	coverage-enumerate.py (cards_stats_* / rarities)
S1数值	unit_cs:archers	radius_mt ↔ 官方 collision_radius	500	Archer:collision_radius = 500	ours=500 official=500	一致	coverage-enumerate.py (cards_stats_* / rarities)
S1数值	unit_cs:archers	range_mt ↔ 官方 range	5000	Archer:range = 5000	ours=5000 official=5000	一致	coverage-enumerate.py (cards_stats_* / rarities)
S1数值	unit_cs:archers	sight_mt ↔ 官方 sight_range	5500	Archer:sight_range = 5500	ours=5500 official=5500	一致	coverage-enumerate.py (cards_stats_* / rarities)
S1数值	unit_cs:archers	spawn_interval_ms ↔ 官方 spawn_interval/spawn_pause_time	0	Archer:spawn_interval/spawn_pause_time = 0	ours=0 official=0	一致	coverage-enumerate.py (cards_stats_* / rarities)
S1数值	unit_cs:archers	spawn_limit ↔ 官方 spawn_limit	0	Archer:spawn_limit = 0	ours=0 official=0	一致	coverage-enumerate.py (cards_stats_* / rarities)
S1数值	unit_cs:archers	spawn_n ↔ 官方 spawn_number	0	Archer:spawn_number = 0	ours=0 official=0	一致	coverage-enumerate.py (cards_stats_* / rarities)
S1数值	unit_cs:archers	spawn_radius_mt ↔ 官方 spawn_radius	0	Archer:spawn_radius = 0	ours=0 official=0	一致	coverage-enumerate.py (cards_stats_* / rarities)
S1数值	unit_cs:archers	speed ↔ 官方 speed	60	Archer:speed = 60	ours=60 official=60	一致	coverage-enumerate.py (cards_stats_* / rarities)
S1数值	unit_cs:archers	sprite_dir (本项目自定列)	-	本项目自定：sprite_dir	ours=chr_archer_out	允许的差异(本项目自定列)	差异登记 D22 / docs/步骤文档.md §4.2
S1数值	unit_cs:archers	summon_deploy_delay_ms (本项目自定列)	-	本项目自定：summon_deploy_delay_ms	ours=100	允许的差异(本项目自定列)	差异登记 D22 / docs/步骤文档.md §4.2
S1数值	unit_cs:archers	summon_key (本项目自定列)	-	本项目自定：summon_key	ours=Archer	允许的差异(本项目自定列)	差异登记 D22 / docs/步骤文档.md §4.2
S1数值	unit_cs:archers	summon_n (本项目自定列)	-	本项目自定：summon_n	ours=2	允许的差异(本项目自定列)	差异登记 D22 / docs/步骤文档.md §4.2
S1数值	unit_cs:archers	summon_radius_mt (本项目自定列)	-	本项目自定：summon_radius_mt	ours=0	允许的差异(本项目自定列)	差异登记 D22 / docs/步骤文档.md §4.2
S1数值	unit_cs:baby-dragon	aoe_radius_mt ↔ 官方 area_damage_radius	0	BabyDragon:area_damage_radius = 0	ours=0 official=0	一致	coverage-enumerate.py (cards_stats_* / rarities)
S1数值	unit_cs:baby-dragon	atk_air ↔ 官方 attacks_air	1	BabyDragon:attacks_air = 1	ours=1 official=1	一致	coverage-enumerate.py (cards_stats_* / rarities)
S1数值	unit_cs:baby-dragon	atk_ground ↔ 官方 attacks_ground	1	BabyDragon:attacks_ground = 1	ours=1 official=1	一致	coverage-enumerate.py (cards_stats_* / rarities)
S1数值	unit_cs:baby-dragon	damage ↔ 官方 damage_per_level	160	BabyDragon:damage_per_level = 160	ours=160 official=160	一致	coverage-enumerate.py (cards_stats_* / rarities)
S1数值	unit_cs:baby-dragon	death_aoe_radius_mt ↔ 官方 death_damage_radius	0	BabyDragon:death_damage_radius = 0	ours=0 official=0	一致	coverage-enumerate.py (cards_stats_* / rarities)
S1数值	unit_cs:baby-dragon	death_damage ↔ 官方 death_damage	0	BabyDragon:death_damage = 0	ours=0 official=0	一致	coverage-enumerate.py (cards_stats_* / rarities)
S1数值	unit_cs:baby-dragon	death_spawn_n ↔ 官方 death_spawn_count	0	BabyDragon:death_spawn_count = 0	ours=0 official=0	一致	coverage-enumerate.py (cards_stats_* / rarities)
S1数值	unit_cs:baby-dragon	deploy_ms ↔ 官方 deploy_time	1000	BabyDragon:deploy_time = 1000	ours=1000 official=1000	一致	coverage-enumerate.py (cards_stats_* / rarities)
S1数值	unit_cs:baby-dragon	flying ↔ 官方 flying_height	1	BabyDragon:flying_height = 1	ours=1 official=1	一致	coverage-enumerate.py (cards_stats_* / rarities)
S1数值	unit_cs:baby-dragon	hit_speed_ms ↔ 官方 hit_speed	1500	BabyDragon:hit_speed = 1500	ours=1500 official=1500	一致	coverage-enumerate.py (cards_stats_* / rarities)
S1数值	unit_cs:baby-dragon	hp ↔ 官方 hitpoints_per_level	1152	BabyDragon:hitpoints_per_level = 1152	ours=1152 official=1152	一致	coverage-enumerate.py (cards_stats_* / rarities)
S1数值	unit_cs:baby-dragon	id (本项目自定列)	-	本项目自定：id	ours=26020023	允许的差异(本项目自定列)	差异登记 D22 / docs/步骤文档.md §4.2
S1数值	unit_cs:baby-dragon	key (本项目自定列)	-	本项目自定：key	ours=baby-dragon	允许的差异(本项目自定列)	差异登记 D22 / docs/步骤文档.md §4.2
S1数值	unit_cs:baby-dragon	kind (本项目自定列)	-	本项目自定：kind	ours=0	允许的差异(本项目自定列)	差异登记 D22 / docs/步骤文档.md §4.2
S1数值	unit_cs:baby-dragon	life_ms ↔ 官方 life_time	0	BabyDragon:life_time = 0	ours=0 official=0	一致	coverage-enumerate.py (cards_stats_* / rarities)
S1数值	unit_cs:baby-dragon	load_time_ms ↔ 官方 load_time	1200	BabyDragon:load_time = 1200	ours=1200 official=1200	一致	coverage-enumerate.py (cards_stats_* / rarities)
S1数值	unit_cs:baby-dragon	mass ↔ 官方 mass	5	BabyDragon:mass = 5	ours=5 official=5	一致	coverage-enumerate.py (cards_stats_* / rarities)
S1数值	unit_cs:baby-dragon	name_cn (本项目自定列)	-	本项目自定：name_cn	ours=飞龙宝宝	允许的差异(本项目自定列)	差异登记 D22 / docs/步骤文档.md §4.2
S1数值	unit_cs:baby-dragon	only_buildings ↔ 官方 target_only_buildings	0	BabyDragon:target_only_buildings = 0	ours=0 official=0	一致	coverage-enumerate.py (cards_stats_* / rarities)
S1数值	unit_cs:baby-dragon	only_towers ↔ 官方 target_only_towers	0	BabyDragon:target_only_towers = 0	ours=0 official=0	一致	coverage-enumerate.py (cards_stats_* / rarities)
S1数值	unit_cs:baby-dragon	only_troops ↔ 官方 target_only_troops	0	BabyDragon:target_only_troops = 0	ours=0 official=0	一致	coverage-enumerate.py (cards_stats_* / rarities)
S1数值	unit_cs:baby-dragon	projectile_key ↔ 官方 custom_first_projectile/projectile	BabyDragonProjectile	BabyDragon:custom_first_projectile/projectile = BabyDragonProjectile	ours=BabyDragonProjectile official=BabyDragonProjectile	一致	coverage-enumerate.py (cards_stats_* / rarities)
S1数值	unit_cs:baby-dragon	radius_mt ↔ 官方 collision_radius	500	BabyDragon:collision_radius = 500	ours=500 official=500	一致	coverage-enumerate.py (cards_stats_* / rarities)
S1数值	unit_cs:baby-dragon	range_mt ↔ 官方 range	3500	BabyDragon:range = 3500	ours=3500 official=3500	一致	coverage-enumerate.py (cards_stats_* / rarities)
S1数值	unit_cs:baby-dragon	sight_mt ↔ 官方 sight_range	5500	BabyDragon:sight_range = 5500	ours=5500 official=5500	一致	coverage-enumerate.py (cards_stats_* / rarities)
S1数值	unit_cs:baby-dragon	spawn_interval_ms ↔ 官方 spawn_interval/spawn_pause_time	0	BabyDragon:spawn_interval/spawn_pause_time = 0	ours=0 official=0	一致	coverage-enumerate.py (cards_stats_* / rarities)
S1数值	unit_cs:baby-dragon	spawn_limit ↔ 官方 spawn_limit	0	BabyDragon:spawn_limit = 0	ours=0 official=0	一致	coverage-enumerate.py (cards_stats_* / rarities)
S1数值	unit_cs:baby-dragon	spawn_n ↔ 官方 spawn_number	0	BabyDragon:spawn_number = 0	ours=0 official=0	一致	coverage-enumerate.py (cards_stats_* / rarities)
S1数值	unit_cs:baby-dragon	spawn_radius_mt ↔ 官方 spawn_radius	0	BabyDragon:spawn_radius = 0	ours=0 official=0	一致	coverage-enumerate.py (cards_stats_* / rarities)
S1数值	unit_cs:baby-dragon	speed ↔ 官方 speed	90	BabyDragon:speed = 90	ours=90 official=90	一致	coverage-enumerate.py (cards_stats_* / rarities)
S1数值	unit_cs:baby-dragon	sprite_dir (本项目自定列)	-	本项目自定：sprite_dir	ours=chr_baby_dragon_out	允许的差异(本项目自定列)	差异登记 D22 / docs/步骤文档.md §4.2
S1数值	unit_cs:baby-dragon	summon_deploy_delay_ms (本项目自定列)	-	本项目自定：summon_deploy_delay_ms	ours=0	允许的差异(本项目自定列)	差异登记 D22 / docs/步骤文档.md §4.2
S1数值	unit_cs:baby-dragon	summon_key (本项目自定列)	-	本项目自定：summon_key	ours=baby-dragon	允许的差异(本项目自定列)	差异登记 D22 / docs/步骤文档.md §4.2
S1数值	unit_cs:baby-dragon	summon_n (本项目自定列)	-	本项目自定：summon_n	ours=1	允许的差异(本项目自定列)	差异登记 D22 / docs/步骤文档.md §4.2
S1数值	unit_cs:baby-dragon	summon_radius_mt (本项目自定列)	-	本项目自定：summon_radius_mt	ours=0	允许的差异(本项目自定列)	差异登记 D22 / docs/步骤文档.md §4.2
S1数值	unit_cs:balloon	aoe_radius_mt ↔ 官方 area_damage_radius	0	Balloon:area_damage_radius = 0	ours=0 official=0	一致	coverage-enumerate.py (cards_stats_* / rarities)
S1数值	unit_cs:balloon	atk_air ↔ 官方 attacks_air	0	Balloon:attacks_air = 0	ours=0 official=0	一致	coverage-enumerate.py (cards_stats_* / rarities)
S1数值	unit_cs:balloon	atk_ground ↔ 官方 attacks_ground	1	Balloon:attacks_ground = 1	ours=1 official=1	一致	coverage-enumerate.py (cards_stats_* / rarities)
S1数值	unit_cs:balloon	damage ↔ 官方 damage_per_level	640	Balloon:damage_per_level = 640	ours=640 official=640	一致	coverage-enumerate.py (cards_stats_* / rarities)
S1数值	unit_cs:balloon	death_aoe_radius_mt ↔ 官方 death_damage_radius	0	Balloon:death_damage_radius = 0	ours=0 official=0	一致	coverage-enumerate.py (cards_stats_* / rarities)
S1数值	unit_cs:balloon	death_damage ↔ 官方 death_damage	0	Balloon:death_damage = 0	ours=0 official=0	一致	coverage-enumerate.py (cards_stats_* / rarities)
S1数值	unit_cs:balloon	death_spawn_key ↔ 官方 death_spawn_character	BalloonBomb	Balloon:death_spawn_character = BalloonBomb	ours=BalloonBomb official=BalloonBomb	一致	coverage-enumerate.py (cards_stats_* / rarities)
S1数值	unit_cs:balloon	death_spawn_n ↔ 官方 death_spawn_count	0	Balloon:death_spawn_count = 0	ours=0 official=0	一致	coverage-enumerate.py (cards_stats_* / rarities)
S1数值	unit_cs:balloon	deploy_ms ↔ 官方 deploy_time	1000	Balloon:deploy_time = 1000	ours=1000 official=1000	一致	coverage-enumerate.py (cards_stats_* / rarities)
S1数值	unit_cs:balloon	flying ↔ 官方 flying_height	1	Balloon:flying_height = 1	ours=1 official=1	一致	coverage-enumerate.py (cards_stats_* / rarities)
S1数值	unit_cs:balloon	hit_speed_ms ↔ 官方 hit_speed	2000	Balloon:hit_speed = 2000	ours=2000 official=2000	一致	coverage-enumerate.py (cards_stats_* / rarities)
S1数值	unit_cs:balloon	hp ↔ 官方 hitpoints_per_level	1680	Balloon:hitpoints_per_level = 1680	ours=1680 official=1680	一致	coverage-enumerate.py (cards_stats_* / rarities)
S1数值	unit_cs:balloon	id (本项目自定列)	-	本项目自定：id	ours=26020013	允许的差异(本项目自定列)	差异登记 D22 / docs/步骤文档.md §4.2
S1数值	unit_cs:balloon	key (本项目自定列)	-	本项目自定：key	ours=balloon	允许的差异(本项目自定列)	差异登记 D22 / docs/步骤文档.md §4.2
S1数值	unit_cs:balloon	kind (本项目自定列)	-	本项目自定：kind	ours=0	允许的差异(本项目自定列)	差异登记 D22 / docs/步骤文档.md §4.2
S1数值	unit_cs:balloon	life_ms ↔ 官方 life_time	0	Balloon:life_time = 0	ours=0 official=0	一致	coverage-enumerate.py (cards_stats_* / rarities)
S1数值	unit_cs:balloon	load_time_ms ↔ 官方 load_time	1800	Balloon:load_time = 1800	ours=1800 official=1800	一致	coverage-enumerate.py (cards_stats_* / rarities)
S1数值	unit_cs:balloon	mass ↔ 官方 mass	6	Balloon:mass = 6	ours=6 official=6	一致	coverage-enumerate.py (cards_stats_* / rarities)
S1数值	unit_cs:balloon	name_cn (本项目自定列)	-	本项目自定：name_cn	ours=气球兵	允许的差异(本项目自定列)	差异登记 D22 / docs/步骤文档.md §4.2
S1数值	unit_cs:balloon	only_buildings ↔ 官方 target_only_buildings	1	Balloon:target_only_buildings = 1	ours=1 official=1	一致	coverage-enumerate.py (cards_stats_* / rarities)
S1数值	unit_cs:balloon	only_towers ↔ 官方 target_only_towers	0	Balloon:target_only_towers = 0	ours=0 official=0	一致	coverage-enumerate.py (cards_stats_* / rarities)
S1数值	unit_cs:balloon	only_troops ↔ 官方 target_only_troops	0	Balloon:target_only_troops = 0	ours=0 official=0	一致	coverage-enumerate.py (cards_stats_* / rarities)
S1数值	unit_cs:balloon	radius_mt ↔ 官方 collision_radius	500	Balloon:collision_radius = 500	ours=500 official=500	一致	coverage-enumerate.py (cards_stats_* / rarities)
S1数值	unit_cs:balloon	range_mt ↔ 官方 range	100	Balloon:range = 100	ours=100 official=100	一致	coverage-enumerate.py (cards_stats_* / rarities)
S1数值	unit_cs:balloon	sight_mt ↔ 官方 sight_range	7700	Balloon:sight_range = 7700	ours=7700 official=7700	一致	coverage-enumerate.py (cards_stats_* / rarities)
S1数值	unit_cs:balloon	spawn_interval_ms ↔ 官方 spawn_interval/spawn_pause_time	0	Balloon:spawn_interval/spawn_pause_time = 0	ours=0 official=0	一致	coverage-enumerate.py (cards_stats_* / rarities)
S1数值	unit_cs:balloon	spawn_limit ↔ 官方 spawn_limit	0	Balloon:spawn_limit = 0	ours=0 official=0	一致	coverage-enumerate.py (cards_stats_* / rarities)
S1数值	unit_cs:balloon	spawn_n ↔ 官方 spawn_number	0	Balloon:spawn_number = 0	ours=0 official=0	一致	coverage-enumerate.py (cards_stats_* / rarities)
S1数值	unit_cs:balloon	spawn_radius_mt ↔ 官方 spawn_radius	0	Balloon:spawn_radius = 0	ours=0 official=0	一致	coverage-enumerate.py (cards_stats_* / rarities)
S1数值	unit_cs:balloon	speed ↔ 官方 speed	60	Balloon:speed = 60	ours=60 official=60	一致	coverage-enumerate.py (cards_stats_* / rarities)
S1数值	unit_cs:balloon	sprite_dir (本项目自定列)	-	本项目自定：sprite_dir	ours=chr_balloon_out	允许的差异(本项目自定列)	差异登记 D22 / docs/步骤文档.md §4.2
S1数值	unit_cs:balloon	summon_deploy_delay_ms (本项目自定列)	-	本项目自定：summon_deploy_delay_ms	ours=0	允许的差异(本项目自定列)	差异登记 D22 / docs/步骤文档.md §4.2
S1数值	unit_cs:balloon	summon_key (本项目自定列)	-	本项目自定：summon_key	ours=balloon	允许的差异(本项目自定列)	差异登记 D22 / docs/步骤文档.md §4.2
S1数值	unit_cs:balloon	summon_n (本项目自定列)	-	本项目自定：summon_n	ours=1	允许的差异(本项目自定列)	差异登记 D22 / docs/步骤文档.md §4.2
S1数值	unit_cs:balloon	summon_radius_mt (本项目自定列)	-	本项目自定：summon_radius_mt	ours=0	允许的差异(本项目自定列)	差异登记 D22 / docs/步骤文档.md §4.2
S1数值	unit_cs:bandit	aoe_radius_mt ↔ 官方 area_damage_radius	0	Assassin:area_damage_radius = 0	ours=0 official=0	一致	coverage-enumerate.py (cards_stats_* / rarities)
S1数值	unit_cs:bandit	atk_air ↔ 官方 attacks_air	0	Assassin:attacks_air = 0	ours=0 official=0	一致	coverage-enumerate.py (cards_stats_* / rarities)
S1数值	unit_cs:bandit	atk_ground ↔ 官方 attacks_ground	1	Assassin:attacks_ground = 1	ours=1 official=1	一致	coverage-enumerate.py (cards_stats_* / rarities)
S1数值	unit_cs:bandit	damage ↔ 官方 damage_per_level	193	Assassin:damage_per_level = 193	ours=193 official=193	一致	coverage-enumerate.py (cards_stats_* / rarities)
S1数值	unit_cs:bandit	death_aoe_radius_mt ↔ 官方 death_damage_radius	0	Assassin:death_damage_radius = 0	ours=0 official=0	一致	coverage-enumerate.py (cards_stats_* / rarities)
S1数值	unit_cs:bandit	death_damage ↔ 官方 death_damage	0	Assassin:death_damage = 0	ours=0 official=0	一致	coverage-enumerate.py (cards_stats_* / rarities)
S1数值	unit_cs:bandit	death_spawn_n ↔ 官方 death_spawn_count	0	Assassin:death_spawn_count = 0	ours=0 official=0	一致	coverage-enumerate.py (cards_stats_* / rarities)
S1数值	unit_cs:bandit	deploy_ms ↔ 官方 deploy_time	1000	Assassin:deploy_time = 1000	ours=1000 official=1000	一致	coverage-enumerate.py (cards_stats_* / rarities)
S1数值	unit_cs:bandit	flying ↔ 官方 flying_height	0	Assassin:flying_height = 0	ours=0 official=0	一致	coverage-enumerate.py (cards_stats_* / rarities)
S1数值	unit_cs:bandit	hit_speed_ms ↔ 官方 hit_speed	1000	Assassin:hit_speed = 1000	ours=1000 official=1000	一致	coverage-enumerate.py (cards_stats_* / rarities)
S1数值	unit_cs:bandit	hp ↔ 官方 hitpoints_per_level	907	Assassin:hitpoints_per_level = 907	ours=907 official=907	一致	coverage-enumerate.py (cards_stats_* / rarities)
S1数值	unit_cs:bandit	id (本项目自定列)	-	本项目自定：id	ours=26020043	允许的差异(本项目自定列)	差异登记 D22 / docs/步骤文档.md §4.2
S1数值	unit_cs:bandit	key (本项目自定列)	-	本项目自定：key	ours=bandit	允许的差异(本项目自定列)	差异登记 D22 / docs/步骤文档.md §4.2
S1数值	unit_cs:bandit	kind (本项目自定列)	-	本项目自定：kind	ours=0	允许的差异(本项目自定列)	差异登记 D22 / docs/步骤文档.md §4.2
S1数值	unit_cs:bandit	life_ms ↔ 官方 life_time	0	Assassin:life_time = 0	ours=0 official=0	一致	coverage-enumerate.py (cards_stats_* / rarities)
S1数值	unit_cs:bandit	load_time_ms ↔ 官方 load_time	600	Assassin:load_time = 600	ours=600 official=600	一致	coverage-enumerate.py (cards_stats_* / rarities)
S1数值	unit_cs:bandit	mass ↔ 官方 mass	3	Assassin:mass = 3	ours=3 official=3	一致	coverage-enumerate.py (cards_stats_* / rarities)
S1数值	unit_cs:bandit	name_cn (本项目自定列)	-	本项目自定：name_cn	ours=幻影刺客	允许的差异(本项目自定列)	差异登记 D22 / docs/步骤文档.md §4.2
S1数值	unit_cs:bandit	only_buildings ↔ 官方 target_only_buildings	0	Assassin:target_only_buildings = 0	ours=0 official=0	一致	coverage-enumerate.py (cards_stats_* / rarities)
S1数值	unit_cs:bandit	only_towers ↔ 官方 target_only_towers	0	Assassin:target_only_towers = 0	ours=0 official=0	一致	coverage-enumerate.py (cards_stats_* / rarities)
S1数值	unit_cs:bandit	only_troops ↔ 官方 target_only_troops	0	Assassin:target_only_troops = 0	ours=0 official=0	一致	coverage-enumerate.py (cards_stats_* / rarities)
S1数值	unit_cs:bandit	radius_mt ↔ 官方 collision_radius	600	Assassin:collision_radius = 600	ours=600 official=600	一致	coverage-enumerate.py (cards_stats_* / rarities)
S1数值	unit_cs:bandit	range_mt ↔ 官方 range	750	Assassin:range = 750	ours=750 official=750	一致	coverage-enumerate.py (cards_stats_* / rarities)
S1数值	unit_cs:bandit	sight_mt ↔ 官方 sight_range	6000	Assassin:sight_range = 6000	ours=6000 official=6000	一致	coverage-enumerate.py (cards_stats_* / rarities)
S1数值	unit_cs:bandit	spawn_interval_ms ↔ 官方 spawn_interval/spawn_pause_time	0	Assassin:spawn_interval/spawn_pause_time = 0	ours=0 official=0	一致	coverage-enumerate.py (cards_stats_* / rarities)
S1数值	unit_cs:bandit	spawn_limit ↔ 官方 spawn_limit	0	Assassin:spawn_limit = 0	ours=0 official=0	一致	coverage-enumerate.py (cards_stats_* / rarities)
S1数值	unit_cs:bandit	spawn_n ↔ 官方 spawn_number	0	Assassin:spawn_number = 0	ours=0 official=0	一致	coverage-enumerate.py (cards_stats_* / rarities)
S1数值	unit_cs:bandit	spawn_radius_mt ↔ 官方 spawn_radius	0	Assassin:spawn_radius = 0	ours=0 official=0	一致	coverage-enumerate.py (cards_stats_* / rarities)
S1数值	unit_cs:bandit	speed ↔ 官方 speed	90	Assassin:speed = 90	ours=90 official=90	一致	coverage-enumerate.py (cards_stats_* / rarities)
S1数值	unit_cs:bandit	sprite_dir (本项目自定列)	-	本项目自定：sprite_dir	ours=chr_bandit_out	允许的差异(本项目自定列)	差异登记 D22 / docs/步骤文档.md §4.2
S1数值	unit_cs:bandit	summon_deploy_delay_ms (本项目自定列)	-	本项目自定：summon_deploy_delay_ms	ours=0	允许的差异(本项目自定列)	差异登记 D22 / docs/步骤文档.md §4.2
S1数值	unit_cs:bandit	summon_key (本项目自定列)	-	本项目自定：summon_key	ours=bandit	允许的差异(本项目自定列)	差异登记 D22 / docs/步骤文档.md §4.2
S1数值	unit_cs:bandit	summon_n (本项目自定列)	-	本项目自定：summon_n	ours=1	允许的差异(本项目自定列)	差异登记 D22 / docs/步骤文档.md §4.2
S1数值	unit_cs:bandit	summon_radius_mt (本项目自定列)	-	本项目自定：summon_radius_mt	ours=0	允许的差异(本项目自定列)	差异登记 D22 / docs/步骤文档.md §4.2
S1数值	unit_cs:barbarian-hut	aoe_radius_mt ↔ 官方 area_damage_radius	0	BarbarianHut:area_damage_radius = 0	ours=0 official=0	一致	coverage-enumerate.py (cards_stats_* / rarities)
S1数值	unit_cs:barbarian-hut	atk_air ↔ 官方 attacks_air	0	BarbarianHut:attacks_air = 0	ours=0 official=0	一致	coverage-enumerate.py (cards_stats_* / rarities)
S1数值	unit_cs:barbarian-hut	atk_ground ↔ 官方 attacks_ground	1	BarbarianHut:attacks_ground = 1	ours=1 official=1	一致	coverage-enumerate.py (cards_stats_* / rarities)
S1数值	unit_cs:barbarian-hut	death_aoe_radius_mt ↔ 官方 death_damage_radius	0	BarbarianHut:death_damage_radius = 0	ours=0 official=0	一致	coverage-enumerate.py (cards_stats_* / rarities)
S1数值	unit_cs:barbarian-hut	death_damage ↔ 官方 death_damage	0	BarbarianHut:death_damage = 0	ours=0 official=0	一致	coverage-enumerate.py (cards_stats_* / rarities)
S1数值	unit_cs:barbarian-hut	death_spawn_key ↔ 官方 death_spawn_character	Barbarian	BarbarianHut:death_spawn_character = Barbarian	ours=Barbarian official=Barbarian	一致	coverage-enumerate.py (cards_stats_* / rarities)
S1数值	unit_cs:barbarian-hut	death_spawn_n ↔ 官方 death_spawn_count	1	BarbarianHut:death_spawn_count = 1	ours=1 official=1	一致	coverage-enumerate.py (cards_stats_* / rarities)
S1数值	unit_cs:barbarian-hut	deploy_ms ↔ 官方 deploy_time	1000	BarbarianHut:deploy_time = 1000	ours=1000 official=1000	一致	coverage-enumerate.py (cards_stats_* / rarities)
S1数值	unit_cs:barbarian-hut	flying ↔ 官方 flying_height	0	BarbarianHut:flying_height = 0	ours=0 official=0	一致	coverage-enumerate.py (cards_stats_* / rarities)
S1数值	unit_cs:barbarian-hut	hit_speed_ms ↔ 官方 hit_speed	10000	BarbarianHut:hit_speed = 10000	ours=10000 official=10000	一致	coverage-enumerate.py (cards_stats_* / rarities)
S1数值	unit_cs:barbarian-hut	hp ↔ 官方 hitpoints_per_level	1166	BarbarianHut:hitpoints_per_level = 1166	ours=1166 official=1166	一致	coverage-enumerate.py (cards_stats_* / rarities)
S1数值	unit_cs:barbarian-hut	id (本项目自定列)	-	本项目自定：id	ours=26020053	允许的差异(本项目自定列)	差异登记 D22 / docs/步骤文档.md §4.2
S1数值	unit_cs:barbarian-hut	key (本项目自定列)	-	本项目自定：key	ours=barbarian-hut	允许的差异(本项目自定列)	差异登记 D22 / docs/步骤文档.md §4.2
S1数值	unit_cs:barbarian-hut	kind (本项目自定列)	-	本项目自定：kind	ours=1	允许的差异(本项目自定列)	差异登记 D22 / docs/步骤文档.md §4.2
S1数值	unit_cs:barbarian-hut	life_ms ↔ 官方 life_time	30000	BarbarianHut:life_time = 30000	ours=30000 official=30000	一致	coverage-enumerate.py (cards_stats_* / rarities)
S1数值	unit_cs:barbarian-hut	load_time_ms ↔ 官方 load_time	0	BarbarianHut:load_time = 0	ours=0 official=0	一致	coverage-enumerate.py (cards_stats_* / rarities)
S1数值	unit_cs:barbarian-hut	mass ↔ 官方 mass	0	BarbarianHut:mass = 0	ours=0 official=0	一致	coverage-enumerate.py (cards_stats_* / rarities)
S1数值	unit_cs:barbarian-hut	name_cn (本项目自定列)	-	本项目自定：name_cn	ours=野蛮人小屋	允许的差异(本项目自定列)	差异登记 D22 / docs/步骤文档.md §4.2
S1数值	unit_cs:barbarian-hut	only_buildings ↔ 官方 target_only_buildings	0	BarbarianHut:target_only_buildings = 0	ours=0 official=0	一致	coverage-enumerate.py (cards_stats_* / rarities)
S1数值	unit_cs:barbarian-hut	only_towers ↔ 官方 target_only_towers	0	BarbarianHut:target_only_towers = 0	ours=0 official=0	一致	coverage-enumerate.py (cards_stats_* / rarities)
S1数值	unit_cs:barbarian-hut	only_troops ↔ 官方 target_only_troops	0	BarbarianHut:target_only_troops = 0	ours=0 official=0	一致	coverage-enumerate.py (cards_stats_* / rarities)
S1数值	unit_cs:barbarian-hut	radius_mt ↔ 官方 collision_radius	1000	BarbarianHut:collision_radius = 1000	ours=1000 official=1000	一致	coverage-enumerate.py (cards_stats_* / rarities)
S1数值	unit_cs:barbarian-hut	range_mt ↔ 官方 range	0	BarbarianHut:range = 0	ours=0 official=0	一致	coverage-enumerate.py (cards_stats_* / rarities)
S1数值	unit_cs:barbarian-hut	sight_mt ↔ 官方 sight_range	0	BarbarianHut:sight_range = 0	ours=0 official=0	一致	coverage-enumerate.py (cards_stats_* / rarities)
S1数值	unit_cs:barbarian-hut	spawn_interval_ms ↔ 官方 spawn_interval/spawn_pause_time	500	BarbarianHut:spawn_interval/spawn_pause_time = 500	ours=500 official=500	一致	coverage-enumerate.py (cards_stats_* / rarities)
S1数值	unit_cs:barbarian-hut	spawn_key ↔ 官方 spawn_character	Barbarian	BarbarianHut:spawn_character = Barbarian	ours=Barbarian official=Barbarian	一致	coverage-enumerate.py (cards_stats_* / rarities)
S1数值	unit_cs:barbarian-hut	spawn_limit ↔ 官方 spawn_limit	0	BarbarianHut:spawn_limit = 0	ours=0 official=0	一致	coverage-enumerate.py (cards_stats_* / rarities)
S1数值	unit_cs:barbarian-hut	spawn_n ↔ 官方 spawn_number	3	BarbarianHut:spawn_number = 3	ours=3 official=3	一致	coverage-enumerate.py (cards_stats_* / rarities)
S1数值	unit_cs:barbarian-hut	spawn_radius_mt ↔ 官方 spawn_radius	0	BarbarianHut:spawn_radius = 0	ours=0 official=0	一致	coverage-enumerate.py (cards_stats_* / rarities)
S1数值	unit_cs:barbarian-hut	speed ↔ 官方 speed	0	BarbarianHut:speed = 0	ours=0 official=0	一致	coverage-enumerate.py (cards_stats_* / rarities)
S1数值	unit_cs:barbarian-hut	sprite_dir (本项目自定列)	-	本项目自定：sprite_dir	ours=building_barbarian_hut_out	允许的差异(本项目自定列)	差异登记 D22 / docs/步骤文档.md §4.2
S1数值	unit_cs:barbarian-hut	summon_deploy_delay_ms (本项目自定列)	-	本项目自定：summon_deploy_delay_ms	ours=0	允许的差异(本项目自定列)	差异登记 D22 / docs/步骤文档.md §4.2
S1数值	unit_cs:barbarian-hut	summon_key (本项目自定列)	-	本项目自定：summon_key	ours=	允许的差异(本项目自定列)	差异登记 D22 / docs/步骤文档.md §4.2
S1数值	unit_cs:barbarian-hut	summon_n (本项目自定列)	-	本项目自定：summon_n	ours=0	允许的差异(本项目自定列)	差异登记 D22 / docs/步骤文档.md §4.2
S1数值	unit_cs:barbarian-hut	summon_radius_mt (本项目自定列)	-	本项目自定：summon_radius_mt	ours=0	允许的差异(本项目自定列)	差异登记 D22 / docs/步骤文档.md §4.2
S1数值	unit_cs:barbarians	aoe_radius_mt ↔ 官方 area_damage_radius	0	Barbarian:area_damage_radius = 0	ours=0 official=0	一致	coverage-enumerate.py (cards_stats_* / rarities)
S1数值	unit_cs:barbarians	atk_air ↔ 官方 attacks_air	0	Barbarian:attacks_air = 0	ours=0 official=0	一致	coverage-enumerate.py (cards_stats_* / rarities)
S1数值	unit_cs:barbarians	atk_ground ↔ 官方 attacks_ground	1	Barbarian:attacks_ground = 1	ours=1 official=1	一致	coverage-enumerate.py (cards_stats_* / rarities)
S1数值	unit_cs:barbarians	damage ↔ 官方 damage_per_level	192	Barbarian:damage_per_level = 192	ours=192 official=192	一致	coverage-enumerate.py (cards_stats_* / rarities)
S1数值	unit_cs:barbarians	death_aoe_radius_mt ↔ 官方 death_damage_radius	0	Barbarian:death_damage_radius = 0	ours=0 official=0	一致	coverage-enumerate.py (cards_stats_* / rarities)
S1数值	unit_cs:barbarians	death_damage ↔ 官方 death_damage	0	Barbarian:death_damage = 0	ours=0 official=0	一致	coverage-enumerate.py (cards_stats_* / rarities)
S1数值	unit_cs:barbarians	death_spawn_n ↔ 官方 death_spawn_count	0	Barbarian:death_spawn_count = 0	ours=0 official=0	一致	coverage-enumerate.py (cards_stats_* / rarities)
S1数值	unit_cs:barbarians	deploy_ms ↔ 官方 deploy_time	1000	Barbarian:deploy_time = 1000	ours=1000 official=1000	一致	coverage-enumerate.py (cards_stats_* / rarities)
S1数值	unit_cs:barbarians	flying ↔ 官方 flying_height	0	Barbarian:flying_height = 0	ours=0 official=0	一致	coverage-enumerate.py (cards_stats_* / rarities)
S1数值	unit_cs:barbarians	hit_speed_ms ↔ 官方 hit_speed	1300	Barbarian:hit_speed = 1300	ours=1300 official=1300	一致	coverage-enumerate.py (cards_stats_* / rarities)
S1数值	unit_cs:barbarians	hp ↔ 官方 hitpoints_per_level	670	Barbarian:hitpoints_per_level = 670	ours=670 official=670	一致	coverage-enumerate.py (cards_stats_* / rarities)
S1数值	unit_cs:barbarians	id (本项目自定列)	-	本项目自定：id	ours=26020015	允许的差异(本项目自定列)	差异登记 D22 / docs/步骤文档.md §4.2
S1数值	unit_cs:barbarians	key (本项目自定列)	-	本项目自定：key	ours=barbarians	允许的差异(本项目自定列)	差异登记 D22 / docs/步骤文档.md §4.2
S1数值	unit_cs:barbarians	kind (本项目自定列)	-	本项目自定：kind	ours=0	允许的差异(本项目自定列)	差异登记 D22 / docs/步骤文档.md §4.2
S1数值	unit_cs:barbarians	life_ms ↔ 官方 life_time	0	Barbarian:life_time = 0	ours=0 official=0	一致	coverage-enumerate.py (cards_stats_* / rarities)
S1数值	unit_cs:barbarians	load_time_ms ↔ 官方 load_time	900	Barbarian:load_time = 900	ours=900 official=900	一致	coverage-enumerate.py (cards_stats_* / rarities)
S1数值	unit_cs:barbarians	mass ↔ 官方 mass	4	Barbarian:mass = 4	ours=4 official=4	一致	coverage-enumerate.py (cards_stats_* / rarities)
S1数值	unit_cs:barbarians	name_cn (本项目自定列)	-	本项目自定：name_cn	ours=野蛮人	允许的差异(本项目自定列)	差异登记 D22 / docs/步骤文档.md §4.2
S1数值	unit_cs:barbarians	only_buildings ↔ 官方 target_only_buildings	0	Barbarian:target_only_buildings = 0	ours=0 official=0	一致	coverage-enumerate.py (cards_stats_* / rarities)
S1数值	unit_cs:barbarians	only_towers ↔ 官方 target_only_towers	0	Barbarian:target_only_towers = 0	ours=0 official=0	一致	coverage-enumerate.py (cards_stats_* / rarities)
S1数值	unit_cs:barbarians	only_troops ↔ 官方 target_only_troops	0	Barbarian:target_only_troops = 0	ours=0 official=0	一致	coverage-enumerate.py (cards_stats_* / rarities)
S1数值	unit_cs:barbarians	radius_mt ↔ 官方 collision_radius	500	Barbarian:collision_radius = 500	ours=500 official=500	一致	coverage-enumerate.py (cards_stats_* / rarities)
S1数值	unit_cs:barbarians	range_mt ↔ 官方 range	700	Barbarian:range = 700	ours=700 official=700	一致	coverage-enumerate.py (cards_stats_* / rarities)
S1数值	unit_cs:barbarians	sight_mt ↔ 官方 sight_range	5500	Barbarian:sight_range = 5500	ours=5500 official=5500	一致	coverage-enumerate.py (cards_stats_* / rarities)
S1数值	unit_cs:barbarians	spawn_interval_ms ↔ 官方 spawn_interval/spawn_pause_time	0	Barbarian:spawn_interval/spawn_pause_time = 0	ours=0 official=0	一致	coverage-enumerate.py (cards_stats_* / rarities)
S1数值	unit_cs:barbarians	spawn_limit ↔ 官方 spawn_limit	0	Barbarian:spawn_limit = 0	ours=0 official=0	一致	coverage-enumerate.py (cards_stats_* / rarities)
S1数值	unit_cs:barbarians	spawn_n ↔ 官方 spawn_number	0	Barbarian:spawn_number = 0	ours=0 official=0	一致	coverage-enumerate.py (cards_stats_* / rarities)
S1数值	unit_cs:barbarians	spawn_radius_mt ↔ 官方 spawn_radius	0	Barbarian:spawn_radius = 0	ours=0 official=0	一致	coverage-enumerate.py (cards_stats_* / rarities)
S1数值	unit_cs:barbarians	speed ↔ 官方 speed	60	Barbarian:speed = 60	ours=60 official=60	一致	coverage-enumerate.py (cards_stats_* / rarities)
S1数值	unit_cs:barbarians	sprite_dir (本项目自定列)	-	本项目自定：sprite_dir	ours=chr_barbarian_out	允许的差异(本项目自定列)	差异登记 D22 / docs/步骤文档.md §4.2
S1数值	unit_cs:barbarians	summon_deploy_delay_ms (本项目自定列)	-	本项目自定：summon_deploy_delay_ms	ours=100	允许的差异(本项目自定列)	差异登记 D22 / docs/步骤文档.md §4.2
S1数值	unit_cs:barbarians	summon_key (本项目自定列)	-	本项目自定：summon_key	ours=Barbarian	允许的差异(本项目自定列)	差异登记 D22 / docs/步骤文档.md §4.2
S1数值	unit_cs:barbarians	summon_n (本项目自定列)	-	本项目自定：summon_n	ours=5	允许的差异(本项目自定列)	差异登记 D22 / docs/步骤文档.md §4.2
S1数值	unit_cs:barbarians	summon_radius_mt (本项目自定列)	-	本项目自定：summon_radius_mt	ours=700	允许的差异(本项目自定列)	差异登记 D22 / docs/步骤文档.md §4.2
S1数值	unit_cs:bats	aoe_radius_mt ↔ 官方 area_damage_radius	0	Bat:area_damage_radius = 0	ours=0 official=0	一致	coverage-enumerate.py (cards_stats_* / rarities)
S1数值	unit_cs:bats	atk_air ↔ 官方 attacks_air	1	Bat:attacks_air = 1	ours=1 official=1	一致	coverage-enumerate.py (cards_stats_* / rarities)
S1数值	unit_cs:bats	atk_ground ↔ 官方 attacks_ground	1	Bat:attacks_ground = 1	ours=1 official=1	一致	coverage-enumerate.py (cards_stats_* / rarities)
S1数值	unit_cs:bats	damage ↔ 官方 damage_per_level	81	Bat:damage_per_level = 81	ours=81 official=81	一致	coverage-enumerate.py (cards_stats_* / rarities)
S1数值	unit_cs:bats	death_aoe_radius_mt ↔ 官方 death_damage_radius	0	Bat:death_damage_radius = 0	ours=0 official=0	一致	coverage-enumerate.py (cards_stats_* / rarities)
S1数值	unit_cs:bats	death_damage ↔ 官方 death_damage	0	Bat:death_damage = 0	ours=0 official=0	一致	coverage-enumerate.py (cards_stats_* / rarities)
S1数值	unit_cs:bats	death_spawn_n ↔ 官方 death_spawn_count	0	Bat:death_spawn_count = 0	ours=0 official=0	一致	coverage-enumerate.py (cards_stats_* / rarities)
S1数值	unit_cs:bats	deploy_ms ↔ 官方 deploy_time	1000	Bat:deploy_time = 1000	ours=1000 official=1000	一致	coverage-enumerate.py (cards_stats_* / rarities)
S1数值	unit_cs:bats	flying ↔ 官方 flying_height	1	Bat:flying_height = 1	ours=1 official=1	一致	coverage-enumerate.py (cards_stats_* / rarities)
S1数值	unit_cs:bats	hit_speed_ms ↔ 官方 hit_speed	1300	Bat:hit_speed = 1300	ours=1300 official=1300	一致	coverage-enumerate.py (cards_stats_* / rarities)
S1数值	unit_cs:bats	hp ↔ 官方 hitpoints_per_level	81	Bat:hitpoints_per_level = 81	ours=81 official=81	一致	coverage-enumerate.py (cards_stats_* / rarities)
S1数值	unit_cs:bats	id (本项目自定列)	-	本项目自定：id	ours=26020044	允许的差异(本项目自定列)	差异登记 D22 / docs/步骤文档.md §4.2
S1数值	unit_cs:bats	key (本项目自定列)	-	本项目自定：key	ours=bats	允许的差异(本项目自定列)	差异登记 D22 / docs/步骤文档.md §4.2
S1数值	unit_cs:bats	kind (本项目自定列)	-	本项目自定：kind	ours=0	允许的差异(本项目自定列)	差异登记 D22 / docs/步骤文档.md §4.2
S1数值	unit_cs:bats	life_ms ↔ 官方 life_time	0	Bat:life_time = 0	ours=0 official=0	一致	coverage-enumerate.py (cards_stats_* / rarities)
S1数值	unit_cs:bats	load_time_ms ↔ 官方 load_time	700	Bat:load_time = 700	ours=700 official=700	一致	coverage-enumerate.py (cards_stats_* / rarities)
S1数值	unit_cs:bats	mass ↔ 官方 mass	1	Bat:mass = 1	ours=1 official=1	一致	coverage-enumerate.py (cards_stats_* / rarities)
S1数值	unit_cs:bats	name_cn (本项目自定列)	-	本项目自定：name_cn	ours=蝙蝠	允许的差异(本项目自定列)	差异登记 D22 / docs/步骤文档.md §4.2
S1数值	unit_cs:bats	only_buildings ↔ 官方 target_only_buildings	0	Bat:target_only_buildings = 0	ours=0 official=0	一致	coverage-enumerate.py (cards_stats_* / rarities)
S1数值	unit_cs:bats	only_towers ↔ 官方 target_only_towers	0	Bat:target_only_towers = 0	ours=0 official=0	一致	coverage-enumerate.py (cards_stats_* / rarities)
S1数值	unit_cs:bats	only_troops ↔ 官方 target_only_troops	0	Bat:target_only_troops = 0	ours=0 official=0	一致	coverage-enumerate.py (cards_stats_* / rarities)
S1数值	unit_cs:bats	radius_mt ↔ 官方 collision_radius	500	Bat:collision_radius = 500	ours=500 official=500	一致	coverage-enumerate.py (cards_stats_* / rarities)
S1数值	unit_cs:bats	range_mt ↔ 官方 range	1200	Bat:range = 1200	ours=1200 official=1200	一致	coverage-enumerate.py (cards_stats_* / rarities)
S1数值	unit_cs:bats	sight_mt ↔ 官方 sight_range	5500	Bat:sight_range = 5500	ours=5500 official=5500	一致	coverage-enumerate.py (cards_stats_* / rarities)
S1数值	unit_cs:bats	spawn_interval_ms ↔ 官方 spawn_interval/spawn_pause_time	0	Bat:spawn_interval/spawn_pause_time = 0	ours=0 official=0	一致	coverage-enumerate.py (cards_stats_* / rarities)
S1数值	unit_cs:bats	spawn_limit ↔ 官方 spawn_limit	0	Bat:spawn_limit = 0	ours=0 official=0	一致	coverage-enumerate.py (cards_stats_* / rarities)
S1数值	unit_cs:bats	spawn_n ↔ 官方 spawn_number	0	Bat:spawn_number = 0	ours=0 official=0	一致	coverage-enumerate.py (cards_stats_* / rarities)
S1数值	unit_cs:bats	spawn_radius_mt ↔ 官方 spawn_radius	0	Bat:spawn_radius = 0	ours=0 official=0	一致	coverage-enumerate.py (cards_stats_* / rarities)
S1数值	unit_cs:bats	speed ↔ 官方 speed	120	Bat:speed = 120	ours=120 official=120	一致	coverage-enumerate.py (cards_stats_* / rarities)
S1数值	unit_cs:bats	sprite_dir (本项目自定列)	-	本项目自定：sprite_dir	ours=chr_bats_out	允许的差异(本项目自定列)	差异登记 D22 / docs/步骤文档.md §4.2
S1数值	unit_cs:bats	summon_deploy_delay_ms (本项目自定列)	-	本项目自定：summon_deploy_delay_ms	ours=100	允许的差异(本项目自定列)	差异登记 D22 / docs/步骤文档.md §4.2
S1数值	unit_cs:bats	summon_key (本项目自定列)	-	本项目自定：summon_key	ours=Bat	允许的差异(本项目自定列)	差异登记 D22 / docs/步骤文档.md §4.2
S1数值	unit_cs:bats	summon_n (本项目自定列)	-	本项目自定：summon_n	ours=5	允许的差异(本项目自定列)	差异登记 D22 / docs/步骤文档.md §4.2
S1数值	unit_cs:bats	summon_radius_mt (本项目自定列)	-	本项目自定：summon_radius_mt	ours=750	允许的差异(本项目自定列)	差异登记 D22 / docs/步骤文档.md §4.2
S1数值	unit_cs:battle-ram	aoe_radius_mt ↔ 官方 area_damage_radius	0	BattleRam:area_damage_radius = 0	ours=0 official=0	一致	coverage-enumerate.py (cards_stats_* / rarities)
S1数值	unit_cs:battle-ram	atk_air ↔ 官方 attacks_air	0	BattleRam:attacks_air = 0	ours=0 official=0	一致	coverage-enumerate.py (cards_stats_* / rarities)
S1数值	unit_cs:battle-ram	atk_ground ↔ 官方 attacks_ground	1	BattleRam:attacks_ground = 1	ours=1 official=1	一致	coverage-enumerate.py (cards_stats_* / rarities)
S1数值	unit_cs:battle-ram	damage ↔ 官方 damage_per_level	286	BattleRam:damage_per_level = 286	ours=286 official=286	一致	coverage-enumerate.py (cards_stats_* / rarities)
S1数值	unit_cs:battle-ram	death_aoe_radius_mt ↔ 官方 death_damage_radius	0	BattleRam:death_damage_radius = 0	ours=0 official=0	一致	coverage-enumerate.py (cards_stats_* / rarities)
S1数值	unit_cs:battle-ram	death_damage ↔ 官方 death_damage	0	BattleRam:death_damage = 0	ours=0 official=0	一致	coverage-enumerate.py (cards_stats_* / rarities)
S1数值	unit_cs:battle-ram	death_spawn_key ↔ 官方 death_spawn_character	Barbarian	BattleRam:death_spawn_character = Barbarian	ours=Barbarian official=Barbarian	一致	coverage-enumerate.py (cards_stats_* / rarities)
S1数值	unit_cs:battle-ram	death_spawn_n ↔ 官方 death_spawn_count	2	BattleRam:death_spawn_count = 2	ours=2 official=2	一致	coverage-enumerate.py (cards_stats_* / rarities)
S1数值	unit_cs:battle-ram	deploy_ms ↔ 官方 deploy_time	1000	BattleRam:deploy_time = 1000	ours=1000 official=1000	一致	coverage-enumerate.py (cards_stats_* / rarities)
S1数值	unit_cs:battle-ram	flying ↔ 官方 flying_height	0	BattleRam:flying_height = 0	ours=0 official=0	一致	coverage-enumerate.py (cards_stats_* / rarities)
S1数值	unit_cs:battle-ram	hit_speed_ms ↔ 官方 hit_speed	400	BattleRam:hit_speed = 400	ours=400 official=400	一致	coverage-enumerate.py (cards_stats_* / rarities)
S1数值	unit_cs:battle-ram	hp ↔ 官方 hitpoints_per_level	966	BattleRam:hitpoints_per_level = 966	ours=966 official=966	一致	coverage-enumerate.py (cards_stats_* / rarities)
S1数值	unit_cs:battle-ram	id (本项目自定列)	-	本项目自定：id	ours=26020038	允许的差异(本项目自定列)	差异登记 D22 / docs/步骤文档.md §4.2
S1数值	unit_cs:battle-ram	key (本项目自定列)	-	本项目自定：key	ours=battle-ram	允许的差异(本项目自定列)	差异登记 D22 / docs/步骤文档.md §4.2
S1数值	unit_cs:battle-ram	kind (本项目自定列)	-	本项目自定：kind	ours=0	允许的差异(本项目自定列)	差异登记 D22 / docs/步骤文档.md §4.2
S1数值	unit_cs:battle-ram	life_ms ↔ 官方 life_time	0	BattleRam:life_time = 0	ours=0 official=0	一致	coverage-enumerate.py (cards_stats_* / rarities)
S1数值	unit_cs:battle-ram	load_time_ms ↔ 官方 load_time	50	BattleRam:load_time = 50	ours=50 official=50	一致	coverage-enumerate.py (cards_stats_* / rarities)
S1数值	unit_cs:battle-ram	mass ↔ 官方 mass	6	BattleRam:mass = 6	ours=6 official=6	一致	coverage-enumerate.py (cards_stats_* / rarities)
S1数值	unit_cs:battle-ram	name_cn (本项目自定列)	-	本项目自定：name_cn	ours=野蛮人攻城槌	允许的差异(本项目自定列)	差异登记 D22 / docs/步骤文档.md §4.2
S1数值	unit_cs:battle-ram	only_buildings ↔ 官方 target_only_buildings	1	BattleRam:target_only_buildings = 1	ours=1 official=1	一致	coverage-enumerate.py (cards_stats_* / rarities)
S1数值	unit_cs:battle-ram	only_towers ↔ 官方 target_only_towers	0	BattleRam:target_only_towers = 0	ours=0 official=0	一致	coverage-enumerate.py (cards_stats_* / rarities)
S1数值	unit_cs:battle-ram	only_troops ↔ 官方 target_only_troops	0	BattleRam:target_only_troops = 0	ours=0 official=0	一致	coverage-enumerate.py (cards_stats_* / rarities)
S1数值	unit_cs:battle-ram	radius_mt ↔ 官方 collision_radius	750	BattleRam:collision_radius = 750	ours=750 official=750	一致	coverage-enumerate.py (cards_stats_* / rarities)
S1数值	unit_cs:battle-ram	range_mt ↔ 官方 range	500	BattleRam:range = 500	ours=500 official=500	一致	coverage-enumerate.py (cards_stats_* / rarities)
S1数值	unit_cs:battle-ram	sight_mt ↔ 官方 sight_range	5500	BattleRam:sight_range = 5500	ours=5500 official=5500	一致	coverage-enumerate.py (cards_stats_* / rarities)
S1数值	unit_cs:battle-ram	spawn_interval_ms ↔ 官方 spawn_interval/spawn_pause_time	0	BattleRam:spawn_interval/spawn_pause_time = 0	ours=0 official=0	一致	coverage-enumerate.py (cards_stats_* / rarities)
S1数值	unit_cs:battle-ram	spawn_limit ↔ 官方 spawn_limit	0	BattleRam:spawn_limit = 0	ours=0 official=0	一致	coverage-enumerate.py (cards_stats_* / rarities)
S1数值	unit_cs:battle-ram	spawn_n ↔ 官方 spawn_number	0	BattleRam:spawn_number = 0	ours=0 official=0	一致	coverage-enumerate.py (cards_stats_* / rarities)
S1数值	unit_cs:battle-ram	spawn_radius_mt ↔ 官方 spawn_radius	0	BattleRam:spawn_radius = 0	ours=0 official=0	一致	coverage-enumerate.py (cards_stats_* / rarities)
S1数值	unit_cs:battle-ram	speed ↔ 官方 speed	60	BattleRam:speed = 60	ours=60 official=60	一致	coverage-enumerate.py (cards_stats_* / rarities)
S1数值	unit_cs:battle-ram	sprite_dir (本项目自定列)	-	本项目自定：sprite_dir	ours=chr_battle_ram_out	允许的差异(本项目自定列)	差异登记 D22 / docs/步骤文档.md §4.2
S1数值	unit_cs:battle-ram	summon_deploy_delay_ms (本项目自定列)	-	本项目自定：summon_deploy_delay_ms	ours=0	允许的差异(本项目自定列)	差异登记 D22 / docs/步骤文档.md §4.2
S1数值	unit_cs:battle-ram	summon_key (本项目自定列)	-	本项目自定：summon_key	ours=battle-ram	允许的差异(本项目自定列)	差异登记 D22 / docs/步骤文档.md §4.2
S1数值	unit_cs:battle-ram	summon_n (本项目自定列)	-	本项目自定：summon_n	ours=1	允许的差异(本项目自定列)	差异登记 D22 / docs/步骤文档.md §4.2
S1数值	unit_cs:battle-ram	summon_radius_mt (本项目自定列)	-	本项目自定：summon_radius_mt	ours=0	允许的差异(本项目自定列)	差异登记 D22 / docs/步骤文档.md §4.2
S1数值	unit_cs:bomb-tower	aoe_radius_mt ↔ 官方 area_damage_radius	0	BombTower:area_damage_radius = 0	ours=0 official=0	一致	coverage-enumerate.py (cards_stats_* / rarities)
S1数值	unit_cs:bomb-tower	atk_air ↔ 官方 attacks_air	0	BombTower:attacks_air = 0	ours=0 official=0	一致	coverage-enumerate.py (cards_stats_* / rarities)
S1数值	unit_cs:bomb-tower	atk_ground ↔ 官方 attacks_ground	1	BombTower:attacks_ground = 1	ours=1 official=1	一致	coverage-enumerate.py (cards_stats_* / rarities)
S1数值	unit_cs:bomb-tower	damage ↔ 官方 damage_per_level	222	BombTower:damage_per_level = 222	ours=222 official=222	一致	coverage-enumerate.py (cards_stats_* / rarities)
S1数值	unit_cs:bomb-tower	death_aoe_radius_mt ↔ 官方 death_damage_radius	0	BombTower:death_damage_radius = 0	ours=0 official=0	一致	coverage-enumerate.py (cards_stats_* / rarities)
S1数值	unit_cs:bomb-tower	death_damage ↔ 官方 death_damage	0	BombTower:death_damage = 0	ours=0 official=0	一致	coverage-enumerate.py (cards_stats_* / rarities)
S1数值	unit_cs:bomb-tower	death_spawn_key ↔ 官方 death_spawn_character	BombTowerBomb	BombTower:death_spawn_character = BombTowerBomb	ours=BombTowerBomb official=BombTowerBomb	一致	coverage-enumerate.py (cards_stats_* / rarities)
S1数值	unit_cs:bomb-tower	death_spawn_n ↔ 官方 death_spawn_count	1	BombTower:death_spawn_count = 1	ours=1 official=1	一致	coverage-enumerate.py (cards_stats_* / rarities)
S1数值	unit_cs:bomb-tower	deploy_ms ↔ 官方 deploy_time	1000	BombTower:deploy_time = 1000	ours=1000 official=1000	一致	coverage-enumerate.py (cards_stats_* / rarities)
S1数值	unit_cs:bomb-tower	flying ↔ 官方 flying_height	0	BombTower:flying_height = 0	ours=0 official=0	一致	coverage-enumerate.py (cards_stats_* / rarities)
S1数值	unit_cs:bomb-tower	hit_speed_ms ↔ 官方 hit_speed	1600	BombTower:hit_speed = 1600	ours=1600 official=1600	一致	coverage-enumerate.py (cards_stats_* / rarities)
S1数值	unit_cs:bomb-tower	hp ↔ 官方 hitpoints_per_level	1356	BombTower:hitpoints_per_level = 1356	ours=1356 official=1356	一致	coverage-enumerate.py (cards_stats_* / rarities)
S1数值	unit_cs:bomb-tower	id (本项目自定列)	-	本项目自定：id	ours=26020052	允许的差异(本项目自定列)	差异登记 D22 / docs/步骤文档.md §4.2
S1数值	unit_cs:bomb-tower	key (本项目自定列)	-	本项目自定：key	ours=bomb-tower	允许的差异(本项目自定列)	差异登记 D22 / docs/步骤文档.md §4.2
S1数值	unit_cs:bomb-tower	kind (本项目自定列)	-	本项目自定：kind	ours=1	允许的差异(本项目自定列)	差异登记 D22 / docs/步骤文档.md §4.2
S1数值	unit_cs:bomb-tower	life_ms ↔ 官方 life_time	30000	BombTower:life_time = 30000	ours=30000 official=30000	一致	coverage-enumerate.py (cards_stats_* / rarities)
S1数值	unit_cs:bomb-tower	load_time_ms ↔ 官方 load_time	1100	BombTower:load_time = 1100	ours=1100 official=1100	一致	coverage-enumerate.py (cards_stats_* / rarities)
S1数值	unit_cs:bomb-tower	mass ↔ 官方 mass	0	BombTower:mass = 0	ours=0 official=0	一致	coverage-enumerate.py (cards_stats_* / rarities)
S1数值	unit_cs:bomb-tower	name_cn (本项目自定列)	-	本项目自定：name_cn	ours=炸弹塔	允许的差异(本项目自定列)	差异登记 D22 / docs/步骤文档.md §4.2
S1数值	unit_cs:bomb-tower	only_buildings ↔ 官方 target_only_buildings	0	BombTower:target_only_buildings = 0	ours=0 official=0	一致	coverage-enumerate.py (cards_stats_* / rarities)
S1数值	unit_cs:bomb-tower	only_towers ↔ 官方 target_only_towers	0	BombTower:target_only_towers = 0	ours=0 official=0	一致	coverage-enumerate.py (cards_stats_* / rarities)
S1数值	unit_cs:bomb-tower	only_troops ↔ 官方 target_only_troops	0	BombTower:target_only_troops = 0	ours=0 official=0	一致	coverage-enumerate.py (cards_stats_* / rarities)
S1数值	unit_cs:bomb-tower	projectile_key ↔ 官方 custom_first_projectile/projectile	BombTowerProjectile	BombTower:custom_first_projectile/projectile = BombTowerProjectile	ours=BombTowerProjectile official=BombTowerProjectile	一致	coverage-enumerate.py (cards_stats_* / rarities)
S1数值	unit_cs:bomb-tower	radius_mt ↔ 官方 collision_radius	600	BombTower:collision_radius = 600	ours=600 official=600	一致	coverage-enumerate.py (cards_stats_* / rarities)
S1数值	unit_cs:bomb-tower	range_mt ↔ 官方 range	6000	BombTower:range = 6000	ours=6000 official=6000	一致	coverage-enumerate.py (cards_stats_* / rarities)
S1数值	unit_cs:bomb-tower	sight_mt ↔ 官方 sight_range	6000	BombTower:sight_range = 6000	ours=6000 official=6000	一致	coverage-enumerate.py (cards_stats_* / rarities)
S1数值	unit_cs:bomb-tower	spawn_interval_ms ↔ 官方 spawn_interval/spawn_pause_time	0	BombTower:spawn_interval/spawn_pause_time = 0	ours=0 official=0	一致	coverage-enumerate.py (cards_stats_* / rarities)
S1数值	unit_cs:bomb-tower	spawn_limit ↔ 官方 spawn_limit	0	BombTower:spawn_limit = 0	ours=0 official=0	一致	coverage-enumerate.py (cards_stats_* / rarities)
S1数值	unit_cs:bomb-tower	spawn_n ↔ 官方 spawn_number	0	BombTower:spawn_number = 0	ours=0 official=0	一致	coverage-enumerate.py (cards_stats_* / rarities)
S1数值	unit_cs:bomb-tower	spawn_radius_mt ↔ 官方 spawn_radius	0	BombTower:spawn_radius = 0	ours=0 official=0	一致	coverage-enumerate.py (cards_stats_* / rarities)
S1数值	unit_cs:bomb-tower	speed ↔ 官方 speed	0	BombTower:speed = 0	ours=0 official=0	一致	coverage-enumerate.py (cards_stats_* / rarities)
S1数值	unit_cs:bomb-tower	sprite_dir (本项目自定列)	-	本项目自定：sprite_dir	ours=building_bomb_tower_out	允许的差异(本项目自定列)	差异登记 D22 / docs/步骤文档.md §4.2
S1数值	unit_cs:bomb-tower	summon_deploy_delay_ms (本项目自定列)	-	本项目自定：summon_deploy_delay_ms	ours=0	允许的差异(本项目自定列)	差异登记 D22 / docs/步骤文档.md §4.2
S1数值	unit_cs:bomb-tower	summon_key (本项目自定列)	-	本项目自定：summon_key	ours=	允许的差异(本项目自定列)	差异登记 D22 / docs/步骤文档.md §4.2
S1数值	unit_cs:bomb-tower	summon_n (本项目自定列)	-	本项目自定：summon_n	ours=0	允许的差异(本项目自定列)	差异登记 D22 / docs/步骤文档.md §4.2
S1数值	unit_cs:bomb-tower	summon_radius_mt (本项目自定列)	-	本项目自定：summon_radius_mt	ours=0	允许的差异(本项目自定列)	差异登记 D22 / docs/步骤文档.md §4.2
S1数值	unit_cs:bomber	aoe_radius_mt ↔ 官方 area_damage_radius	0	Bomber:area_damage_radius = 0	ours=0 official=0	一致	coverage-enumerate.py (cards_stats_* / rarities)
S1数值	unit_cs:bomber	atk_air ↔ 官方 attacks_air	0	Bomber:attacks_air = 0	ours=0 official=0	一致	coverage-enumerate.py (cards_stats_* / rarities)
S1数值	unit_cs:bomber	atk_ground ↔ 官方 attacks_ground	1	Bomber:attacks_ground = 1	ours=1 official=1	一致	coverage-enumerate.py (cards_stats_* / rarities)
S1数值	unit_cs:bomber	damage ↔ 官方 damage_per_level	222	Bomber:damage_per_level = 222	ours=222 official=222	一致	coverage-enumerate.py (cards_stats_* / rarities)
S1数值	unit_cs:bomber	death_aoe_radius_mt ↔ 官方 death_damage_radius	0	Bomber:death_damage_radius = 0	ours=0 official=0	一致	coverage-enumerate.py (cards_stats_* / rarities)
S1数值	unit_cs:bomber	death_damage ↔ 官方 death_damage	0	Bomber:death_damage = 0	ours=0 official=0	一致	coverage-enumerate.py (cards_stats_* / rarities)
S1数值	unit_cs:bomber	death_spawn_n ↔ 官方 death_spawn_count	0	Bomber:death_spawn_count = 0	ours=0 official=0	一致	coverage-enumerate.py (cards_stats_* / rarities)
S1数值	unit_cs:bomber	deploy_ms ↔ 官方 deploy_time	1000	Bomber:deploy_time = 1000	ours=1000 official=1000	一致	coverage-enumerate.py (cards_stats_* / rarities)
S1数值	unit_cs:bomber	flying ↔ 官方 flying_height	0	Bomber:flying_height = 0	ours=0 official=0	一致	coverage-enumerate.py (cards_stats_* / rarities)
S1数值	unit_cs:bomber	hit_speed_ms ↔ 官方 hit_speed	1800	Bomber:hit_speed = 1800	ours=1800 official=1800	一致	coverage-enumerate.py (cards_stats_* / rarities)
S1数值	unit_cs:bomber	hp ↔ 官方 hitpoints_per_level	332	Bomber:hitpoints_per_level = 332	ours=332 official=332	一致	coverage-enumerate.py (cards_stats_* / rarities)
S1数值	unit_cs:bomber	id (本项目自定列)	-	本项目自定：id	ours=26020021	允许的差异(本项目自定列)	差异登记 D22 / docs/步骤文档.md §4.2
S1数值	unit_cs:bomber	key (本项目自定列)	-	本项目自定：key	ours=bomber	允许的差异(本项目自定列)	差异登记 D22 / docs/步骤文档.md §4.2
S1数值	unit_cs:bomber	kind (本项目自定列)	-	本项目自定：kind	ours=0	允许的差异(本项目自定列)	差异登记 D22 / docs/步骤文档.md §4.2
S1数值	unit_cs:bomber	life_ms ↔ 官方 life_time	0	Bomber:life_time = 0	ours=0 official=0	一致	coverage-enumerate.py (cards_stats_* / rarities)
S1数值	unit_cs:bomber	load_time_ms ↔ 官方 load_time	1600	Bomber:load_time = 1600	ours=1600 official=1600	一致	coverage-enumerate.py (cards_stats_* / rarities)
S1数值	unit_cs:bomber	mass ↔ 官方 mass	4	Bomber:mass = 4	ours=4 official=4	一致	coverage-enumerate.py (cards_stats_* / rarities)
S1数值	unit_cs:bomber	name_cn (本项目自定列)	-	本项目自定：name_cn	ours=炸弹兵	允许的差异(本项目自定列)	差异登记 D22 / docs/步骤文档.md §4.2
S1数值	unit_cs:bomber	only_buildings ↔ 官方 target_only_buildings	0	Bomber:target_only_buildings = 0	ours=0 official=0	一致	coverage-enumerate.py (cards_stats_* / rarities)
S1数值	unit_cs:bomber	only_towers ↔ 官方 target_only_towers	0	Bomber:target_only_towers = 0	ours=0 official=0	一致	coverage-enumerate.py (cards_stats_* / rarities)
S1数值	unit_cs:bomber	only_troops ↔ 官方 target_only_troops	0	Bomber:target_only_troops = 0	ours=0 official=0	一致	coverage-enumerate.py (cards_stats_* / rarities)
S1数值	unit_cs:bomber	projectile_key ↔ 官方 custom_first_projectile/projectile	BombSkeletonProjectile	Bomber:custom_first_projectile/projectile = BombSkeletonProjectile	ours=BombSkeletonProjectile official=BombSkeletonProjectile	一致	coverage-enumerate.py (cards_stats_* / rarities)
S1数值	unit_cs:bomber	radius_mt ↔ 官方 collision_radius	500	Bomber:collision_radius = 500	ours=500 official=500	一致	coverage-enumerate.py (cards_stats_* / rarities)
S1数值	unit_cs:bomber	range_mt ↔ 官方 range	4500	Bomber:range = 4500	ours=4500 official=4500	一致	coverage-enumerate.py (cards_stats_* / rarities)
S1数值	unit_cs:bomber	sight_mt ↔ 官方 sight_range	5500	Bomber:sight_range = 5500	ours=5500 official=5500	一致	coverage-enumerate.py (cards_stats_* / rarities)
S1数值	unit_cs:bomber	spawn_interval_ms ↔ 官方 spawn_interval/spawn_pause_time	0	Bomber:spawn_interval/spawn_pause_time = 0	ours=0 official=0	一致	coverage-enumerate.py (cards_stats_* / rarities)
S1数值	unit_cs:bomber	spawn_limit ↔ 官方 spawn_limit	0	Bomber:spawn_limit = 0	ours=0 official=0	一致	coverage-enumerate.py (cards_stats_* / rarities)
S1数值	unit_cs:bomber	spawn_n ↔ 官方 spawn_number	0	Bomber:spawn_number = 0	ours=0 official=0	一致	coverage-enumerate.py (cards_stats_* / rarities)
S1数值	unit_cs:bomber	spawn_radius_mt ↔ 官方 spawn_radius	0	Bomber:spawn_radius = 0	ours=0 official=0	一致	coverage-enumerate.py (cards_stats_* / rarities)
S1数值	unit_cs:bomber	speed ↔ 官方 speed	60	Bomber:speed = 60	ours=60 official=60	一致	coverage-enumerate.py (cards_stats_* / rarities)
S1数值	unit_cs:bomber	sprite_dir (本项目自定列)	-	本项目自定：sprite_dir	ours=chr_bomber_out	允许的差异(本项目自定列)	差异登记 D22 / docs/步骤文档.md §4.2
S1数值	unit_cs:bomber	summon_deploy_delay_ms (本项目自定列)	-	本项目自定：summon_deploy_delay_ms	ours=0	允许的差异(本项目自定列)	差异登记 D22 / docs/步骤文档.md §4.2
S1数值	unit_cs:bomber	summon_key (本项目自定列)	-	本项目自定：summon_key	ours=bomber	允许的差异(本项目自定列)	差异登记 D22 / docs/步骤文档.md §4.2
S1数值	unit_cs:bomber	summon_n (本项目自定列)	-	本项目自定：summon_n	ours=1	允许的差异(本项目自定列)	差异登记 D22 / docs/步骤文档.md §4.2
S1数值	unit_cs:bomber	summon_radius_mt (本项目自定列)	-	本项目自定：summon_radius_mt	ours=0	允许的差异(本项目自定列)	差异登记 D22 / docs/步骤文档.md §4.2
S1数值	unit_cs:bowler	aoe_radius_mt ↔ 官方 area_damage_radius	0	Bowler:area_damage_radius = 0	ours=0 official=0	一致	coverage-enumerate.py (cards_stats_* / rarities)
S1数值	unit_cs:bowler	atk_air ↔ 官方 attacks_air	0	Bowler:attacks_air = 0	ours=0 official=0	一致	coverage-enumerate.py (cards_stats_* / rarities)
S1数值	unit_cs:bowler	atk_ground ↔ 官方 attacks_ground	1	Bowler:attacks_ground = 1	ours=1 official=1	一致	coverage-enumerate.py (cards_stats_* / rarities)
S1数值	unit_cs:bowler	damage ↔ 官方 damage_per_level	288	Bowler:damage_per_level = 288	ours=288 official=288	一致	coverage-enumerate.py (cards_stats_* / rarities)
S1数值	unit_cs:bowler	death_aoe_radius_mt ↔ 官方 death_damage_radius	0	Bowler:death_damage_radius = 0	ours=0 official=0	一致	coverage-enumerate.py (cards_stats_* / rarities)
S1数值	unit_cs:bowler	death_damage ↔ 官方 death_damage	0	Bowler:death_damage = 0	ours=0 official=0	一致	coverage-enumerate.py (cards_stats_* / rarities)
S1数值	unit_cs:bowler	death_spawn_n ↔ 官方 death_spawn_count	0	Bowler:death_spawn_count = 0	ours=0 official=0	一致	coverage-enumerate.py (cards_stats_* / rarities)
S1数值	unit_cs:bowler	deploy_ms ↔ 官方 deploy_time	1000	Bowler:deploy_time = 1000	ours=1000 official=1000	一致	coverage-enumerate.py (cards_stats_* / rarities)
S1数值	unit_cs:bowler	flying ↔ 官方 flying_height	0	Bowler:flying_height = 0	ours=0 official=0	一致	coverage-enumerate.py (cards_stats_* / rarities)
S1数值	unit_cs:bowler	hit_speed_ms ↔ 官方 hit_speed	2500	Bowler:hit_speed = 2500	ours=2500 official=2500	一致	coverage-enumerate.py (cards_stats_* / rarities)
S1数值	unit_cs:bowler	hp ↔ 官方 hitpoints_per_level	2080	Bowler:hitpoints_per_level = 2080	ours=2080 official=2080	一致	coverage-enumerate.py (cards_stats_* / rarities)
S1数值	unit_cs:bowler	id (本项目自定列)	-	本项目自定：id	ours=26020037	允许的差异(本项目自定列)	差异登记 D22 / docs/步骤文档.md §4.2
S1数值	unit_cs:bowler	key (本项目自定列)	-	本项目自定：key	ours=bowler	允许的差异(本项目自定列)	差异登记 D22 / docs/步骤文档.md §4.2
S1数值	unit_cs:bowler	kind (本项目自定列)	-	本项目自定：kind	ours=0	允许的差异(本项目自定列)	差异登记 D22 / docs/步骤文档.md §4.2
S1数值	unit_cs:bowler	life_ms ↔ 官方 life_time	0	Bowler:life_time = 0	ours=0 official=0	一致	coverage-enumerate.py (cards_stats_* / rarities)
S1数值	unit_cs:bowler	load_time_ms ↔ 官方 load_time	2000	Bowler:load_time = 2000	ours=2000 official=2000	一致	coverage-enumerate.py (cards_stats_* / rarities)
S1数值	unit_cs:bowler	mass ↔ 官方 mass	18	Bowler:mass = 18	ours=18 official=18	一致	coverage-enumerate.py (cards_stats_* / rarities)
S1数值	unit_cs:bowler	name_cn (本项目自定列)	-	本项目自定：name_cn	ours=巨石投手	允许的差异(本项目自定列)	差异登记 D22 / docs/步骤文档.md §4.2
S1数值	unit_cs:bowler	only_buildings ↔ 官方 target_only_buildings	0	Bowler:target_only_buildings = 0	ours=0 official=0	一致	coverage-enumerate.py (cards_stats_* / rarities)
S1数值	unit_cs:bowler	only_towers ↔ 官方 target_only_towers	0	Bowler:target_only_towers = 0	ours=0 official=0	一致	coverage-enumerate.py (cards_stats_* / rarities)
S1数值	unit_cs:bowler	only_troops ↔ 官方 target_only_troops	0	Bowler:target_only_troops = 0	ours=0 official=0	一致	coverage-enumerate.py (cards_stats_* / rarities)
S1数值	unit_cs:bowler	projectile_key ↔ 官方 custom_first_projectile/projectile	BowlerProjectile	Bowler:custom_first_projectile/projectile = BowlerProjectile	ours=BowlerProjectile official=BowlerProjectile	一致	coverage-enumerate.py (cards_stats_* / rarities)
S1数值	unit_cs:bowler	radius_mt ↔ 官方 collision_radius	750	Bowler:collision_radius = 750	ours=750 official=750	一致	coverage-enumerate.py (cards_stats_* / rarities)
S1数值	unit_cs:bowler	range_mt ↔ 官方 range	4000	Bowler:range = 4000	ours=4000 official=4000	一致	coverage-enumerate.py (cards_stats_* / rarities)
S1数值	unit_cs:bowler	sight_mt ↔ 官方 sight_range	5500	Bowler:sight_range = 5500	ours=5500 official=5500	一致	coverage-enumerate.py (cards_stats_* / rarities)
S1数值	unit_cs:bowler	spawn_interval_ms ↔ 官方 spawn_interval/spawn_pause_time	0	Bowler:spawn_interval/spawn_pause_time = 0	ours=0 official=0	一致	coverage-enumerate.py (cards_stats_* / rarities)
S1数值	unit_cs:bowler	spawn_limit ↔ 官方 spawn_limit	0	Bowler:spawn_limit = 0	ours=0 official=0	一致	coverage-enumerate.py (cards_stats_* / rarities)
S1数值	unit_cs:bowler	spawn_n ↔ 官方 spawn_number	0	Bowler:spawn_number = 0	ours=0 official=0	一致	coverage-enumerate.py (cards_stats_* / rarities)
S1数值	unit_cs:bowler	spawn_radius_mt ↔ 官方 spawn_radius	0	Bowler:spawn_radius = 0	ours=0 official=0	一致	coverage-enumerate.py (cards_stats_* / rarities)
S1数值	unit_cs:bowler	speed ↔ 官方 speed	45	Bowler:speed = 45	ours=45 official=45	一致	coverage-enumerate.py (cards_stats_* / rarities)
S1数值	unit_cs:bowler	sprite_dir (本项目自定列)	-	本项目自定：sprite_dir	ours=chr_bowler_out	允许的差异(本项目自定列)	差异登记 D22 / docs/步骤文档.md §4.2
S1数值	unit_cs:bowler	summon_deploy_delay_ms (本项目自定列)	-	本项目自定：summon_deploy_delay_ms	ours=0	允许的差异(本项目自定列)	差异登记 D22 / docs/步骤文档.md §4.2
S1数值	unit_cs:bowler	summon_key (本项目自定列)	-	本项目自定：summon_key	ours=bowler	允许的差异(本项目自定列)	差异登记 D22 / docs/步骤文档.md §4.2
S1数值	unit_cs:bowler	summon_n (本项目自定列)	-	本项目自定：summon_n	ours=1	允许的差异(本项目自定列)	差异登记 D22 / docs/步骤文档.md §4.2
S1数值	unit_cs:bowler	summon_radius_mt (本项目自定列)	-	本项目自定：summon_radius_mt	ours=0	允许的差异(本项目自定列)	差异登记 D22 / docs/步骤文档.md §4.2
S1数值	unit_cs:cannon	aoe_radius_mt ↔ 官方 area_damage_radius	0	Cannon:area_damage_radius = 0	ours=0 official=0	一致	coverage-enumerate.py (cards_stats_* / rarities)
S1数值	unit_cs:cannon	atk_air ↔ 官方 attacks_air	0	Cannon:attacks_air = 0	ours=0 official=0	一致	coverage-enumerate.py (cards_stats_* / rarities)
S1数值	unit_cs:cannon	atk_ground ↔ 官方 attacks_ground	1	Cannon:attacks_ground = 1	ours=1 official=1	一致	coverage-enumerate.py (cards_stats_* / rarities)
S1数值	unit_cs:cannon	damage ↔ 官方 damage_per_level	212	Cannon:damage_per_level = 212	ours=212 official=212	一致	coverage-enumerate.py (cards_stats_* / rarities)
S1数值	unit_cs:cannon	death_aoe_radius_mt ↔ 官方 death_damage_radius	0	Cannon:death_damage_radius = 0	ours=0 official=0	一致	coverage-enumerate.py (cards_stats_* / rarities)
S1数值	unit_cs:cannon	death_damage ↔ 官方 death_damage	0	Cannon:death_damage = 0	ours=0 official=0	一致	coverage-enumerate.py (cards_stats_* / rarities)
S1数值	unit_cs:cannon	death_spawn_n ↔ 官方 death_spawn_count	0	Cannon:death_spawn_count = 0	ours=0 official=0	一致	coverage-enumerate.py (cards_stats_* / rarities)
S1数值	unit_cs:cannon	deploy_ms ↔ 官方 deploy_time	1000	Cannon:deploy_time = 1000	ours=1000 official=1000	一致	coverage-enumerate.py (cards_stats_* / rarities)
S1数值	unit_cs:cannon	flying ↔ 官方 flying_height	0	Cannon:flying_height = 0	ours=0 official=0	一致	coverage-enumerate.py (cards_stats_* / rarities)
S1数值	unit_cs:cannon	hit_speed_ms ↔ 官方 hit_speed	900	Cannon:hit_speed = 900	ours=900 official=900	一致	coverage-enumerate.py (cards_stats_* / rarities)
S1数值	unit_cs:cannon	hp ↔ 官方 hitpoints_per_level	824	Cannon:hitpoints_per_level = 824	ours=824 official=824	一致	coverage-enumerate.py (cards_stats_* / rarities)
S1数值	unit_cs:cannon	id (本项目自定列)	-	本项目自定：id	ours=26020048	允许的差异(本项目自定列)	差异登记 D22 / docs/步骤文档.md §4.2
S1数值	unit_cs:cannon	key (本项目自定列)	-	本项目自定：key	ours=cannon	允许的差异(本项目自定列)	差异登记 D22 / docs/步骤文档.md §4.2
S1数值	unit_cs:cannon	kind (本项目自定列)	-	本项目自定：kind	ours=1	允许的差异(本项目自定列)	差异登记 D22 / docs/步骤文档.md §4.2
S1数值	unit_cs:cannon	life_ms ↔ 官方 life_time	30000	Cannon:life_time = 30000	ours=30000 official=30000	一致	coverage-enumerate.py (cards_stats_* / rarities)
S1数值	unit_cs:cannon	load_time_ms ↔ 官方 load_time	0	Cannon:load_time = 0	ours=0 official=0	一致	coverage-enumerate.py (cards_stats_* / rarities)
S1数值	unit_cs:cannon	mass ↔ 官方 mass	0	Cannon:mass = 0	ours=0 official=0	一致	coverage-enumerate.py (cards_stats_* / rarities)
S1数值	unit_cs:cannon	name_cn (本项目自定列)	-	本项目自定：name_cn	ours=加农炮	允许的差异(本项目自定列)	差异登记 D22 / docs/步骤文档.md §4.2
S1数值	unit_cs:cannon	only_buildings ↔ 官方 target_only_buildings	0	Cannon:target_only_buildings = 0	ours=0 official=0	一致	coverage-enumerate.py (cards_stats_* / rarities)
S1数值	unit_cs:cannon	only_towers ↔ 官方 target_only_towers	0	Cannon:target_only_towers = 0	ours=0 official=0	一致	coverage-enumerate.py (cards_stats_* / rarities)
S1数值	unit_cs:cannon	only_troops ↔ 官方 target_only_troops	0	Cannon:target_only_troops = 0	ours=0 official=0	一致	coverage-enumerate.py (cards_stats_* / rarities)
S1数值	unit_cs:cannon	projectile_key ↔ 官方 custom_first_projectile/projectile	TowerCannonball	Cannon:custom_first_projectile/projectile = TowerCannonball	ours=TowerCannonball official=TowerCannonball	一致	coverage-enumerate.py (cards_stats_* / rarities)
S1数值	unit_cs:cannon	radius_mt ↔ 官方 collision_radius	600	Cannon:collision_radius = 600	ours=600 official=600	一致	coverage-enumerate.py (cards_stats_* / rarities)
S1数值	unit_cs:cannon	range_mt ↔ 官方 range	5500	Cannon:range = 5500	ours=5500 official=5500	一致	coverage-enumerate.py (cards_stats_* / rarities)
S1数值	unit_cs:cannon	sight_mt ↔ 官方 sight_range	5500	Cannon:sight_range = 5500	ours=5500 official=5500	一致	coverage-enumerate.py (cards_stats_* / rarities)
S1数值	unit_cs:cannon	spawn_interval_ms ↔ 官方 spawn_interval/spawn_pause_time	0	Cannon:spawn_interval/spawn_pause_time = 0	ours=0 official=0	一致	coverage-enumerate.py (cards_stats_* / rarities)
S1数值	unit_cs:cannon	spawn_limit ↔ 官方 spawn_limit	0	Cannon:spawn_limit = 0	ours=0 official=0	一致	coverage-enumerate.py (cards_stats_* / rarities)
S1数值	unit_cs:cannon	spawn_n ↔ 官方 spawn_number	0	Cannon:spawn_number = 0	ours=0 official=0	一致	coverage-enumerate.py (cards_stats_* / rarities)
S1数值	unit_cs:cannon	spawn_radius_mt ↔ 官方 spawn_radius	0	Cannon:spawn_radius = 0	ours=0 official=0	一致	coverage-enumerate.py (cards_stats_* / rarities)
S1数值	unit_cs:cannon	speed ↔ 官方 speed	0	Cannon:speed = 0	ours=0 official=0	一致	coverage-enumerate.py (cards_stats_* / rarities)
S1数值	unit_cs:cannon	sprite_dir (本项目自定列)	-	本项目自定：sprite_dir	ours=building_basic_cannon_out	允许的差异(本项目自定列)	差异登记 D22 / docs/步骤文档.md §4.2
S1数值	unit_cs:cannon	summon_deploy_delay_ms (本项目自定列)	-	本项目自定：summon_deploy_delay_ms	ours=0	允许的差异(本项目自定列)	差异登记 D22 / docs/步骤文档.md §4.2
S1数值	unit_cs:cannon	summon_key (本项目自定列)	-	本项目自定：summon_key	ours=	允许的差异(本项目自定列)	差异登记 D22 / docs/步骤文档.md §4.2
S1数值	unit_cs:cannon	summon_n (本项目自定列)	-	本项目自定：summon_n	ours=0	允许的差异(本项目自定列)	差异登记 D22 / docs/步骤文档.md §4.2
S1数值	unit_cs:cannon	summon_radius_mt (本项目自定列)	-	本项目自定：summon_radius_mt	ours=0	允许的差异(本项目自定列)	差异登记 D22 / docs/步骤文档.md §4.2
S1数值	unit_cs:cannon-cart	aoe_radius_mt ↔ 官方 area_damage_radius	0	MovingCannon:area_damage_radius = 0	ours=0 official=0	一致	coverage-enumerate.py (cards_stats_* / rarities)
S1数值	unit_cs:cannon-cart	atk_air ↔ 官方 attacks_air	0	MovingCannon:attacks_air = 0	ours=0 official=0	一致	coverage-enumerate.py (cards_stats_* / rarities)
S1数值	unit_cs:cannon-cart	atk_ground ↔ 官方 attacks_ground	1	MovingCannon:attacks_ground = 1	ours=1 official=1	一致	coverage-enumerate.py (cards_stats_* / rarities)
S1数值	unit_cs:cannon-cart	damage ↔ 官方 damage_per_level	212	MovingCannon:damage_per_level = 212	ours=212 official=212	一致	coverage-enumerate.py (cards_stats_* / rarities)
S1数值	unit_cs:cannon-cart	death_aoe_radius_mt ↔ 官方 death_damage_radius	0	MovingCannon:death_damage_radius = 0	ours=0 official=0	一致	coverage-enumerate.py (cards_stats_* / rarities)
S1数值	unit_cs:cannon-cart	death_damage ↔ 官方 death_damage	0	MovingCannon:death_damage = 0	ours=0 official=0	一致	coverage-enumerate.py (cards_stats_* / rarities)
S1数值	unit_cs:cannon-cart	death_spawn_key ↔ 官方 death_spawn_character	BrokenCannon	MovingCannon:death_spawn_character = BrokenCannon	ours=BrokenCannon official=BrokenCannon	一致	coverage-enumerate.py (cards_stats_* / rarities)
S1数值	unit_cs:cannon-cart	death_spawn_n ↔ 官方 death_spawn_count	1	MovingCannon:death_spawn_count = 1	ours=1 official=1	一致	coverage-enumerate.py (cards_stats_* / rarities)
S1数值	unit_cs:cannon-cart	deploy_ms ↔ 官方 deploy_time	1000	MovingCannon:deploy_time = 1000	ours=1000 official=1000	一致	coverage-enumerate.py (cards_stats_* / rarities)
S1数值	unit_cs:cannon-cart	flying ↔ 官方 flying_height	0	MovingCannon:flying_height = 0	ours=0 official=0	一致	coverage-enumerate.py (cards_stats_* / rarities)
S1数值	unit_cs:cannon-cart	hit_speed_ms ↔ 官方 hit_speed	1000	MovingCannon:hit_speed = 1000	ours=1000 official=1000	一致	coverage-enumerate.py (cards_stats_* / rarities)
S1数值	unit_cs:cannon-cart	hp ↔ 官方 hitpoints_per_level	892	MovingCannon:hitpoints_per_level = 892	ours=892 official=892	一致	coverage-enumerate.py (cards_stats_* / rarities)
S1数值	unit_cs:cannon-cart	id (本项目自定列)	-	本项目自定：id	ours=26020047	允许的差异(本项目自定列)	差异登记 D22 / docs/步骤文档.md §4.2
S1数值	unit_cs:cannon-cart	key (本项目自定列)	-	本项目自定：key	ours=cannon-cart	允许的差异(本项目自定列)	差异登记 D22 / docs/步骤文档.md §4.2
S1数值	unit_cs:cannon-cart	kind (本项目自定列)	-	本项目自定：kind	ours=0	允许的差异(本项目自定列)	差异登记 D22 / docs/步骤文档.md §4.2
S1数值	unit_cs:cannon-cart	life_ms ↔ 官方 life_time	0	MovingCannon:life_time = 0	ours=0 official=0	一致	coverage-enumerate.py (cards_stats_* / rarities)
S1数值	unit_cs:cannon-cart	load_time_ms ↔ 官方 load_time	400	MovingCannon:load_time = 400	ours=400 official=400	一致	coverage-enumerate.py (cards_stats_* / rarities)
S1数值	unit_cs:cannon-cart	mass ↔ 官方 mass	3	MovingCannon:mass = 3	ours=3 official=3	一致	coverage-enumerate.py (cards_stats_* / rarities)
S1数值	unit_cs:cannon-cart	name_cn (本项目自定列)	-	本项目自定：name_cn	ours=加农炮战车	允许的差异(本项目自定列)	差异登记 D22 / docs/步骤文档.md §4.2
S1数值	unit_cs:cannon-cart	only_buildings ↔ 官方 target_only_buildings	0	MovingCannon:target_only_buildings = 0	ours=0 official=0	一致	coverage-enumerate.py (cards_stats_* / rarities)
S1数值	unit_cs:cannon-cart	only_towers ↔ 官方 target_only_towers	0	MovingCannon:target_only_towers = 0	ours=0 official=0	一致	coverage-enumerate.py (cards_stats_* / rarities)
S1数值	unit_cs:cannon-cart	only_troops ↔ 官方 target_only_troops	0	MovingCannon:target_only_troops = 0	ours=0 official=0	一致	coverage-enumerate.py (cards_stats_* / rarities)
S1数值	unit_cs:cannon-cart	projectile_key ↔ 官方 custom_first_projectile/projectile	MovingCannonProjectile	MovingCannon:custom_first_projectile/projectile = MovingCannonProjectile	ours=MovingCannonProjectile official=MovingCannonProjectile	一致	coverage-enumerate.py (cards_stats_* / rarities)
S1数值	unit_cs:cannon-cart	radius_mt ↔ 官方 collision_radius	600	MovingCannon:collision_radius = 600	ours=600 official=600	一致	coverage-enumerate.py (cards_stats_* / rarities)
S1数值	unit_cs:cannon-cart	range_mt ↔ 官方 range	5500	MovingCannon:range = 5500	ours=5500 official=5500	一致	coverage-enumerate.py (cards_stats_* / rarities)
S1数值	unit_cs:cannon-cart	sight_mt ↔ 官方 sight_range	6000	MovingCannon:sight_range = 6000	ours=6000 official=6000	一致	coverage-enumerate.py (cards_stats_* / rarities)
S1数值	unit_cs:cannon-cart	spawn_interval_ms ↔ 官方 spawn_interval/spawn_pause_time	0	MovingCannon:spawn_interval/spawn_pause_time = 0	ours=0 official=0	一致	coverage-enumerate.py (cards_stats_* / rarities)
S1数值	unit_cs:cannon-cart	spawn_limit ↔ 官方 spawn_limit	0	MovingCannon:spawn_limit = 0	ours=0 official=0	一致	coverage-enumerate.py (cards_stats_* / rarities)
S1数值	unit_cs:cannon-cart	spawn_n ↔ 官方 spawn_number	0	MovingCannon:spawn_number = 0	ours=0 official=0	一致	coverage-enumerate.py (cards_stats_* / rarities)
S1数值	unit_cs:cannon-cart	spawn_radius_mt ↔ 官方 spawn_radius	0	MovingCannon:spawn_radius = 0	ours=0 official=0	一致	coverage-enumerate.py (cards_stats_* / rarities)
S1数值	unit_cs:cannon-cart	speed ↔ 官方 speed	60	MovingCannon:speed = 60	ours=60 official=60	一致	coverage-enumerate.py (cards_stats_* / rarities)
S1数值	unit_cs:cannon-cart	sprite_dir (本项目自定列)	-	本项目自定：sprite_dir	ours=chr_movingcannon_out	允许的差异(本项目自定列)	差异登记 D22 / docs/步骤文档.md §4.2
S1数值	unit_cs:cannon-cart	summon_deploy_delay_ms (本项目自定列)	-	本项目自定：summon_deploy_delay_ms	ours=0	允许的差异(本项目自定列)	差异登记 D22 / docs/步骤文档.md §4.2
S1数值	unit_cs:cannon-cart	summon_key (本项目自定列)	-	本项目自定：summon_key	ours=cannon-cart	允许的差异(本项目自定列)	差异登记 D22 / docs/步骤文档.md §4.2
S1数值	unit_cs:cannon-cart	summon_n (本项目自定列)	-	本项目自定：summon_n	ours=1	允许的差异(本项目自定列)	差异登记 D22 / docs/步骤文档.md §4.2
S1数值	unit_cs:cannon-cart	summon_radius_mt (本项目自定列)	-	本项目自定：summon_radius_mt	ours=0	允许的差异(本项目自定列)	差异登记 D22 / docs/步骤文档.md §4.2
S1数值	unit_cs:chr_wizardProjectile	damage ↔ 官方 damage_per_level	281	chr_wizardProjectile:damage_per_level = 281	ours=281 official=281	一致	coverage-enumerate.py (cards_stats_* / rarities)
S1数值	unit_cs:chr_wizardProjectile	id (本项目自定列)	-	本项目自定：id	ours=26020068	允许的差异(本项目自定列)	差异登记 D22 / docs/步骤文档.md §4.2
S1数值	unit_cs:chr_wizardProjectile	key (本项目自定列)	-	本项目自定：key	ours=chr_wizardProjectile	允许的差异(本项目自定列)	差异登记 D22 / docs/步骤文档.md §4.2
S1数值	unit_cs:chr_wizardProjectile	kind (本项目自定列)	-	本项目自定：kind	ours=3	允许的差异(本项目自定列)	差异登记 D22 / docs/步骤文档.md §4.2
S1数值	unit_cs:chr_wizardProjectile	name_cn (本项目自定列)	-	本项目自定：name_cn	ours=	允许的差异(本项目自定列)	差异登记 D22 / docs/步骤文档.md §4.2
S1数值	unit_cs:chr_wizardProjectile	radius_mt ↔ 官方 collision_radius	1500	chr_wizardProjectile:collision_radius = 1500	ours=1500 official=1500	一致	coverage-enumerate.py (cards_stats_* / rarities)
S1数值	unit_cs:chr_wizardProjectile	spawn_interval_ms ↔ 官方 spawn_interval/spawn_pause_time	0	chr_wizardProjectile:spawn_interval/spawn_pause_time = 0	ours=0 official=0	一致	coverage-enumerate.py (cards_stats_* / rarities)
S1数值	unit_cs:chr_wizardProjectile	speed ↔ 官方 speed	600	chr_wizardProjectile:speed = 600	ours=600 official=600	一致	coverage-enumerate.py (cards_stats_* / rarities)
S1数值	unit_cs:chr_wizardProjectile	sprite_dir (本项目自定列)	-	本项目自定：sprite_dir	ours=	允许的差异(本项目自定列)	差异登记 D22 / docs/步骤文档.md §4.2
S1数值	unit_cs:chr_wizardProjectile	summon_deploy_delay_ms (本项目自定列)	-	本项目自定：summon_deploy_delay_ms	ours=0	允许的差异(本项目自定列)	差异登记 D22 / docs/步骤文档.md §4.2
S1数值	unit_cs:chr_wizardProjectile	summon_key (本项目自定列)	-	本项目自定：summon_key	ours=	允许的差异(本项目自定列)	差异登记 D22 / docs/步骤文档.md §4.2
S1数值	unit_cs:chr_wizardProjectile	summon_n (本项目自定列)	-	本项目自定：summon_n	ours=0	允许的差异(本项目自定列)	差异登记 D22 / docs/步骤文档.md §4.2
S1数值	unit_cs:chr_wizardProjectile	summon_radius_mt (本项目自定列)	-	本项目自定：summon_radius_mt	ours=0	允许的差异(本项目自定列)	差异登记 D22 / docs/步骤文档.md §4.2
S1数值	unit_cs:dark-prince	aoe_radius_mt ↔ 官方 area_damage_radius	1100	DarkPrince:area_damage_radius = 1100	ours=1100 official=1100	一致	coverage-enumerate.py (cards_stats_* / rarities)
S1数值	unit_cs:dark-prince	atk_air ↔ 官方 attacks_air	0	DarkPrince:attacks_air = 0	ours=0 official=0	一致	coverage-enumerate.py (cards_stats_* / rarities)
S1数值	unit_cs:dark-prince	atk_ground ↔ 官方 attacks_ground	1	DarkPrince:attacks_ground = 1	ours=1 official=1	一致	coverage-enumerate.py (cards_stats_* / rarities)
S1数值	unit_cs:dark-prince	damage ↔ 官方 damage_per_level	248	DarkPrince:damage_per_level = 248	ours=248 official=248	一致	coverage-enumerate.py (cards_stats_* / rarities)
S1数值	unit_cs:dark-prince	death_aoe_radius_mt ↔ 官方 death_damage_radius	0	DarkPrince:death_damage_radius = 0	ours=0 official=0	一致	coverage-enumerate.py (cards_stats_* / rarities)
S1数值	unit_cs:dark-prince	death_damage ↔ 官方 death_damage	0	DarkPrince:death_damage = 0	ours=0 official=0	一致	coverage-enumerate.py (cards_stats_* / rarities)
S1数值	unit_cs:dark-prince	death_spawn_n ↔ 官方 death_spawn_count	0	DarkPrince:death_spawn_count = 0	ours=0 official=0	一致	coverage-enumerate.py (cards_stats_* / rarities)
S1数值	unit_cs:dark-prince	deploy_ms ↔ 官方 deploy_time	1000	DarkPrince:deploy_time = 1000	ours=1000 official=1000	一致	coverage-enumerate.py (cards_stats_* / rarities)
S1数值	unit_cs:dark-prince	flying ↔ 官方 flying_height	0	DarkPrince:flying_height = 0	ours=0 official=0	一致	coverage-enumerate.py (cards_stats_* / rarities)
S1数值	unit_cs:dark-prince	hit_speed_ms ↔ 官方 hit_speed	1300	DarkPrince:hit_speed = 1300	ours=1300 official=1300	一致	coverage-enumerate.py (cards_stats_* / rarities)
S1数值	unit_cs:dark-prince	hp ↔ 官方 hitpoints_per_level	1200	DarkPrince:hitpoints_per_level = 1200	ours=1200 official=1200	一致	coverage-enumerate.py (cards_stats_* / rarities)
S1数值	unit_cs:dark-prince	id (本项目自定列)	-	本项目自定：id	ours=26020032	允许的差异(本项目自定列)	差异登记 D22 / docs/步骤文档.md §4.2
S1数值	unit_cs:dark-prince	key (本项目自定列)	-	本项目自定：key	ours=dark-prince	允许的差异(本项目自定列)	差异登记 D22 / docs/步骤文档.md §4.2
S1数值	unit_cs:dark-prince	kind (本项目自定列)	-	本项目自定：kind	ours=0	允许的差异(本项目自定列)	差异登记 D22 / docs/步骤文档.md §4.2
S1数值	unit_cs:dark-prince	life_ms ↔ 官方 life_time	0	DarkPrince:life_time = 0	ours=0 official=0	一致	coverage-enumerate.py (cards_stats_* / rarities)
S1数值	unit_cs:dark-prince	load_time_ms ↔ 官方 load_time	900	DarkPrince:load_time = 900	ours=900 official=900	一致	coverage-enumerate.py (cards_stats_* / rarities)
S1数值	unit_cs:dark-prince	mass ↔ 官方 mass	6	DarkPrince:mass = 6	ours=6 official=6	一致	coverage-enumerate.py (cards_stats_* / rarities)
S1数值	unit_cs:dark-prince	name_cn (本项目自定列)	-	本项目自定：name_cn	ours=黑暗王子	允许的差异(本项目自定列)	差异登记 D22 / docs/步骤文档.md §4.2
S1数值	unit_cs:dark-prince	only_buildings ↔ 官方 target_only_buildings	0	DarkPrince:target_only_buildings = 0	ours=0 official=0	一致	coverage-enumerate.py (cards_stats_* / rarities)
S1数值	unit_cs:dark-prince	only_towers ↔ 官方 target_only_towers	0	DarkPrince:target_only_towers = 0	ours=0 official=0	一致	coverage-enumerate.py (cards_stats_* / rarities)
S1数值	unit_cs:dark-prince	only_troops ↔ 官方 target_only_troops	0	DarkPrince:target_only_troops = 0	ours=0 official=0	一致	coverage-enumerate.py (cards_stats_* / rarities)
S1数值	unit_cs:dark-prince	radius_mt ↔ 官方 collision_radius	600	DarkPrince:collision_radius = 600	ours=600 official=600	一致	coverage-enumerate.py (cards_stats_* / rarities)
S1数值	unit_cs:dark-prince	range_mt ↔ 官方 range	1200	DarkPrince:range = 1200	ours=1200 official=1200	一致	coverage-enumerate.py (cards_stats_* / rarities)
S1数值	unit_cs:dark-prince	sight_mt ↔ 官方 sight_range	5500	DarkPrince:sight_range = 5500	ours=5500 official=5500	一致	coverage-enumerate.py (cards_stats_* / rarities)
S1数值	unit_cs:dark-prince	spawn_interval_ms ↔ 官方 spawn_interval/spawn_pause_time	0	DarkPrince:spawn_interval/spawn_pause_time = 0	ours=0 official=0	一致	coverage-enumerate.py (cards_stats_* / rarities)
S1数值	unit_cs:dark-prince	spawn_limit ↔ 官方 spawn_limit	0	DarkPrince:spawn_limit = 0	ours=0 official=0	一致	coverage-enumerate.py (cards_stats_* / rarities)
S1数值	unit_cs:dark-prince	spawn_n ↔ 官方 spawn_number	0	DarkPrince:spawn_number = 0	ours=0 official=0	一致	coverage-enumerate.py (cards_stats_* / rarities)
S1数值	unit_cs:dark-prince	spawn_radius_mt ↔ 官方 spawn_radius	0	DarkPrince:spawn_radius = 0	ours=0 official=0	一致	coverage-enumerate.py (cards_stats_* / rarities)
S1数值	unit_cs:dark-prince	speed ↔ 官方 speed	60	DarkPrince:speed = 60	ours=60 official=60	一致	coverage-enumerate.py (cards_stats_* / rarities)
S1数值	unit_cs:dark-prince	sprite_dir (本项目自定列)	-	本项目自定：sprite_dir	ours=chr_prince_out	允许的差异(本项目自定列)	差异登记 D22 / docs/步骤文档.md §4.2
S1数值	unit_cs:dark-prince	summon_deploy_delay_ms (本项目自定列)	-	本项目自定：summon_deploy_delay_ms	ours=0	允许的差异(本项目自定列)	差异登记 D22 / docs/步骤文档.md §4.2
S1数值	unit_cs:dark-prince	summon_key (本项目自定列)	-	本项目自定：summon_key	ours=dark-prince	允许的差异(本项目自定列)	差异登记 D22 / docs/步骤文档.md §4.2
S1数值	unit_cs:dark-prince	summon_n (本项目自定列)	-	本项目自定：summon_n	ours=1	允许的差异(本项目自定列)	差异登记 D22 / docs/步骤文档.md §4.2
S1数值	unit_cs:dark-prince	summon_radius_mt (本项目自定列)	-	本项目自定：summon_radius_mt	ours=0	允许的差异(本项目自定列)	差异登记 D22 / docs/步骤文档.md §4.2
S1数值	unit_cs:dart-goblin	aoe_radius_mt ↔ 官方 area_damage_radius	0	BlowdartGoblin:area_damage_radius = 0	ours=0 official=0	一致	coverage-enumerate.py (cards_stats_* / rarities)
S1数值	unit_cs:dart-goblin	atk_air ↔ 官方 attacks_air	1	BlowdartGoblin:attacks_air = 1	ours=1 official=1	一致	coverage-enumerate.py (cards_stats_* / rarities)
S1数值	unit_cs:dart-goblin	atk_ground ↔ 官方 attacks_ground	1	BlowdartGoblin:attacks_ground = 1	ours=1 official=1	一致	coverage-enumerate.py (cards_stats_* / rarities)
S1数值	unit_cs:dart-goblin	damage ↔ 官方 damage_per_level	131	BlowdartGoblin:damage_per_level = 131	ours=131 official=131	一致	coverage-enumerate.py (cards_stats_* / rarities)
S1数值	unit_cs:dart-goblin	death_aoe_radius_mt ↔ 官方 death_damage_radius	0	BlowdartGoblin:death_damage_radius = 0	ours=0 official=0	一致	coverage-enumerate.py (cards_stats_* / rarities)
S1数值	unit_cs:dart-goblin	death_damage ↔ 官方 death_damage	0	BlowdartGoblin:death_damage = 0	ours=0 official=0	一致	coverage-enumerate.py (cards_stats_* / rarities)
S1数值	unit_cs:dart-goblin	death_spawn_n ↔ 官方 death_spawn_count	0	BlowdartGoblin:death_spawn_count = 0	ours=0 official=0	一致	coverage-enumerate.py (cards_stats_* / rarities)
S1数值	unit_cs:dart-goblin	deploy_ms ↔ 官方 deploy_time	1000	BlowdartGoblin:deploy_time = 1000	ours=1000 official=1000	一致	coverage-enumerate.py (cards_stats_* / rarities)
S1数值	unit_cs:dart-goblin	flying ↔ 官方 flying_height	0	BlowdartGoblin:flying_height = 0	ours=0 official=0	一致	coverage-enumerate.py (cards_stats_* / rarities)
S1数值	unit_cs:dart-goblin	hit_speed_ms ↔ 官方 hit_speed	700	BlowdartGoblin:hit_speed = 700	ours=700 official=700	一致	coverage-enumerate.py (cards_stats_* / rarities)
S1数值	unit_cs:dart-goblin	hp ↔ 官方 hitpoints_per_level	260	BlowdartGoblin:hitpoints_per_level = 260	ours=260 official=260	一致	coverage-enumerate.py (cards_stats_* / rarities)
S1数值	unit_cs:dart-goblin	id (本项目自定列)	-	本项目自定：id	ours=26020040	允许的差异(本项目自定列)	差异登记 D22 / docs/步骤文档.md §4.2
S1数值	unit_cs:dart-goblin	key (本项目自定列)	-	本项目自定：key	ours=dart-goblin	允许的差异(本项目自定列)	差异登记 D22 / docs/步骤文档.md §4.2
S1数值	unit_cs:dart-goblin	kind (本项目自定列)	-	本项目自定：kind	ours=0	允许的差异(本项目自定列)	差异登记 D22 / docs/步骤文档.md §4.2
S1数值	unit_cs:dart-goblin	life_ms ↔ 官方 life_time	0	BlowdartGoblin:life_time = 0	ours=0 official=0	一致	coverage-enumerate.py (cards_stats_* / rarities)
S1数值	unit_cs:dart-goblin	load_time_ms ↔ 官方 load_time	350	BlowdartGoblin:load_time = 350	ours=350 official=350	一致	coverage-enumerate.py (cards_stats_* / rarities)
S1数值	unit_cs:dart-goblin	mass ↔ 官方 mass	3	BlowdartGoblin:mass = 3	ours=3 official=3	一致	coverage-enumerate.py (cards_stats_* / rarities)
S1数值	unit_cs:dart-goblin	name_cn (本项目自定列)	-	本项目自定：name_cn	ours=吹箭哥布林	允许的差异(本项目自定列)	差异登记 D22 / docs/步骤文档.md §4.2
S1数值	unit_cs:dart-goblin	only_buildings ↔ 官方 target_only_buildings	0	BlowdartGoblin:target_only_buildings = 0	ours=0 official=0	一致	coverage-enumerate.py (cards_stats_* / rarities)
S1数值	unit_cs:dart-goblin	only_towers ↔ 官方 target_only_towers	0	BlowdartGoblin:target_only_towers = 0	ours=0 official=0	一致	coverage-enumerate.py (cards_stats_* / rarities)
S1数值	unit_cs:dart-goblin	only_troops ↔ 官方 target_only_troops	0	BlowdartGoblin:target_only_troops = 0	ours=0 official=0	一致	coverage-enumerate.py (cards_stats_* / rarities)
S1数值	unit_cs:dart-goblin	projectile_key ↔ 官方 custom_first_projectile/projectile	BlowdartGoblinProjectile	BlowdartGoblin:custom_first_projectile/projectile = BlowdartGoblinProjectile	ours=BlowdartGoblinProjectile official=BlowdartGoblinProjectile	一致	coverage-enumerate.py (cards_stats_* / rarities)
S1数值	unit_cs:dart-goblin	radius_mt ↔ 官方 collision_radius	500	BlowdartGoblin:collision_radius = 500	ours=500 official=500	一致	coverage-enumerate.py (cards_stats_* / rarities)
S1数值	unit_cs:dart-goblin	range_mt ↔ 官方 range	6500	BlowdartGoblin:range = 6500	ours=6500 official=6500	一致	coverage-enumerate.py (cards_stats_* / rarities)
S1数值	unit_cs:dart-goblin	sight_mt ↔ 官方 sight_range	7500	BlowdartGoblin:sight_range = 7500	ours=7500 official=7500	一致	coverage-enumerate.py (cards_stats_* / rarities)
S1数值	unit_cs:dart-goblin	spawn_interval_ms ↔ 官方 spawn_interval/spawn_pause_time	0	BlowdartGoblin:spawn_interval/spawn_pause_time = 0	ours=0 official=0	一致	coverage-enumerate.py (cards_stats_* / rarities)
S1数值	unit_cs:dart-goblin	spawn_limit ↔ 官方 spawn_limit	0	BlowdartGoblin:spawn_limit = 0	ours=0 official=0	一致	coverage-enumerate.py (cards_stats_* / rarities)
S1数值	unit_cs:dart-goblin	spawn_n ↔ 官方 spawn_number	0	BlowdartGoblin:spawn_number = 0	ours=0 official=0	一致	coverage-enumerate.py (cards_stats_* / rarities)
S1数值	unit_cs:dart-goblin	spawn_radius_mt ↔ 官方 spawn_radius	0	BlowdartGoblin:spawn_radius = 0	ours=0 official=0	一致	coverage-enumerate.py (cards_stats_* / rarities)
S1数值	unit_cs:dart-goblin	speed ↔ 官方 speed	120	BlowdartGoblin:speed = 120	ours=120 official=120	一致	coverage-enumerate.py (cards_stats_* / rarities)
S1数值	unit_cs:dart-goblin	sprite_dir (本项目自定列)	-	本项目自定：sprite_dir	ours=chr_goblin_blowdart_out	允许的差异(本项目自定列)	差异登记 D22 / docs/步骤文档.md §4.2
S1数值	unit_cs:dart-goblin	summon_deploy_delay_ms (本项目自定列)	-	本项目自定：summon_deploy_delay_ms	ours=0	允许的差异(本项目自定列)	差异登记 D22 / docs/步骤文档.md §4.2
S1数值	unit_cs:dart-goblin	summon_key (本项目自定列)	-	本项目自定：summon_key	ours=dart-goblin	允许的差异(本项目自定列)	差异登记 D22 / docs/步骤文档.md §4.2
S1数值	unit_cs:dart-goblin	summon_n (本项目自定列)	-	本项目自定：summon_n	ours=1	允许的差异(本项目自定列)	差异登记 D22 / docs/步骤文档.md §4.2
S1数值	unit_cs:dart-goblin	summon_radius_mt (本项目自定列)	-	本项目自定：summon_radius_mt	ours=0	允许的差异(本项目自定列)	差异登记 D22 / docs/步骤文档.md §4.2
S1数值	unit_cs:electro-wizard	aoe_radius_mt ↔ 官方 area_damage_radius	0	ElectroWizard:area_damage_radius = 0	ours=0 official=0	一致	coverage-enumerate.py (cards_stats_* / rarities)
S1数值	unit_cs:electro-wizard	atk_air ↔ 官方 attacks_air	1	ElectroWizard:attacks_air = 1	ours=1 official=1	一致	coverage-enumerate.py (cards_stats_* / rarities)
S1数值	unit_cs:electro-wizard	atk_ground ↔ 官方 attacks_ground	1	ElectroWizard:attacks_ground = 1	ours=1 official=1	一致	coverage-enumerate.py (cards_stats_* / rarities)
S1数值	unit_cs:electro-wizard	damage ↔ 官方 damage_per_level	110	ElectroWizard:damage_per_level = 110	ours=110 official=110	一致	coverage-enumerate.py (cards_stats_* / rarities)
S1数值	unit_cs:electro-wizard	death_aoe_radius_mt ↔ 官方 death_damage_radius	0	ElectroWizard:death_damage_radius = 0	ours=0 official=0	一致	coverage-enumerate.py (cards_stats_* / rarities)
S1数值	unit_cs:electro-wizard	death_damage ↔ 官方 death_damage	0	ElectroWizard:death_damage = 0	ours=0 official=0	一致	coverage-enumerate.py (cards_stats_* / rarities)
S1数值	unit_cs:electro-wizard	death_spawn_n ↔ 官方 death_spawn_count	0	ElectroWizard:death_spawn_count = 0	ours=0 official=0	一致	coverage-enumerate.py (cards_stats_* / rarities)
S1数值	unit_cs:electro-wizard	deploy_ms ↔ 官方 deploy_time	1000	ElectroWizard:deploy_time = 1000	ours=1000 official=1000	一致	coverage-enumerate.py (cards_stats_* / rarities)
S1数值	unit_cs:electro-wizard	flying ↔ 官方 flying_height	0	ElectroWizard:flying_height = 0	ours=0 official=0	一致	coverage-enumerate.py (cards_stats_* / rarities)
S1数值	unit_cs:electro-wizard	hit_speed_ms ↔ 官方 hit_speed	1800	ElectroWizard:hit_speed = 1800	ours=1800 official=1800	一致	coverage-enumerate.py (cards_stats_* / rarities)
S1数值	unit_cs:electro-wizard	hp ↔ 官方 hitpoints_per_level	713	ElectroWizard:hitpoints_per_level = 713	ours=713 official=713	一致	coverage-enumerate.py (cards_stats_* / rarities)
S1数值	unit_cs:electro-wizard	id (本项目自定列)	-	本项目自定：id	ours=26020041	允许的差异(本项目自定列)	差异登记 D22 / docs/步骤文档.md §4.2
S1数值	unit_cs:electro-wizard	key (本项目自定列)	-	本项目自定：key	ours=electro-wizard	允许的差异(本项目自定列)	差异登记 D22 / docs/步骤文档.md §4.2
S1数值	unit_cs:electro-wizard	kind (本项目自定列)	-	本项目自定：kind	ours=0	允许的差异(本项目自定列)	差异登记 D22 / docs/步骤文档.md §4.2
S1数值	unit_cs:electro-wizard	life_ms ↔ 官方 life_time	0	ElectroWizard:life_time = 0	ours=0 official=0	一致	coverage-enumerate.py (cards_stats_* / rarities)
S1数值	unit_cs:electro-wizard	load_time_ms ↔ 官方 load_time	1200	ElectroWizard:load_time = 1200	ours=1200 official=1200	一致	coverage-enumerate.py (cards_stats_* / rarities)
S1数值	unit_cs:electro-wizard	mass ↔ 官方 mass	5	ElectroWizard:mass = 5	ours=5 official=5	一致	coverage-enumerate.py (cards_stats_* / rarities)
S1数值	unit_cs:electro-wizard	name_cn (本项目自定列)	-	本项目自定：name_cn	ours=闪电法师	允许的差异(本项目自定列)	差异登记 D22 / docs/步骤文档.md §4.2
S1数值	unit_cs:electro-wizard	only_buildings ↔ 官方 target_only_buildings	0	ElectroWizard:target_only_buildings = 0	ours=0 official=0	一致	coverage-enumerate.py (cards_stats_* / rarities)
S1数值	unit_cs:electro-wizard	only_towers ↔ 官方 target_only_towers	0	ElectroWizard:target_only_towers = 0	ours=0 official=0	一致	coverage-enumerate.py (cards_stats_* / rarities)
S1数值	unit_cs:electro-wizard	only_troops ↔ 官方 target_only_troops	0	ElectroWizard:target_only_troops = 0	ours=0 official=0	一致	coverage-enumerate.py (cards_stats_* / rarities)
S1数值	unit_cs:electro-wizard	radius_mt ↔ 官方 collision_radius	500	ElectroWizard:collision_radius = 500	ours=500 official=500	一致	coverage-enumerate.py (cards_stats_* / rarities)
S1数值	unit_cs:electro-wizard	range_mt ↔ 官方 range	5000	ElectroWizard:range = 5000	ours=5000 official=5000	一致	coverage-enumerate.py (cards_stats_* / rarities)
S1数值	unit_cs:electro-wizard	sight_mt ↔ 官方 sight_range	5500	ElectroWizard:sight_range = 5500	ours=5500 official=5500	一致	coverage-enumerate.py (cards_stats_* / rarities)
S1数值	unit_cs:electro-wizard	spawn_interval_ms ↔ 官方 spawn_interval/spawn_pause_time	0	ElectroWizard:spawn_interval/spawn_pause_time = 0	ours=0 official=0	一致	coverage-enumerate.py (cards_stats_* / rarities)
S1数值	unit_cs:electro-wizard	spawn_limit ↔ 官方 spawn_limit	0	ElectroWizard:spawn_limit = 0	ours=0 official=0	一致	coverage-enumerate.py (cards_stats_* / rarities)
S1数值	unit_cs:electro-wizard	spawn_n ↔ 官方 spawn_number	0	ElectroWizard:spawn_number = 0	ours=0 official=0	一致	coverage-enumerate.py (cards_stats_* / rarities)
S1数值	unit_cs:electro-wizard	spawn_radius_mt ↔ 官方 spawn_radius	0	ElectroWizard:spawn_radius = 0	ours=0 official=0	一致	coverage-enumerate.py (cards_stats_* / rarities)
S1数值	unit_cs:electro-wizard	speed ↔ 官方 speed	90	ElectroWizard:speed = 90	ours=90 official=90	一致	coverage-enumerate.py (cards_stats_* / rarities)
S1数值	unit_cs:electro-wizard	sprite_dir (本项目自定列)	-	本项目自定：sprite_dir	ours=chr_electro_wizard_out	允许的差异(本项目自定列)	差异登记 D22 / docs/步骤文档.md §4.2
S1数值	unit_cs:electro-wizard	summon_deploy_delay_ms (本项目自定列)	-	本项目自定：summon_deploy_delay_ms	ours=0	允许的差异(本项目自定列)	差异登记 D22 / docs/步骤文档.md §4.2
S1数值	unit_cs:electro-wizard	summon_key (本项目自定列)	-	本项目自定：summon_key	ours=electro-wizard	允许的差异(本项目自定列)	差异登记 D22 / docs/步骤文档.md §4.2
S1数值	unit_cs:electro-wizard	summon_n (本项目自定列)	-	本项目自定：summon_n	ours=1	允许的差异(本项目自定列)	差异登记 D22 / docs/步骤文档.md §4.2
S1数值	unit_cs:electro-wizard	summon_radius_mt (本项目自定列)	-	本项目自定：summon_radius_mt	ours=0	允许的差异(本项目自定列)	差异登记 D22 / docs/步骤文档.md §4.2
S1数值	unit_cs:elixir-collector	aoe_radius_mt ↔ 官方 area_damage_radius	0	ElixirCollector:area_damage_radius = 0	ours=0 official=0	一致	coverage-enumerate.py (cards_stats_* / rarities)
S1数值	unit_cs:elixir-collector	atk_air ↔ 官方 attacks_air	0	ElixirCollector:attacks_air = 0	ours=0 official=0	一致	coverage-enumerate.py (cards_stats_* / rarities)
S1数值	unit_cs:elixir-collector	atk_ground ↔ 官方 attacks_ground	0	ElixirCollector:attacks_ground = 0	ours=0 official=0	一致	coverage-enumerate.py (cards_stats_* / rarities)
S1数值	unit_cs:elixir-collector	death_aoe_radius_mt ↔ 官方 death_damage_radius	0	ElixirCollector:death_damage_radius = 0	ours=0 official=0	一致	coverage-enumerate.py (cards_stats_* / rarities)
S1数值	unit_cs:elixir-collector	death_damage ↔ 官方 death_damage	0	ElixirCollector:death_damage = 0	ours=0 official=0	一致	coverage-enumerate.py (cards_stats_* / rarities)
S1数值	unit_cs:elixir-collector	death_spawn_n ↔ 官方 death_spawn_count	0	ElixirCollector:death_spawn_count = 0	ours=0 official=0	一致	coverage-enumerate.py (cards_stats_* / rarities)
S1数值	unit_cs:elixir-collector	deploy_ms ↔ 官方 deploy_time	1000	ElixirCollector:deploy_time = 1000	ours=1000 official=1000	一致	coverage-enumerate.py (cards_stats_* / rarities)
S1数值	unit_cs:elixir-collector	flying ↔ 官方 flying_height	0	ElixirCollector:flying_height = 0	ours=0 official=0	一致	coverage-enumerate.py (cards_stats_* / rarities)
S1数值	unit_cs:elixir-collector	hit_speed_ms ↔ 官方 hit_speed	0	ElixirCollector:hit_speed = 0	ours=0 official=0	一致	coverage-enumerate.py (cards_stats_* / rarities)
S1数值	unit_cs:elixir-collector	hp ↔ 官方 hitpoints_per_level	1070	ElixirCollector:hitpoints_per_level = 1070	ours=1070 official=1070	一致	coverage-enumerate.py (cards_stats_* / rarities)
S1数值	unit_cs:elixir-collector	id (本项目自定列)	-	本项目自定：id	ours=26020055	允许的差异(本项目自定列)	差异登记 D22 / docs/步骤文档.md §4.2
S1数值	unit_cs:elixir-collector	key (本项目自定列)	-	本项目自定：key	ours=elixir-collector	允许的差异(本项目自定列)	差异登记 D22 / docs/步骤文档.md §4.2
S1数值	unit_cs:elixir-collector	kind (本项目自定列)	-	本项目自定：kind	ours=1	允许的差异(本项目自定列)	差异登记 D22 / docs/步骤文档.md §4.2
S1数值	unit_cs:elixir-collector	life_ms ↔ 官方 life_time	65000	ElixirCollector:life_time = 65000	ours=65000 official=65000	一致	coverage-enumerate.py (cards_stats_* / rarities)
S1数值	unit_cs:elixir-collector	load_time_ms ↔ 官方 load_time	0	ElixirCollector:load_time = 0	ours=0 official=0	一致	coverage-enumerate.py (cards_stats_* / rarities)
S1数值	unit_cs:elixir-collector	mass ↔ 官方 mass	0	ElixirCollector:mass = 0	ours=0 official=0	一致	coverage-enumerate.py (cards_stats_* / rarities)
S1数值	unit_cs:elixir-collector	name_cn (本项目自定列)	-	本项目自定：name_cn	ours=圣水收集器	允许的差异(本项目自定列)	差异登记 D22 / docs/步骤文档.md §4.2
S1数值	unit_cs:elixir-collector	only_buildings ↔ 官方 target_only_buildings	0	ElixirCollector:target_only_buildings = 0	ours=0 official=0	一致	coverage-enumerate.py (cards_stats_* / rarities)
S1数值	unit_cs:elixir-collector	only_towers ↔ 官方 target_only_towers	0	ElixirCollector:target_only_towers = 0	ours=0 official=0	一致	coverage-enumerate.py (cards_stats_* / rarities)
S1数值	unit_cs:elixir-collector	only_troops ↔ 官方 target_only_troops	0	ElixirCollector:target_only_troops = 0	ours=0 official=0	一致	coverage-enumerate.py (cards_stats_* / rarities)
S1数值	unit_cs:elixir-collector	radius_mt ↔ 官方 collision_radius	1000	ElixirCollector:collision_radius = 1000	ours=1000 official=1000	一致	coverage-enumerate.py (cards_stats_* / rarities)
S1数值	unit_cs:elixir-collector	range_mt ↔ 官方 range	0	ElixirCollector:range = 0	ours=0 official=0	一致	coverage-enumerate.py (cards_stats_* / rarities)
S1数值	unit_cs:elixir-collector	sight_mt ↔ 官方 sight_range	0	ElixirCollector:sight_range = 0	ours=0 official=0	一致	coverage-enumerate.py (cards_stats_* / rarities)
S1数值	unit_cs:elixir-collector	spawn_interval_ms ↔ 官方 spawn_interval/spawn_pause_time	0	ElixirCollector:spawn_interval/spawn_pause_time = 0	ours=0 official=0	一致	coverage-enumerate.py (cards_stats_* / rarities)
S1数值	unit_cs:elixir-collector	spawn_limit ↔ 官方 spawn_limit	0	ElixirCollector:spawn_limit = 0	ours=0 official=0	一致	coverage-enumerate.py (cards_stats_* / rarities)
S1数值	unit_cs:elixir-collector	spawn_n ↔ 官方 spawn_number	0	ElixirCollector:spawn_number = 0	ours=0 official=0	一致	coverage-enumerate.py (cards_stats_* / rarities)
S1数值	unit_cs:elixir-collector	spawn_radius_mt ↔ 官方 spawn_radius	0	ElixirCollector:spawn_radius = 0	ours=0 official=0	一致	coverage-enumerate.py (cards_stats_* / rarities)
S1数值	unit_cs:elixir-collector	speed ↔ 官方 speed	0	ElixirCollector:speed = 0	ours=0 official=0	一致	coverage-enumerate.py (cards_stats_* / rarities)
S1数值	unit_cs:elixir-collector	sprite_dir (本项目自定列)	-	本项目自定：sprite_dir	ours=building_elixir_collector_out	允许的差异(本项目自定列)	差异登记 D22 / docs/步骤文档.md §4.2
S1数值	unit_cs:elixir-collector	summon_deploy_delay_ms (本项目自定列)	-	本项目自定：summon_deploy_delay_ms	ours=0	允许的差异(本项目自定列)	差异登记 D22 / docs/步骤文档.md §4.2
S1数值	unit_cs:elixir-collector	summon_key (本项目自定列)	-	本项目自定：summon_key	ours=	允许的差异(本项目自定列)	差异登记 D22 / docs/步骤文档.md §4.2
S1数值	unit_cs:elixir-collector	summon_n (本项目自定列)	-	本项目自定：summon_n	ours=0	允许的差异(本项目自定列)	差异登记 D22 / docs/步骤文档.md §4.2
S1数值	unit_cs:elixir-collector	summon_radius_mt (本项目自定列)	-	本项目自定：summon_radius_mt	ours=0	允许的差异(本项目自定列)	差异登记 D22 / docs/步骤文档.md §4.2
S1数值	unit_cs:executioner	aoe_radius_mt ↔ 官方 area_damage_radius	0	AxeMan:area_damage_radius = 0	ours=0 official=0	一致	coverage-enumerate.py (cards_stats_* / rarities)
S1数值	unit_cs:executioner	atk_air ↔ 官方 attacks_air	1	AxeMan:attacks_air = 1	ours=1 official=1	一致	coverage-enumerate.py (cards_stats_* / rarities)
S1数值	unit_cs:executioner	atk_ground ↔ 官方 attacks_ground	1	AxeMan:attacks_ground = 1	ours=1 official=1	一致	coverage-enumerate.py (cards_stats_* / rarities)
S1数值	unit_cs:executioner	damage ↔ 官方 damage_per_level	169	AxeMan:damage_per_level = 169	ours=169 official=169	一致	coverage-enumerate.py (cards_stats_* / rarities)
S1数值	unit_cs:executioner	death_aoe_radius_mt ↔ 官方 death_damage_radius	0	AxeMan:death_damage_radius = 0	ours=0 official=0	一致	coverage-enumerate.py (cards_stats_* / rarities)
S1数值	unit_cs:executioner	death_damage ↔ 官方 death_damage	0	AxeMan:death_damage = 0	ours=0 official=0	一致	coverage-enumerate.py (cards_stats_* / rarities)
S1数值	unit_cs:executioner	death_spawn_n ↔ 官方 death_spawn_count	0	AxeMan:death_spawn_count = 0	ours=0 official=0	一致	coverage-enumerate.py (cards_stats_* / rarities)
S1数值	unit_cs:executioner	deploy_ms ↔ 官方 deploy_time	1000	AxeMan:deploy_time = 1000	ours=1000 official=1000	一致	coverage-enumerate.py (cards_stats_* / rarities)
S1数值	unit_cs:executioner	flying ↔ 官方 flying_height	0	AxeMan:flying_height = 0	ours=0 official=0	一致	coverage-enumerate.py (cards_stats_* / rarities)
S1数值	unit_cs:executioner	hit_speed_ms ↔ 官方 hit_speed	900	AxeMan:hit_speed = 900	ours=900 official=900	一致	coverage-enumerate.py (cards_stats_* / rarities)
S1数值	unit_cs:executioner	hp ↔ 官方 hitpoints_per_level	1280	AxeMan:hitpoints_per_level = 1280	ours=1280 official=1280	一致	coverage-enumerate.py (cards_stats_* / rarities)
S1数值	unit_cs:executioner	id (本项目自定列)	-	本项目自定：id	ours=26020042	允许的差异(本项目自定列)	差异登记 D22 / docs/步骤文档.md §4.2
S1数值	unit_cs:executioner	key (本项目自定列)	-	本项目自定：key	ours=executioner	允许的差异(本项目自定列)	差异登记 D22 / docs/步骤文档.md §4.2
S1数值	unit_cs:executioner	kind (本项目自定列)	-	本项目自定：kind	ours=0	允许的差异(本项目自定列)	差异登记 D22 / docs/步骤文档.md §4.2
S1数值	unit_cs:executioner	life_ms ↔ 官方 life_time	0	AxeMan:life_time = 0	ours=0 official=0	一致	coverage-enumerate.py (cards_stats_* / rarities)
S1数值	unit_cs:executioner	load_time_ms ↔ 官方 load_time	400	AxeMan:load_time = 400	ours=400 official=400	一致	coverage-enumerate.py (cards_stats_* / rarities)
S1数值	unit_cs:executioner	mass ↔ 官方 mass	4	AxeMan:mass = 4	ours=4 official=4	一致	coverage-enumerate.py (cards_stats_* / rarities)
S1数值	unit_cs:executioner	name_cn (本项目自定列)	-	本项目自定：name_cn	ours=飞斧屠夫	允许的差异(本项目自定列)	差异登记 D22 / docs/步骤文档.md §4.2
S1数值	unit_cs:executioner	only_buildings ↔ 官方 target_only_buildings	0	AxeMan:target_only_buildings = 0	ours=0 official=0	一致	coverage-enumerate.py (cards_stats_* / rarities)
S1数值	unit_cs:executioner	only_towers ↔ 官方 target_only_towers	0	AxeMan:target_only_towers = 0	ours=0 official=0	一致	coverage-enumerate.py (cards_stats_* / rarities)
S1数值	unit_cs:executioner	only_troops ↔ 官方 target_only_troops	0	AxeMan:target_only_troops = 0	ours=0 official=0	一致	coverage-enumerate.py (cards_stats_* / rarities)
S1数值	unit_cs:executioner	projectile_key ↔ 官方 custom_first_projectile/projectile	AxeManProjectile	AxeMan:custom_first_projectile/projectile = AxeManProjectile	ours=AxeManProjectile official=AxeManProjectile	一致	coverage-enumerate.py (cards_stats_* / rarities)
S1数值	unit_cs:executioner	radius_mt ↔ 官方 collision_radius	600	AxeMan:collision_radius = 600	ours=600 official=600	一致	coverage-enumerate.py (cards_stats_* / rarities)
S1数值	unit_cs:executioner	range_mt ↔ 官方 range	4500	AxeMan:range = 4500	ours=4500 official=4500	一致	coverage-enumerate.py (cards_stats_* / rarities)
S1数值	unit_cs:executioner	sight_mt ↔ 官方 sight_range	5500	AxeMan:sight_range = 5500	ours=5500 official=5500	一致	coverage-enumerate.py (cards_stats_* / rarities)
S1数值	unit_cs:executioner	spawn_interval_ms ↔ 官方 spawn_interval/spawn_pause_time	0	AxeMan:spawn_interval/spawn_pause_time = 0	ours=0 official=0	一致	coverage-enumerate.py (cards_stats_* / rarities)
S1数值	unit_cs:executioner	spawn_limit ↔ 官方 spawn_limit	0	AxeMan:spawn_limit = 0	ours=0 official=0	一致	coverage-enumerate.py (cards_stats_* / rarities)
S1数值	unit_cs:executioner	spawn_n ↔ 官方 spawn_number	0	AxeMan:spawn_number = 0	ours=0 official=0	一致	coverage-enumerate.py (cards_stats_* / rarities)
S1数值	unit_cs:executioner	spawn_radius_mt ↔ 官方 spawn_radius	0	AxeMan:spawn_radius = 0	ours=0 official=0	一致	coverage-enumerate.py (cards_stats_* / rarities)
S1数值	unit_cs:executioner	speed ↔ 官方 speed	60	AxeMan:speed = 60	ours=60 official=60	一致	coverage-enumerate.py (cards_stats_* / rarities)
S1数值	unit_cs:executioner	sprite_dir (本项目自定列)	-	本项目自定：sprite_dir	ours=chr_axe_man_out	允许的差异(本项目自定列)	差异登记 D22 / docs/步骤文档.md §4.2
S1数值	unit_cs:executioner	summon_deploy_delay_ms (本项目自定列)	-	本项目自定：summon_deploy_delay_ms	ours=0	允许的差异(本项目自定列)	差异登记 D22 / docs/步骤文档.md §4.2
S1数值	unit_cs:executioner	summon_key (本项目自定列)	-	本项目自定：summon_key	ours=executioner	允许的差异(本项目自定列)	差异登记 D22 / docs/步骤文档.md §4.2
S1数值	unit_cs:executioner	summon_n (本项目自定列)	-	本项目自定：summon_n	ours=1	允许的差异(本项目自定列)	差异登记 D22 / docs/步骤文档.md §4.2
S1数值	unit_cs:executioner	summon_radius_mt (本项目自定列)	-	本项目自定：summon_radius_mt	ours=0	允许的差异(本项目自定列)	差异登记 D22 / docs/步骤文档.md §4.2
S1数值	unit_cs:fire-spirit	aoe_radius_mt ↔ 官方 area_damage_radius	0	FireSpirits:area_damage_radius = 0	ours=0 official=0	一致	coverage-enumerate.py (cards_stats_* / rarities)
S1数值	unit_cs:fire-spirit	atk_air ↔ 官方 attacks_air	1	FireSpirits:attacks_air = 1	ours=1 official=1	一致	coverage-enumerate.py (cards_stats_* / rarities)
S1数值	unit_cs:fire-spirit	atk_ground ↔ 官方 attacks_ground	1	FireSpirits:attacks_ground = 1	ours=1 official=1	一致	coverage-enumerate.py (cards_stats_* / rarities)
S1数值	unit_cs:fire-spirit	damage ↔ 官方 damage_per_level	207	FireSpirits:damage_per_level = 207	ours=207 official=207	一致	coverage-enumerate.py (cards_stats_* / rarities)
S1数值	unit_cs:fire-spirit	death_aoe_radius_mt ↔ 官方 death_damage_radius	0	FireSpirits:death_damage_radius = 0	ours=0 official=0	一致	coverage-enumerate.py (cards_stats_* / rarities)
S1数值	unit_cs:fire-spirit	death_damage ↔ 官方 death_damage	0	FireSpirits:death_damage = 0	ours=0 official=0	一致	coverage-enumerate.py (cards_stats_* / rarities)
S1数值	unit_cs:fire-spirit	death_spawn_n ↔ 官方 death_spawn_count	0	FireSpirits:death_spawn_count = 0	ours=0 official=0	一致	coverage-enumerate.py (cards_stats_* / rarities)
S1数值	unit_cs:fire-spirit	deploy_ms ↔ 官方 deploy_time	1000	FireSpirits:deploy_time = 1000	ours=1000 official=1000	一致	coverage-enumerate.py (cards_stats_* / rarities)
S1数值	unit_cs:fire-spirit	flying ↔ 官方 flying_height	0	FireSpirits:flying_height = 0	ours=0 official=0	一致	coverage-enumerate.py (cards_stats_* / rarities)
S1数值	unit_cs:fire-spirit	hit_speed_ms ↔ 官方 hit_speed	300	FireSpirits:hit_speed = 300	ours=300 official=300	一致	coverage-enumerate.py (cards_stats_* / rarities)
S1数值	unit_cs:fire-spirit	hp ↔ 官方 hitpoints_per_level	230	FireSpirits:hitpoints_per_level = 230	ours=230 official=230	一致	coverage-enumerate.py (cards_stats_* / rarities)
S1数值	unit_cs:fire-spirit	id (本项目自定列)	-	本项目自定：id	ours=26020035	允许的差异(本项目自定列)	差异登记 D22 / docs/步骤文档.md §4.2
S1数值	unit_cs:fire-spirit	key (本项目自定列)	-	本项目自定：key	ours=fire-spirit	允许的差异(本项目自定列)	差异登记 D22 / docs/步骤文档.md §4.2
S1数值	unit_cs:fire-spirit	kind (本项目自定列)	-	本项目自定：kind	ours=0	允许的差异(本项目自定列)	差异登记 D22 / docs/步骤文档.md §4.2
S1数值	unit_cs:fire-spirit	life_ms ↔ 官方 life_time	0	FireSpirits:life_time = 0	ours=0 official=0	一致	coverage-enumerate.py (cards_stats_* / rarities)
S1数值	unit_cs:fire-spirit	load_time_ms ↔ 官方 load_time	100	FireSpirits:load_time = 100	ours=100 official=100	一致	coverage-enumerate.py (cards_stats_* / rarities)
S1数值	unit_cs:fire-spirit	mass ↔ 官方 mass	1	FireSpirits:mass = 1	ours=1 official=1	一致	coverage-enumerate.py (cards_stats_* / rarities)
S1数值	unit_cs:fire-spirit	name_cn (本项目自定列)	-	本项目自定：name_cn	ours=烈焰精灵	允许的差异(本项目自定列)	差异登记 D22 / docs/步骤文档.md §4.2
S1数值	unit_cs:fire-spirit	only_buildings ↔ 官方 target_only_buildings	0	FireSpirits:target_only_buildings = 0	ours=0 official=0	一致	coverage-enumerate.py (cards_stats_* / rarities)
S1数值	unit_cs:fire-spirit	only_towers ↔ 官方 target_only_towers	0	FireSpirits:target_only_towers = 0	ours=0 official=0	一致	coverage-enumerate.py (cards_stats_* / rarities)
S1数值	unit_cs:fire-spirit	only_troops ↔ 官方 target_only_troops	0	FireSpirits:target_only_troops = 0	ours=0 official=0	一致	coverage-enumerate.py (cards_stats_* / rarities)
S1数值	unit_cs:fire-spirit	projectile_key ↔ 官方 custom_first_projectile/projectile	FireSpiritsProjectile	FireSpirits:custom_first_projectile/projectile = FireSpiritsProjectile	ours=FireSpiritsProjectile official=FireSpiritsProjectile	一致	coverage-enumerate.py (cards_stats_* / rarities)
S1数值	unit_cs:fire-spirit	radius_mt ↔ 官方 collision_radius	400	FireSpirits:collision_radius = 400	ours=400 official=400	一致	coverage-enumerate.py (cards_stats_* / rarities)
S1数值	unit_cs:fire-spirit	range_mt ↔ 官方 range	2000	FireSpirits:range = 2000	ours=2000 official=2000	一致	coverage-enumerate.py (cards_stats_* / rarities)
S1数值	unit_cs:fire-spirit	sight_mt ↔ 官方 sight_range	5500	FireSpirits:sight_range = 5500	ours=5500 official=5500	一致	coverage-enumerate.py (cards_stats_* / rarities)
S1数值	unit_cs:fire-spirit	spawn_interval_ms ↔ 官方 spawn_interval/spawn_pause_time	0	FireSpirits:spawn_interval/spawn_pause_time = 0	ours=0 official=0	一致	coverage-enumerate.py (cards_stats_* / rarities)
S1数值	unit_cs:fire-spirit	spawn_limit ↔ 官方 spawn_limit	0	FireSpirits:spawn_limit = 0	ours=0 official=0	一致	coverage-enumerate.py (cards_stats_* / rarities)
S1数值	unit_cs:fire-spirit	spawn_n ↔ 官方 spawn_number	0	FireSpirits:spawn_number = 0	ours=0 official=0	一致	coverage-enumerate.py (cards_stats_* / rarities)
S1数值	unit_cs:fire-spirit	spawn_radius_mt ↔ 官方 spawn_radius	650	FireSpirits:spawn_radius = 650	ours=650 official=650	一致	coverage-enumerate.py (cards_stats_* / rarities)
S1数值	unit_cs:fire-spirit	speed ↔ 官方 speed	120	FireSpirits:speed = 120	ours=120 official=120	一致	coverage-enumerate.py (cards_stats_* / rarities)
S1数值	unit_cs:fire-spirit	sprite_dir (本项目自定列)	-	本项目自定：sprite_dir	ours=chr_fire_firespirit_out	允许的差异(本项目自定列)	差异登记 D22 / docs/步骤文档.md §4.2
S1数值	unit_cs:fire-spirit	summon_deploy_delay_ms (本项目自定列)	-	本项目自定：summon_deploy_delay_ms	ours=100	允许的差异(本项目自定列)	差异登记 D22 / docs/步骤文档.md §4.2
S1数值	unit_cs:fire-spirit	summon_key (本项目自定列)	-	本项目自定：summon_key	ours=fire-spirit	允许的差异(本项目自定列)	差异登记 D22 / docs/步骤文档.md §4.2
S1数值	unit_cs:fire-spirit	summon_n (本项目自定列)	-	本项目自定：summon_n	ours=1	允许的差异(本项目自定列)	差异登记 D22 / docs/步骤文档.md §4.2
S1数值	unit_cs:fire-spirit	summon_radius_mt (本项目自定列)	-	本项目自定：summon_radius_mt	ours=0	允许的差异(本项目自定列)	差异登记 D22 / docs/步骤文档.md §4.2
S1数值	unit_cs:giant	aoe_radius_mt ↔ 官方 area_damage_radius	0	Giant:area_damage_radius = 0	ours=0 official=0	一致	coverage-enumerate.py (cards_stats_* / rarities)
S1数值	unit_cs:giant	atk_air ↔ 官方 attacks_air	0	Giant:attacks_air = 0	ours=0 official=0	一致	coverage-enumerate.py (cards_stats_* / rarities)
S1数值	unit_cs:giant	atk_ground ↔ 官方 attacks_ground	1	Giant:attacks_ground = 1	ours=1 official=1	一致	coverage-enumerate.py (cards_stats_* / rarities)
S1数值	unit_cs:giant	damage ↔ 官方 damage_per_level	254	Giant:damage_per_level = 254	ours=254 official=254	一致	coverage-enumerate.py (cards_stats_* / rarities)
S1数值	unit_cs:giant	death_aoe_radius_mt ↔ 官方 death_damage_radius	0	Giant:death_damage_radius = 0	ours=0 official=0	一致	coverage-enumerate.py (cards_stats_* / rarities)
S1数值	unit_cs:giant	death_damage ↔ 官方 death_damage	0	Giant:death_damage = 0	ours=0 official=0	一致	coverage-enumerate.py (cards_stats_* / rarities)
S1数值	unit_cs:giant	death_spawn_n ↔ 官方 death_spawn_count	0	Giant:death_spawn_count = 0	ours=0 official=0	一致	coverage-enumerate.py (cards_stats_* / rarities)
S1数值	unit_cs:giant	deploy_ms ↔ 官方 deploy_time	1000	Giant:deploy_time = 1000	ours=1000 official=1000	一致	coverage-enumerate.py (cards_stats_* / rarities)
S1数值	unit_cs:giant	flying ↔ 官方 flying_height	0	Giant:flying_height = 0	ours=0 official=0	一致	coverage-enumerate.py (cards_stats_* / rarities)
S1数值	unit_cs:giant	hit_speed_ms ↔ 官方 hit_speed	1500	Giant:hit_speed = 1500	ours=1500 official=1500	一致	coverage-enumerate.py (cards_stats_* / rarities)
S1数值	unit_cs:giant	hp ↔ 官方 hitpoints_per_level	4091	Giant:hitpoints_per_level = 4091	ours=4091 official=4091	一致	coverage-enumerate.py (cards_stats_* / rarities)
S1数值	unit_cs:giant	id (本项目自定列)	-	本项目自定：id	ours=26020008	允许的差异(本项目自定列)	差异登记 D22 / docs/步骤文档.md §4.2
S1数值	unit_cs:giant	key (本项目自定列)	-	本项目自定：key	ours=giant	允许的差异(本项目自定列)	差异登记 D22 / docs/步骤文档.md §4.2
S1数值	unit_cs:giant	kind (本项目自定列)	-	本项目自定：kind	ours=0	允许的差异(本项目自定列)	差异登记 D22 / docs/步骤文档.md §4.2
S1数值	unit_cs:giant	life_ms ↔ 官方 life_time	0	Giant:life_time = 0	ours=0 official=0	一致	coverage-enumerate.py (cards_stats_* / rarities)
S1数值	unit_cs:giant	load_time_ms ↔ 官方 load_time	1000	Giant:load_time = 1000	ours=1000 official=1000	一致	coverage-enumerate.py (cards_stats_* / rarities)
S1数值	unit_cs:giant	mass ↔ 官方 mass	18	Giant:mass = 18	ours=18 official=18	一致	coverage-enumerate.py (cards_stats_* / rarities)
S1数值	unit_cs:giant	name_cn (本项目自定列)	-	本项目自定：name_cn	ours=巨人	允许的差异(本项目自定列)	差异登记 D22 / docs/步骤文档.md §4.2
S1数值	unit_cs:giant	only_buildings ↔ 官方 target_only_buildings	1	Giant:target_only_buildings = 1	ours=1 official=1	一致	coverage-enumerate.py (cards_stats_* / rarities)
S1数值	unit_cs:giant	only_towers ↔ 官方 target_only_towers	0	Giant:target_only_towers = 0	ours=0 official=0	一致	coverage-enumerate.py (cards_stats_* / rarities)
S1数值	unit_cs:giant	only_troops ↔ 官方 target_only_troops	0	Giant:target_only_troops = 0	ours=0 official=0	一致	coverage-enumerate.py (cards_stats_* / rarities)
S1数值	unit_cs:giant	radius_mt ↔ 官方 collision_radius	750	Giant:collision_radius = 750	ours=750 official=750	一致	coverage-enumerate.py (cards_stats_* / rarities)
S1数值	unit_cs:giant	range_mt ↔ 官方 range	1200	Giant:range = 1200	ours=1200 official=1200	一致	coverage-enumerate.py (cards_stats_* / rarities)
S1数值	unit_cs:giant	sight_mt ↔ 官方 sight_range	7500	Giant:sight_range = 7500	ours=7500 official=7500	一致	coverage-enumerate.py (cards_stats_* / rarities)
S1数值	unit_cs:giant	spawn_interval_ms ↔ 官方 spawn_interval/spawn_pause_time	0	Giant:spawn_interval/spawn_pause_time = 0	ours=0 official=0	一致	coverage-enumerate.py (cards_stats_* / rarities)
S1数值	unit_cs:giant	spawn_limit ↔ 官方 spawn_limit	0	Giant:spawn_limit = 0	ours=0 official=0	一致	coverage-enumerate.py (cards_stats_* / rarities)
S1数值	unit_cs:giant	spawn_n ↔ 官方 spawn_number	0	Giant:spawn_number = 0	ours=0 official=0	一致	coverage-enumerate.py (cards_stats_* / rarities)
S1数值	unit_cs:giant	spawn_radius_mt ↔ 官方 spawn_radius	0	Giant:spawn_radius = 0	ours=0 official=0	一致	coverage-enumerate.py (cards_stats_* / rarities)
S1数值	unit_cs:giant	speed ↔ 官方 speed	45	Giant:speed = 45	ours=45 official=45	一致	coverage-enumerate.py (cards_stats_* / rarities)
S1数值	unit_cs:giant	sprite_dir (本项目自定列)	-	本项目自定：sprite_dir	ours=chr_giant_out	允许的差异(本项目自定列)	差异登记 D22 / docs/步骤文档.md §4.2
S1数值	unit_cs:giant	summon_deploy_delay_ms (本项目自定列)	-	本项目自定：summon_deploy_delay_ms	ours=0	允许的差异(本项目自定列)	差异登记 D22 / docs/步骤文档.md §4.2
S1数值	unit_cs:giant	summon_key (本项目自定列)	-	本项目自定：summon_key	ours=giant	允许的差异(本项目自定列)	差异登记 D22 / docs/步骤文档.md §4.2
S1数值	unit_cs:giant	summon_n (本项目自定列)	-	本项目自定：summon_n	ours=1	允许的差异(本项目自定列)	差异登记 D22 / docs/步骤文档.md §4.2
S1数值	unit_cs:giant	summon_radius_mt (本项目自定列)	-	本项目自定：summon_radius_mt	ours=0	允许的差异(本项目自定列)	差异登记 D22 / docs/步骤文档.md §4.2
S1数值	unit_cs:giant-skeleton	aoe_radius_mt ↔ 官方 area_damage_radius	0	GiantSkeleton:area_damage_radius = 0	ours=0 official=0	一致	coverage-enumerate.py (cards_stats_* / rarities)
S1数值	unit_cs:giant-skeleton	atk_air ↔ 官方 attacks_air	0	GiantSkeleton:attacks_air = 0	ours=0 official=0	一致	coverage-enumerate.py (cards_stats_* / rarities)
S1数值	unit_cs:giant-skeleton	atk_ground ↔ 官方 attacks_ground	1	GiantSkeleton:attacks_ground = 1	ours=1 official=1	一致	coverage-enumerate.py (cards_stats_* / rarities)
S1数值	unit_cs:giant-skeleton	damage ↔ 官方 damage_per_level	267	GiantSkeleton:damage_per_level = 267	ours=267 official=267	一致	coverage-enumerate.py (cards_stats_* / rarities)
S1数值	unit_cs:giant-skeleton	death_aoe_radius_mt ↔ 官方 death_damage_radius	0	GiantSkeleton:death_damage_radius = 0	ours=0 official=0	一致	coverage-enumerate.py (cards_stats_* / rarities)
S1数值	unit_cs:giant-skeleton	death_damage ↔ 官方 death_damage	0	GiantSkeleton:death_damage = 0	ours=0 official=0	一致	coverage-enumerate.py (cards_stats_* / rarities)
S1数值	unit_cs:giant-skeleton	death_spawn_key ↔ 官方 death_spawn_character	GiantSkeletonBomb	GiantSkeleton:death_spawn_character = GiantSkeletonBomb	ours=GiantSkeletonBomb official=GiantSkeletonBomb	一致	coverage-enumerate.py (cards_stats_* / rarities)
S1数值	unit_cs:giant-skeleton	death_spawn_n ↔ 官方 death_spawn_count	1	GiantSkeleton:death_spawn_count = 1	ours=1 official=1	一致	coverage-enumerate.py (cards_stats_* / rarities)
S1数值	unit_cs:giant-skeleton	deploy_ms ↔ 官方 deploy_time	1000	GiantSkeleton:deploy_time = 1000	ours=1000 official=1000	一致	coverage-enumerate.py (cards_stats_* / rarities)
S1数值	unit_cs:giant-skeleton	flying ↔ 官方 flying_height	0	GiantSkeleton:flying_height = 0	ours=0 official=0	一致	coverage-enumerate.py (cards_stats_* / rarities)
S1数值	unit_cs:giant-skeleton	hit_speed_ms ↔ 官方 hit_speed	1400	GiantSkeleton:hit_speed = 1400	ours=1400 official=1400	一致	coverage-enumerate.py (cards_stats_* / rarities)
S1数值	unit_cs:giant-skeleton	hp ↔ 官方 hitpoints_per_level	3424	GiantSkeleton:hitpoints_per_level = 3424	ours=3424 official=3424	一致	coverage-enumerate.py (cards_stats_* / rarities)
S1数值	unit_cs:giant-skeleton	id (本项目自定列)	-	本项目自定：id	ours=26020027	允许的差异(本项目自定列)	差异登记 D22 / docs/步骤文档.md §4.2
S1数值	unit_cs:giant-skeleton	key (本项目自定列)	-	本项目自定：key	ours=giant-skeleton	允许的差异(本项目自定列)	差异登记 D22 / docs/步骤文档.md §4.2
S1数值	unit_cs:giant-skeleton	kind (本项目自定列)	-	本项目自定：kind	ours=0	允许的差异(本项目自定列)	差异登记 D22 / docs/步骤文档.md §4.2
S1数值	unit_cs:giant-skeleton	life_ms ↔ 官方 life_time	0	GiantSkeleton:life_time = 0	ours=0 official=0	一致	coverage-enumerate.py (cards_stats_* / rarities)
S1数值	unit_cs:giant-skeleton	load_time_ms ↔ 官方 load_time	1100	GiantSkeleton:load_time = 1100	ours=1100 official=1100	一致	coverage-enumerate.py (cards_stats_* / rarities)
S1数值	unit_cs:giant-skeleton	mass ↔ 官方 mass	18	GiantSkeleton:mass = 18	ours=18 official=18	一致	coverage-enumerate.py (cards_stats_* / rarities)
S1数值	unit_cs:giant-skeleton	name_cn (本项目自定列)	-	本项目自定：name_cn	ours=骷髅巨人	允许的差异(本项目自定列)	差异登记 D22 / docs/步骤文档.md §4.2
S1数值	unit_cs:giant-skeleton	only_buildings ↔ 官方 target_only_buildings	0	GiantSkeleton:target_only_buildings = 0	ours=0 official=0	一致	coverage-enumerate.py (cards_stats_* / rarities)
S1数值	unit_cs:giant-skeleton	only_towers ↔ 官方 target_only_towers	0	GiantSkeleton:target_only_towers = 0	ours=0 official=0	一致	coverage-enumerate.py (cards_stats_* / rarities)
S1数值	unit_cs:giant-skeleton	only_troops ↔ 官方 target_only_troops	0	GiantSkeleton:target_only_troops = 0	ours=0 official=0	一致	coverage-enumerate.py (cards_stats_* / rarities)
S1数值	unit_cs:giant-skeleton	radius_mt ↔ 官方 collision_radius	1000	GiantSkeleton:collision_radius = 1000	ours=1000 official=1000	一致	coverage-enumerate.py (cards_stats_* / rarities)
S1数值	unit_cs:giant-skeleton	range_mt ↔ 官方 range	800	GiantSkeleton:range = 800	ours=800 official=800	一致	coverage-enumerate.py (cards_stats_* / rarities)
S1数值	unit_cs:giant-skeleton	sight_mt ↔ 官方 sight_range	5000	GiantSkeleton:sight_range = 5000	ours=5000 official=5000	一致	coverage-enumerate.py (cards_stats_* / rarities)
S1数值	unit_cs:giant-skeleton	spawn_interval_ms ↔ 官方 spawn_interval/spawn_pause_time	0	GiantSkeleton:spawn_interval/spawn_pause_time = 0	ours=0 official=0	一致	coverage-enumerate.py (cards_stats_* / rarities)
S1数值	unit_cs:giant-skeleton	spawn_limit ↔ 官方 spawn_limit	0	GiantSkeleton:spawn_limit = 0	ours=0 official=0	一致	coverage-enumerate.py (cards_stats_* / rarities)
S1数值	unit_cs:giant-skeleton	spawn_n ↔ 官方 spawn_number	0	GiantSkeleton:spawn_number = 0	ours=0 official=0	一致	coverage-enumerate.py (cards_stats_* / rarities)
S1数值	unit_cs:giant-skeleton	spawn_radius_mt ↔ 官方 spawn_radius	0	GiantSkeleton:spawn_radius = 0	ours=0 official=0	一致	coverage-enumerate.py (cards_stats_* / rarities)
S1数值	unit_cs:giant-skeleton	speed ↔ 官方 speed	60	GiantSkeleton:speed = 60	ours=60 official=60	一致	coverage-enumerate.py (cards_stats_* / rarities)
S1数值	unit_cs:giant-skeleton	sprite_dir (本项目自定列)	-	本项目自定：sprite_dir	ours=chr_giant_skeleton_out	允许的差异(本项目自定列)	差异登记 D22 / docs/步骤文档.md §4.2
S1数值	unit_cs:giant-skeleton	summon_deploy_delay_ms (本项目自定列)	-	本项目自定：summon_deploy_delay_ms	ours=0	允许的差异(本项目自定列)	差异登记 D22 / docs/步骤文档.md §4.2
S1数值	unit_cs:giant-skeleton	summon_key (本项目自定列)	-	本项目自定：summon_key	ours=giant-skeleton	允许的差异(本项目自定列)	差异登记 D22 / docs/步骤文档.md §4.2
S1数值	unit_cs:giant-skeleton	summon_n (本项目自定列)	-	本项目自定：summon_n	ours=1	允许的差异(本项目自定列)	差异登记 D22 / docs/步骤文档.md §4.2
S1数值	unit_cs:giant-skeleton	summon_radius_mt (本项目自定列)	-	本项目自定：summon_radius_mt	ours=0	允许的差异(本项目自定列)	差异登记 D22 / docs/步骤文档.md §4.2
S1数值	unit_cs:goblin-hut	aoe_radius_mt ↔ 官方 area_damage_radius	0	GoblinHut:area_damage_radius = 0	ours=0 official=0	一致	coverage-enumerate.py (cards_stats_* / rarities)
S1数值	unit_cs:goblin-hut	atk_air ↔ 官方 attacks_air	0	GoblinHut:attacks_air = 0	ours=0 official=0	一致	coverage-enumerate.py (cards_stats_* / rarities)
S1数值	unit_cs:goblin-hut	atk_ground ↔ 官方 attacks_ground	1	GoblinHut:attacks_ground = 1	ours=1 official=1	一致	coverage-enumerate.py (cards_stats_* / rarities)
S1数值	unit_cs:goblin-hut	death_aoe_radius_mt ↔ 官方 death_damage_radius	0	GoblinHut:death_damage_radius = 0	ours=0 official=0	一致	coverage-enumerate.py (cards_stats_* / rarities)
S1数值	unit_cs:goblin-hut	death_damage ↔ 官方 death_damage	0	GoblinHut:death_damage = 0	ours=0 official=0	一致	coverage-enumerate.py (cards_stats_* / rarities)
S1数值	unit_cs:goblin-hut	death_spawn_key ↔ 官方 death_spawn_character	SpearGoblin	GoblinHut:death_spawn_character = SpearGoblin	ours=SpearGoblin official=SpearGoblin	一致	coverage-enumerate.py (cards_stats_* / rarities)
S1数值	unit_cs:goblin-hut	death_spawn_n ↔ 官方 death_spawn_count	1	GoblinHut:death_spawn_count = 1	ours=1 official=1	一致	coverage-enumerate.py (cards_stats_* / rarities)
S1数值	unit_cs:goblin-hut	deploy_ms ↔ 官方 deploy_time	1000	GoblinHut:deploy_time = 1000	ours=1000 official=1000	一致	coverage-enumerate.py (cards_stats_* / rarities)
S1数值	unit_cs:goblin-hut	flying ↔ 官方 flying_height	0	GoblinHut:flying_height = 0	ours=0 official=0	一致	coverage-enumerate.py (cards_stats_* / rarities)
S1数值	unit_cs:goblin-hut	hit_speed_ms ↔ 官方 hit_speed	10000	GoblinHut:hit_speed = 10000	ours=10000 official=10000	一致	coverage-enumerate.py (cards_stats_* / rarities)
S1数值	unit_cs:goblin-hut	hp ↔ 官方 hitpoints_per_level	848	GoblinHut:hitpoints_per_level = 848	ours=848 official=848	一致	coverage-enumerate.py (cards_stats_* / rarities)
S1数值	unit_cs:goblin-hut	id (本项目自定列)	-	本项目自定：id	ours=26020049	允许的差异(本项目自定列)	差异登记 D22 / docs/步骤文档.md §4.2
S1数值	unit_cs:goblin-hut	key (本项目自定列)	-	本项目自定：key	ours=goblin-hut	允许的差异(本项目自定列)	差异登记 D22 / docs/步骤文档.md §4.2
S1数值	unit_cs:goblin-hut	kind (本项目自定列)	-	本项目自定：kind	ours=1	允许的差异(本项目自定列)	差异登记 D22 / docs/步骤文档.md §4.2
S1数值	unit_cs:goblin-hut	life_ms ↔ 官方 life_time	29000	GoblinHut:life_time = 29000	ours=29000 official=29000	一致	coverage-enumerate.py (cards_stats_* / rarities)
S1数值	unit_cs:goblin-hut	load_time_ms ↔ 官方 load_time	0	GoblinHut:load_time = 0	ours=0 official=0	一致	coverage-enumerate.py (cards_stats_* / rarities)
S1数值	unit_cs:goblin-hut	mass ↔ 官方 mass	0	GoblinHut:mass = 0	ours=0 official=0	一致	coverage-enumerate.py (cards_stats_* / rarities)
S1数值	unit_cs:goblin-hut	name_cn (本项目自定列)	-	本项目自定：name_cn	ours=哥布林小屋	允许的差异(本项目自定列)	差异登记 D22 / docs/步骤文档.md §4.2
S1数值	unit_cs:goblin-hut	only_buildings ↔ 官方 target_only_buildings	0	GoblinHut:target_only_buildings = 0	ours=0 official=0	一致	coverage-enumerate.py (cards_stats_* / rarities)
S1数值	unit_cs:goblin-hut	only_towers ↔ 官方 target_only_towers	0	GoblinHut:target_only_towers = 0	ours=0 official=0	一致	coverage-enumerate.py (cards_stats_* / rarities)
S1数值	unit_cs:goblin-hut	only_troops ↔ 官方 target_only_troops	0	GoblinHut:target_only_troops = 0	ours=0 official=0	一致	coverage-enumerate.py (cards_stats_* / rarities)
S1数值	unit_cs:goblin-hut	radius_mt ↔ 官方 collision_radius	1000	GoblinHut:collision_radius = 1000	ours=1000 official=1000	一致	coverage-enumerate.py (cards_stats_* / rarities)
S1数值	unit_cs:goblin-hut	range_mt ↔ 官方 range	0	GoblinHut:range = 0	ours=0 official=0	一致	coverage-enumerate.py (cards_stats_* / rarities)
S1数值	unit_cs:goblin-hut	sight_mt ↔ 官方 sight_range	0	GoblinHut:sight_range = 0	ours=0 official=0	一致	coverage-enumerate.py (cards_stats_* / rarities)
S1数值	unit_cs:goblin-hut	spawn_interval_ms ↔ 官方 spawn_interval/spawn_pause_time	500	GoblinHut:spawn_interval/spawn_pause_time = 500	ours=500 official=500	一致	coverage-enumerate.py (cards_stats_* / rarities)
S1数值	unit_cs:goblin-hut	spawn_key ↔ 官方 spawn_character	SpearGoblin	GoblinHut:spawn_character = SpearGoblin	ours=SpearGoblin official=SpearGoblin	一致	coverage-enumerate.py (cards_stats_* / rarities)
S1数值	unit_cs:goblin-hut	spawn_limit ↔ 官方 spawn_limit	0	GoblinHut:spawn_limit = 0	ours=0 official=0	一致	coverage-enumerate.py (cards_stats_* / rarities)
S1数值	unit_cs:goblin-hut	spawn_n ↔ 官方 spawn_number	3	GoblinHut:spawn_number = 3	ours=3 official=3	一致	coverage-enumerate.py (cards_stats_* / rarities)
S1数值	unit_cs:goblin-hut	spawn_radius_mt ↔ 官方 spawn_radius	0	GoblinHut:spawn_radius = 0	ours=0 official=0	一致	coverage-enumerate.py (cards_stats_* / rarities)
S1数值	unit_cs:goblin-hut	speed ↔ 官方 speed	0	GoblinHut:speed = 0	ours=0 official=0	一致	coverage-enumerate.py (cards_stats_* / rarities)
S1数值	unit_cs:goblin-hut	sprite_dir (本项目自定列)	-	本项目自定：sprite_dir	ours=building_goblin_hut_out	允许的差异(本项目自定列)	差异登记 D22 / docs/步骤文档.md §4.2
S1数值	unit_cs:goblin-hut	summon_deploy_delay_ms (本项目自定列)	-	本项目自定：summon_deploy_delay_ms	ours=0	允许的差异(本项目自定列)	差异登记 D22 / docs/步骤文档.md §4.2
S1数值	unit_cs:goblin-hut	summon_key (本项目自定列)	-	本项目自定：summon_key	ours=	允许的差异(本项目自定列)	差异登记 D22 / docs/步骤文档.md §4.2
S1数值	unit_cs:goblin-hut	summon_n (本项目自定列)	-	本项目自定：summon_n	ours=0	允许的差异(本项目自定列)	差异登记 D22 / docs/步骤文档.md §4.2
S1数值	unit_cs:goblin-hut	summon_radius_mt (本项目自定列)	-	本项目自定：summon_radius_mt	ours=0	允许的差异(本项目自定列)	差异登记 D22 / docs/步骤文档.md §4.2
S1数值	unit_cs:goblins	aoe_radius_mt ↔ 官方 area_damage_radius	0	Goblin:area_damage_radius = 0	ours=0 official=0	一致	coverage-enumerate.py (cards_stats_* / rarities)
S1数值	unit_cs:goblins	atk_air ↔ 官方 attacks_air	0	Goblin:attacks_air = 0	ours=0 official=0	一致	coverage-enumerate.py (cards_stats_* / rarities)
S1数值	unit_cs:goblins	atk_ground ↔ 官方 attacks_ground	1	Goblin:attacks_ground = 1	ours=1 official=1	一致	coverage-enumerate.py (cards_stats_* / rarities)
S1数值	unit_cs:goblins	damage ↔ 官方 damage_per_level	120	Goblin:damage_per_level = 120	ours=120 official=120	一致	coverage-enumerate.py (cards_stats_* / rarities)
S1数值	unit_cs:goblins	death_aoe_radius_mt ↔ 官方 death_damage_radius	0	Goblin:death_damage_radius = 0	ours=0 official=0	一致	coverage-enumerate.py (cards_stats_* / rarities)
S1数值	unit_cs:goblins	death_damage ↔ 官方 death_damage	0	Goblin:death_damage = 0	ours=0 official=0	一致	coverage-enumerate.py (cards_stats_* / rarities)
S1数值	unit_cs:goblins	death_spawn_n ↔ 官方 death_spawn_count	0	Goblin:death_spawn_count = 0	ours=0 official=0	一致	coverage-enumerate.py (cards_stats_* / rarities)
S1数值	unit_cs:goblins	deploy_ms ↔ 官方 deploy_time	1000	Goblin:deploy_time = 1000	ours=1000 official=1000	一致	coverage-enumerate.py (cards_stats_* / rarities)
S1数值	unit_cs:goblins	flying ↔ 官方 flying_height	0	Goblin:flying_height = 0	ours=0 official=0	一致	coverage-enumerate.py (cards_stats_* / rarities)
S1数值	unit_cs:goblins	hit_speed_ms ↔ 官方 hit_speed	1100	Goblin:hit_speed = 1100	ours=1100 official=1100	一致	coverage-enumerate.py (cards_stats_* / rarities)
S1数值	unit_cs:goblins	hp ↔ 官方 hitpoints_per_level	202	Goblin:hitpoints_per_level = 202	ours=202 official=202	一致	coverage-enumerate.py (cards_stats_* / rarities)
S1数值	unit_cs:goblins	id (本项目自定列)	-	本项目自定：id	ours=26020004	允许的差异(本项目自定列)	差异登记 D22 / docs/步骤文档.md §4.2
S1数值	unit_cs:goblins	key (本项目自定列)	-	本项目自定：key	ours=goblins	允许的差异(本项目自定列)	差异登记 D22 / docs/步骤文档.md §4.2
S1数值	unit_cs:goblins	kind (本项目自定列)	-	本项目自定：kind	ours=0	允许的差异(本项目自定列)	差异登记 D22 / docs/步骤文档.md §4.2
S1数值	unit_cs:goblins	life_ms ↔ 官方 life_time	0	Goblin:life_time = 0	ours=0 official=0	一致	coverage-enumerate.py (cards_stats_* / rarities)
S1数值	unit_cs:goblins	load_time_ms ↔ 官方 load_time	700	Goblin:load_time = 700	ours=700 official=700	一致	coverage-enumerate.py (cards_stats_* / rarities)
S1数值	unit_cs:goblins	mass ↔ 官方 mass	2	Goblin:mass = 2	ours=2 official=2	一致	coverage-enumerate.py (cards_stats_* / rarities)
S1数值	unit_cs:goblins	name_cn (本项目自定列)	-	本项目自定：name_cn	ours=哥布林	允许的差异(本项目自定列)	差异登记 D22 / docs/步骤文档.md §4.2
S1数值	unit_cs:goblins	only_buildings ↔ 官方 target_only_buildings	0	Goblin:target_only_buildings = 0	ours=0 official=0	一致	coverage-enumerate.py (cards_stats_* / rarities)
S1数值	unit_cs:goblins	only_towers ↔ 官方 target_only_towers	0	Goblin:target_only_towers = 0	ours=0 official=0	一致	coverage-enumerate.py (cards_stats_* / rarities)
S1数值	unit_cs:goblins	only_troops ↔ 官方 target_only_troops	0	Goblin:target_only_troops = 0	ours=0 official=0	一致	coverage-enumerate.py (cards_stats_* / rarities)
S1数值	unit_cs:goblins	radius_mt ↔ 官方 collision_radius	500	Goblin:collision_radius = 500	ours=500 official=500	一致	coverage-enumerate.py (cards_stats_* / rarities)
S1数值	unit_cs:goblins	range_mt ↔ 官方 range	500	Goblin:range = 500	ours=500 official=500	一致	coverage-enumerate.py (cards_stats_* / rarities)
S1数值	unit_cs:goblins	sight_mt ↔ 官方 sight_range	5500	Goblin:sight_range = 5500	ours=5500 official=5500	一致	coverage-enumerate.py (cards_stats_* / rarities)
S1数值	unit_cs:goblins	spawn_interval_ms ↔ 官方 spawn_interval/spawn_pause_time	0	Goblin:spawn_interval/spawn_pause_time = 0	ours=0 official=0	一致	coverage-enumerate.py (cards_stats_* / rarities)
S1数值	unit_cs:goblins	spawn_limit ↔ 官方 spawn_limit	0	Goblin:spawn_limit = 0	ours=0 official=0	一致	coverage-enumerate.py (cards_stats_* / rarities)
S1数值	unit_cs:goblins	spawn_n ↔ 官方 spawn_number	0	Goblin:spawn_number = 0	ours=0 official=0	一致	coverage-enumerate.py (cards_stats_* / rarities)
S1数值	unit_cs:goblins	spawn_radius_mt ↔ 官方 spawn_radius	0	Goblin:spawn_radius = 0	ours=0 official=0	一致	coverage-enumerate.py (cards_stats_* / rarities)
S1数值	unit_cs:goblins	speed ↔ 官方 speed	120	Goblin:speed = 120	ours=120 official=120	一致	coverage-enumerate.py (cards_stats_* / rarities)
S1数值	unit_cs:goblins	sprite_dir (本项目自定列)	-	本项目自定：sprite_dir	ours=chr_goblin_out	允许的差异(本项目自定列)	差异登记 D22 / docs/步骤文档.md §4.2
S1数值	unit_cs:goblins	summon_deploy_delay_ms (本项目自定列)	-	本项目自定：summon_deploy_delay_ms	ours=200	允许的差异(本项目自定列)	差异登记 D22 / docs/步骤文档.md §4.2
S1数值	unit_cs:goblins	summon_key (本项目自定列)	-	本项目自定：summon_key	ours=Goblin	允许的差异(本项目自定列)	差异登记 D22 / docs/步骤文档.md §4.2
S1数值	unit_cs:goblins	summon_n (本项目自定列)	-	本项目自定：summon_n	ours=4	允许的差异(本项目自定列)	差异登记 D22 / docs/步骤文档.md §4.2
S1数值	unit_cs:goblins	summon_radius_mt (本项目自定列)	-	本项目自定：summon_radius_mt	ours=700	允许的差异(本项目自定列)	差异登记 D22 / docs/步骤文档.md §4.2
S1数值	unit_cs:hog-rider	aoe_radius_mt ↔ 官方 area_damage_radius	0	HogRider:area_damage_radius = 0	ours=0 official=0	一致	coverage-enumerate.py (cards_stats_* / rarities)
S1数值	unit_cs:hog-rider	atk_air ↔ 官方 attacks_air	0	HogRider:attacks_air = 0	ours=0 official=0	一致	coverage-enumerate.py (cards_stats_* / rarities)
S1数值	unit_cs:hog-rider	atk_ground ↔ 官方 attacks_ground	1	HogRider:attacks_ground = 1	ours=1 official=1	一致	coverage-enumerate.py (cards_stats_* / rarities)
S1数值	unit_cs:hog-rider	damage ↔ 官方 damage_per_level	318	HogRider:damage_per_level = 318	ours=318 official=318	一致	coverage-enumerate.py (cards_stats_* / rarities)
S1数值	unit_cs:hog-rider	death_aoe_radius_mt ↔ 官方 death_damage_radius	0	HogRider:death_damage_radius = 0	ours=0 official=0	一致	coverage-enumerate.py (cards_stats_* / rarities)
S1数值	unit_cs:hog-rider	death_damage ↔ 官方 death_damage	0	HogRider:death_damage = 0	ours=0 official=0	一致	coverage-enumerate.py (cards_stats_* / rarities)
S1数值	unit_cs:hog-rider	death_spawn_n ↔ 官方 death_spawn_count	0	HogRider:death_spawn_count = 0	ours=0 official=0	一致	coverage-enumerate.py (cards_stats_* / rarities)
S1数值	unit_cs:hog-rider	deploy_ms ↔ 官方 deploy_time	1000	HogRider:deploy_time = 1000	ours=1000 official=1000	一致	coverage-enumerate.py (cards_stats_* / rarities)
S1数值	unit_cs:hog-rider	flying ↔ 官方 flying_height	0	HogRider:flying_height = 0	ours=0 official=0	一致	coverage-enumerate.py (cards_stats_* / rarities)
S1数值	unit_cs:hog-rider	hit_speed_ms ↔ 官方 hit_speed	1600	HogRider:hit_speed = 1600	ours=1600 official=1600	一致	coverage-enumerate.py (cards_stats_* / rarities)
S1数值	unit_cs:hog-rider	hp ↔ 官方 hitpoints_per_level	1696	HogRider:hitpoints_per_level = 1696	ours=1696 official=1696	一致	coverage-enumerate.py (cards_stats_* / rarities)
S1数值	unit_cs:hog-rider	id (本项目自定列)	-	本项目自定：id	ours=26020028	允许的差异(本项目自定列)	差异登记 D22 / docs/步骤文档.md §4.2
S1数值	unit_cs:hog-rider	key (本项目自定列)	-	本项目自定：key	ours=hog-rider	允许的差异(本项目自定列)	差异登记 D22 / docs/步骤文档.md §4.2
S1数值	unit_cs:hog-rider	kind (本项目自定列)	-	本项目自定：kind	ours=0	允许的差异(本项目自定列)	差异登记 D22 / docs/步骤文档.md §4.2
S1数值	unit_cs:hog-rider	life_ms ↔ 官方 life_time	0	HogRider:life_time = 0	ours=0 official=0	一致	coverage-enumerate.py (cards_stats_* / rarities)
S1数值	unit_cs:hog-rider	load_time_ms ↔ 官方 load_time	1000	HogRider:load_time = 1000	ours=1000 official=1000	一致	coverage-enumerate.py (cards_stats_* / rarities)
S1数值	unit_cs:hog-rider	mass ↔ 官方 mass	4	HogRider:mass = 4	ours=4 official=4	一致	coverage-enumerate.py (cards_stats_* / rarities)
S1数值	unit_cs:hog-rider	name_cn (本项目自定列)	-	本项目自定：name_cn	ours=野猪骑士	允许的差异(本项目自定列)	差异登记 D22 / docs/步骤文档.md §4.2
S1数值	unit_cs:hog-rider	only_buildings ↔ 官方 target_only_buildings	1	HogRider:target_only_buildings = 1	ours=1 official=1	一致	coverage-enumerate.py (cards_stats_* / rarities)
S1数值	unit_cs:hog-rider	only_towers ↔ 官方 target_only_towers	0	HogRider:target_only_towers = 0	ours=0 official=0	一致	coverage-enumerate.py (cards_stats_* / rarities)
S1数值	unit_cs:hog-rider	only_troops ↔ 官方 target_only_troops	0	HogRider:target_only_troops = 0	ours=0 official=0	一致	coverage-enumerate.py (cards_stats_* / rarities)
S1数值	unit_cs:hog-rider	radius_mt ↔ 官方 collision_radius	600	HogRider:collision_radius = 600	ours=600 official=600	一致	coverage-enumerate.py (cards_stats_* / rarities)
S1数值	unit_cs:hog-rider	range_mt ↔ 官方 range	800	HogRider:range = 800	ours=800 official=800	一致	coverage-enumerate.py (cards_stats_* / rarities)
S1数值	unit_cs:hog-rider	sight_mt ↔ 官方 sight_range	9500	HogRider:sight_range = 9500	ours=9500 official=9500	一致	coverage-enumerate.py (cards_stats_* / rarities)
S1数值	unit_cs:hog-rider	spawn_interval_ms ↔ 官方 spawn_interval/spawn_pause_time	0	HogRider:spawn_interval/spawn_pause_time = 0	ours=0 official=0	一致	coverage-enumerate.py (cards_stats_* / rarities)
S1数值	unit_cs:hog-rider	spawn_limit ↔ 官方 spawn_limit	0	HogRider:spawn_limit = 0	ours=0 official=0	一致	coverage-enumerate.py (cards_stats_* / rarities)
S1数值	unit_cs:hog-rider	spawn_n ↔ 官方 spawn_number	0	HogRider:spawn_number = 0	ours=0 official=0	一致	coverage-enumerate.py (cards_stats_* / rarities)
S1数值	unit_cs:hog-rider	spawn_radius_mt ↔ 官方 spawn_radius	0	HogRider:spawn_radius = 0	ours=0 official=0	一致	coverage-enumerate.py (cards_stats_* / rarities)
S1数值	unit_cs:hog-rider	speed ↔ 官方 speed	120	HogRider:speed = 120	ours=120 official=120	一致	coverage-enumerate.py (cards_stats_* / rarities)
S1数值	unit_cs:hog-rider	sprite_dir (本项目自定列)	-	本项目自定：sprite_dir	ours=chr_hog_rider_out	允许的差异(本项目自定列)	差异登记 D22 / docs/步骤文档.md §4.2
S1数值	unit_cs:hog-rider	summon_deploy_delay_ms (本项目自定列)	-	本项目自定：summon_deploy_delay_ms	ours=0	允许的差异(本项目自定列)	差异登记 D22 / docs/步骤文档.md §4.2
S1数值	unit_cs:hog-rider	summon_key (本项目自定列)	-	本项目自定：summon_key	ours=hog-rider	允许的差异(本项目自定列)	差异登记 D22 / docs/步骤文档.md §4.2
S1数值	unit_cs:hog-rider	summon_n (本项目自定列)	-	本项目自定：summon_n	ours=1	允许的差异(本项目自定列)	差异登记 D22 / docs/步骤文档.md §4.2
S1数值	unit_cs:hog-rider	summon_radius_mt (本项目自定列)	-	本项目自定：summon_radius_mt	ours=0	允许的差异(本项目自定列)	差异登记 D22 / docs/步骤文档.md §4.2
S1数值	unit_cs:ice-spirit	aoe_radius_mt ↔ 官方 area_damage_radius	0	IceSpirits:area_damage_radius = 0	ours=0 official=0	一致	coverage-enumerate.py (cards_stats_* / rarities)
S1数值	unit_cs:ice-spirit	atk_air ↔ 官方 attacks_air	1	IceSpirits:attacks_air = 1	ours=1 official=1	一致	coverage-enumerate.py (cards_stats_* / rarities)
S1数值	unit_cs:ice-spirit	atk_ground ↔ 官方 attacks_ground	1	IceSpirits:attacks_ground = 1	ours=1 official=1	一致	coverage-enumerate.py (cards_stats_* / rarities)
S1数值	unit_cs:ice-spirit	damage ↔ 官方 damage_per_level	110	IceSpirits:damage_per_level = 110	ours=110 official=110	一致	coverage-enumerate.py (cards_stats_* / rarities)
S1数值	unit_cs:ice-spirit	death_aoe_radius_mt ↔ 官方 death_damage_radius	0	IceSpirits:death_damage_radius = 0	ours=0 official=0	一致	coverage-enumerate.py (cards_stats_* / rarities)
S1数值	unit_cs:ice-spirit	death_damage ↔ 官方 death_damage	0	IceSpirits:death_damage = 0	ours=0 official=0	一致	coverage-enumerate.py (cards_stats_* / rarities)
S1数值	unit_cs:ice-spirit	death_spawn_n ↔ 官方 death_spawn_count	0	IceSpirits:death_spawn_count = 0	ours=0 official=0	一致	coverage-enumerate.py (cards_stats_* / rarities)
S1数值	unit_cs:ice-spirit	deploy_ms ↔ 官方 deploy_time	1000	IceSpirits:deploy_time = 1000	ours=1000 official=1000	一致	coverage-enumerate.py (cards_stats_* / rarities)
S1数值	unit_cs:ice-spirit	flying ↔ 官方 flying_height	0	IceSpirits:flying_height = 0	ours=0 official=0	一致	coverage-enumerate.py (cards_stats_* / rarities)
S1数值	unit_cs:ice-spirit	hit_speed_ms ↔ 官方 hit_speed	300	IceSpirits:hit_speed = 300	ours=300 official=300	一致	coverage-enumerate.py (cards_stats_* / rarities)
S1数值	unit_cs:ice-spirit	hp ↔ 官方 hitpoints_per_level	230	IceSpirits:hitpoints_per_level = 230	ours=230 official=230	一致	coverage-enumerate.py (cards_stats_* / rarities)
S1数值	unit_cs:ice-spirit	id (本项目自定列)	-	本项目自定：id	ours=26020034	允许的差异(本项目自定列)	差异登记 D22 / docs/步骤文档.md §4.2
S1数值	unit_cs:ice-spirit	key (本项目自定列)	-	本项目自定：key	ours=ice-spirit	允许的差异(本项目自定列)	差异登记 D22 / docs/步骤文档.md §4.2
S1数值	unit_cs:ice-spirit	kind (本项目自定列)	-	本项目自定：kind	ours=0	允许的差异(本项目自定列)	差异登记 D22 / docs/步骤文档.md §4.2
S1数值	unit_cs:ice-spirit	life_ms ↔ 官方 life_time	0	IceSpirits:life_time = 0	ours=0 official=0	一致	coverage-enumerate.py (cards_stats_* / rarities)
S1数值	unit_cs:ice-spirit	load_time_ms ↔ 官方 load_time	100	IceSpirits:load_time = 100	ours=100 official=100	一致	coverage-enumerate.py (cards_stats_* / rarities)
S1数值	unit_cs:ice-spirit	mass ↔ 官方 mass	1	IceSpirits:mass = 1	ours=1 official=1	一致	coverage-enumerate.py (cards_stats_* / rarities)
S1数值	unit_cs:ice-spirit	name_cn (本项目自定列)	-	本项目自定：name_cn	ours=冰雪精灵	允许的差异(本项目自定列)	差异登记 D22 / docs/步骤文档.md §4.2
S1数值	unit_cs:ice-spirit	only_buildings ↔ 官方 target_only_buildings	0	IceSpirits:target_only_buildings = 0	ours=0 official=0	一致	coverage-enumerate.py (cards_stats_* / rarities)
S1数值	unit_cs:ice-spirit	only_towers ↔ 官方 target_only_towers	0	IceSpirits:target_only_towers = 0	ours=0 official=0	一致	coverage-enumerate.py (cards_stats_* / rarities)
S1数值	unit_cs:ice-spirit	only_troops ↔ 官方 target_only_troops	0	IceSpirits:target_only_troops = 0	ours=0 official=0	一致	coverage-enumerate.py (cards_stats_* / rarities)
S1数值	unit_cs:ice-spirit	projectile_key ↔ 官方 custom_first_projectile/projectile	IceSpiritsProjectile	IceSpirits:custom_first_projectile/projectile = IceSpiritsProjectile	ours=IceSpiritsProjectile official=IceSpiritsProjectile	一致	coverage-enumerate.py (cards_stats_* / rarities)
S1数值	unit_cs:ice-spirit	radius_mt ↔ 官方 collision_radius	400	IceSpirits:collision_radius = 400	ours=400 official=400	一致	coverage-enumerate.py (cards_stats_* / rarities)
S1数值	unit_cs:ice-spirit	range_mt ↔ 官方 range	2500	IceSpirits:range = 2500	ours=2500 official=2500	一致	coverage-enumerate.py (cards_stats_* / rarities)
S1数值	unit_cs:ice-spirit	sight_mt ↔ 官方 sight_range	5500	IceSpirits:sight_range = 5500	ours=5500 official=5500	一致	coverage-enumerate.py (cards_stats_* / rarities)
S1数值	unit_cs:ice-spirit	spawn_interval_ms ↔ 官方 spawn_interval/spawn_pause_time	0	IceSpirits:spawn_interval/spawn_pause_time = 0	ours=0 official=0	一致	coverage-enumerate.py (cards_stats_* / rarities)
S1数值	unit_cs:ice-spirit	spawn_limit ↔ 官方 spawn_limit	0	IceSpirits:spawn_limit = 0	ours=0 official=0	一致	coverage-enumerate.py (cards_stats_* / rarities)
S1数值	unit_cs:ice-spirit	spawn_n ↔ 官方 spawn_number	0	IceSpirits:spawn_number = 0	ours=0 official=0	一致	coverage-enumerate.py (cards_stats_* / rarities)
S1数值	unit_cs:ice-spirit	spawn_radius_mt ↔ 官方 spawn_radius	650	IceSpirits:spawn_radius = 650	ours=650 official=650	一致	coverage-enumerate.py (cards_stats_* / rarities)
S1数值	unit_cs:ice-spirit	speed ↔ 官方 speed	120	IceSpirits:speed = 120	ours=120 official=120	一致	coverage-enumerate.py (cards_stats_* / rarities)
S1数值	unit_cs:ice-spirit	sprite_dir (本项目自定列)	-	本项目自定：sprite_dir	ours=chr_ice_spirits_out	允许的差异(本项目自定列)	差异登记 D22 / docs/步骤文档.md §4.2
S1数值	unit_cs:ice-spirit	summon_deploy_delay_ms (本项目自定列)	-	本项目自定：summon_deploy_delay_ms	ours=0	允许的差异(本项目自定列)	差异登记 D22 / docs/步骤文档.md §4.2
S1数值	unit_cs:ice-spirit	summon_key (本项目自定列)	-	本项目自定：summon_key	ours=ice-spirit	允许的差异(本项目自定列)	差异登记 D22 / docs/步骤文档.md §4.2
S1数值	unit_cs:ice-spirit	summon_n (本项目自定列)	-	本项目自定：summon_n	ours=1	允许的差异(本项目自定列)	差异登记 D22 / docs/步骤文档.md §4.2
S1数值	unit_cs:ice-spirit	summon_radius_mt (本项目自定列)	-	本项目自定：summon_radius_mt	ours=0	允许的差异(本项目自定列)	差异登记 D22 / docs/步骤文档.md §4.2
S1数值	unit_cs:ice-wizard	aoe_radius_mt ↔ 官方 area_damage_radius	0	IceWizard:area_damage_radius = 0	ours=0 official=0	一致	coverage-enumerate.py (cards_stats_* / rarities)
S1数值	unit_cs:ice-wizard	atk_air ↔ 官方 attacks_air	1	IceWizard:attacks_air = 1	ours=1 official=1	一致	coverage-enumerate.py (cards_stats_* / rarities)
S1数值	unit_cs:ice-wizard	atk_ground ↔ 官方 attacks_ground	1	IceWizard:attacks_ground = 1	ours=1 official=1	一致	coverage-enumerate.py (cards_stats_* / rarities)
S1数值	unit_cs:ice-wizard	damage ↔ 官方 damage_per_level	90	IceWizard:damage_per_level = 90	ours=90 official=90	一致	coverage-enumerate.py (cards_stats_* / rarities)
S1数值	unit_cs:ice-wizard	death_aoe_radius_mt ↔ 官方 death_damage_radius	0	IceWizard:death_damage_radius = 0	ours=0 official=0	一致	coverage-enumerate.py (cards_stats_* / rarities)
S1数值	unit_cs:ice-wizard	death_damage ↔ 官方 death_damage	0	IceWizard:death_damage = 0	ours=0 official=0	一致	coverage-enumerate.py (cards_stats_* / rarities)
S1数值	unit_cs:ice-wizard	death_spawn_n ↔ 官方 death_spawn_count	0	IceWizard:death_spawn_count = 0	ours=0 official=0	一致	coverage-enumerate.py (cards_stats_* / rarities)
S1数值	unit_cs:ice-wizard	deploy_ms ↔ 官方 deploy_time	1000	IceWizard:deploy_time = 1000	ours=1000 official=1000	一致	coverage-enumerate.py (cards_stats_* / rarities)
S1数值	unit_cs:ice-wizard	flying ↔ 官方 flying_height	0	IceWizard:flying_height = 0	ours=0 official=0	一致	coverage-enumerate.py (cards_stats_* / rarities)
S1数值	unit_cs:ice-wizard	hit_speed_ms ↔ 官方 hit_speed	1700	IceWizard:hit_speed = 1700	ours=1700 official=1700	一致	coverage-enumerate.py (cards_stats_* / rarities)
S1数值	unit_cs:ice-wizard	hp ↔ 官方 hitpoints_per_level	688	IceWizard:hitpoints_per_level = 688	ours=688 official=688	一致	coverage-enumerate.py (cards_stats_* / rarities)
S1数值	unit_cs:ice-wizard	id (本项目自定列)	-	本项目自定：id	ours=26020029	允许的差异(本项目自定列)	差异登记 D22 / docs/步骤文档.md §4.2
S1数值	unit_cs:ice-wizard	key (本项目自定列)	-	本项目自定：key	ours=ice-wizard	允许的差异(本项目自定列)	差异登记 D22 / docs/步骤文档.md §4.2
S1数值	unit_cs:ice-wizard	kind (本项目自定列)	-	本项目自定：kind	ours=0	允许的差异(本项目自定列)	差异登记 D22 / docs/步骤文档.md §4.2
S1数值	unit_cs:ice-wizard	life_ms ↔ 官方 life_time	0	IceWizard:life_time = 0	ours=0 official=0	一致	coverage-enumerate.py (cards_stats_* / rarities)
S1数值	unit_cs:ice-wizard	load_time_ms ↔ 官方 load_time	1200	IceWizard:load_time = 1200	ours=1200 official=1200	一致	coverage-enumerate.py (cards_stats_* / rarities)
S1数值	unit_cs:ice-wizard	mass ↔ 官方 mass	5	IceWizard:mass = 5	ours=5 official=5	一致	coverage-enumerate.py (cards_stats_* / rarities)
S1数值	unit_cs:ice-wizard	name_cn (本项目自定列)	-	本项目自定：name_cn	ours=寒冰法师	允许的差异(本项目自定列)	差异登记 D22 / docs/步骤文档.md §4.2
S1数值	unit_cs:ice-wizard	only_buildings ↔ 官方 target_only_buildings	0	IceWizard:target_only_buildings = 0	ours=0 official=0	一致	coverage-enumerate.py (cards_stats_* / rarities)
S1数值	unit_cs:ice-wizard	only_towers ↔ 官方 target_only_towers	0	IceWizard:target_only_towers = 0	ours=0 official=0	一致	coverage-enumerate.py (cards_stats_* / rarities)
S1数值	unit_cs:ice-wizard	only_troops ↔ 官方 target_only_troops	0	IceWizard:target_only_troops = 0	ours=0 official=0	一致	coverage-enumerate.py (cards_stats_* / rarities)
S1数值	unit_cs:ice-wizard	projectile_key ↔ 官方 custom_first_projectile/projectile	ice_wizardProjectile	IceWizard:custom_first_projectile/projectile = ice_wizardProjectile	ours=ice_wizardProjectile official=ice_wizardProjectile	一致	coverage-enumerate.py (cards_stats_* / rarities)
S1数值	unit_cs:ice-wizard	radius_mt ↔ 官方 collision_radius	500	IceWizard:collision_radius = 500	ours=500 official=500	一致	coverage-enumerate.py (cards_stats_* / rarities)
S1数值	unit_cs:ice-wizard	range_mt ↔ 官方 range	5500	IceWizard:range = 5500	ours=5500 official=5500	一致	coverage-enumerate.py (cards_stats_* / rarities)
S1数值	unit_cs:ice-wizard	sight_mt ↔ 官方 sight_range	5500	IceWizard:sight_range = 5500	ours=5500 official=5500	一致	coverage-enumerate.py (cards_stats_* / rarities)
S1数值	unit_cs:ice-wizard	spawn_interval_ms ↔ 官方 spawn_interval/spawn_pause_time	0	IceWizard:spawn_interval/spawn_pause_time = 0	ours=0 official=0	一致	coverage-enumerate.py (cards_stats_* / rarities)
S1数值	unit_cs:ice-wizard	spawn_limit ↔ 官方 spawn_limit	0	IceWizard:spawn_limit = 0	ours=0 official=0	一致	coverage-enumerate.py (cards_stats_* / rarities)
S1数值	unit_cs:ice-wizard	spawn_n ↔ 官方 spawn_number	0	IceWizard:spawn_number = 0	ours=0 official=0	一致	coverage-enumerate.py (cards_stats_* / rarities)
S1数值	unit_cs:ice-wizard	spawn_radius_mt ↔ 官方 spawn_radius	0	IceWizard:spawn_radius = 0	ours=0 official=0	一致	coverage-enumerate.py (cards_stats_* / rarities)
S1数值	unit_cs:ice-wizard	speed ↔ 官方 speed	60	IceWizard:speed = 60	ours=60 official=60	一致	coverage-enumerate.py (cards_stats_* / rarities)
S1数值	unit_cs:ice-wizard	sprite_dir (本项目自定列)	-	本项目自定：sprite_dir	ours=chr_ice_wizard_out	允许的差异(本项目自定列)	差异登记 D22 / docs/步骤文档.md §4.2
S1数值	unit_cs:ice-wizard	summon_deploy_delay_ms (本项目自定列)	-	本项目自定：summon_deploy_delay_ms	ours=0	允许的差异(本项目自定列)	差异登记 D22 / docs/步骤文档.md §4.2
S1数值	unit_cs:ice-wizard	summon_key (本项目自定列)	-	本项目自定：summon_key	ours=ice-wizard	允许的差异(本项目自定列)	差异登记 D22 / docs/步骤文档.md §4.2
S1数值	unit_cs:ice-wizard	summon_n (本项目自定列)	-	本项目自定：summon_n	ours=1	允许的差异(本项目自定列)	差异登记 D22 / docs/步骤文档.md §4.2
S1数值	unit_cs:ice-wizard	summon_radius_mt (本项目自定列)	-	本项目自定：summon_radius_mt	ours=0	允许的差异(本项目自定列)	差异登记 D22 / docs/步骤文档.md §4.2
S1数值	unit_cs:ice_wizardProjectile	damage ↔ 官方 damage_per_level	90	ice_wizardProjectile:damage_per_level = 90	ours=90 official=90	一致	coverage-enumerate.py (cards_stats_* / rarities)
S1数值	unit_cs:ice_wizardProjectile	id (本项目自定列)	-	本项目自定：id	ours=26020070	允许的差异(本项目自定列)	差异登记 D22 / docs/步骤文档.md §4.2
S1数值	unit_cs:ice_wizardProjectile	key (本项目自定列)	-	本项目自定：key	ours=ice_wizardProjectile	允许的差异(本项目自定列)	差异登记 D22 / docs/步骤文档.md §4.2
S1数值	unit_cs:ice_wizardProjectile	kind (本项目自定列)	-	本项目自定：kind	ours=3	允许的差异(本项目自定列)	差异登记 D22 / docs/步骤文档.md §4.2
S1数值	unit_cs:ice_wizardProjectile	name_cn (本项目自定列)	-	本项目自定：name_cn	ours=	允许的差异(本项目自定列)	差异登记 D22 / docs/步骤文档.md §4.2
S1数值	unit_cs:ice_wizardProjectile	radius_mt ↔ 官方 collision_radius	1000	ice_wizardProjectile:collision_radius = 1000	ours=1000 official=1000	一致	coverage-enumerate.py (cards_stats_* / rarities)
S1数值	unit_cs:ice_wizardProjectile	spawn_interval_ms ↔ 官方 spawn_interval/spawn_pause_time	0	ice_wizardProjectile:spawn_interval/spawn_pause_time = 0	ours=0 official=0	一致	coverage-enumerate.py (cards_stats_* / rarities)
S1数值	unit_cs:ice_wizardProjectile	speed ↔ 官方 speed	700	ice_wizardProjectile:speed = 700	ours=700 official=700	一致	coverage-enumerate.py (cards_stats_* / rarities)
S1数值	unit_cs:ice_wizardProjectile	sprite_dir (本项目自定列)	-	本项目自定：sprite_dir	ours=	允许的差异(本项目自定列)	差异登记 D22 / docs/步骤文档.md §4.2
S1数值	unit_cs:ice_wizardProjectile	summon_deploy_delay_ms (本项目自定列)	-	本项目自定：summon_deploy_delay_ms	ours=0	允许的差异(本项目自定列)	差异登记 D22 / docs/步骤文档.md §4.2
S1数值	unit_cs:ice_wizardProjectile	summon_key (本项目自定列)	-	本项目自定：summon_key	ours=	允许的差异(本项目自定列)	差异登记 D22 / docs/步骤文档.md §4.2
S1数值	unit_cs:ice_wizardProjectile	summon_n (本项目自定列)	-	本项目自定：summon_n	ours=0	允许的差异(本项目自定列)	差异登记 D22 / docs/步骤文档.md §4.2
S1数值	unit_cs:ice_wizardProjectile	summon_radius_mt (本项目自定列)	-	本项目自定：summon_radius_mt	ours=0	允许的差异(本项目自定列)	差异登记 D22 / docs/步骤文档.md §4.2
S1数值	unit_cs:inferno-tower	aoe_radius_mt ↔ 官方 area_damage_radius	0	InfernoTower:area_damage_radius = 0	ours=0 official=0	一致	coverage-enumerate.py (cards_stats_* / rarities)
S1数值	unit_cs:inferno-tower	atk_air ↔ 官方 attacks_air	1	InfernoTower:attacks_air = 1	ours=1 official=1	一致	coverage-enumerate.py (cards_stats_* / rarities)
S1数值	unit_cs:inferno-tower	atk_ground ↔ 官方 attacks_ground	1	InfernoTower:attacks_ground = 1	ours=1 official=1	一致	coverage-enumerate.py (cards_stats_* / rarities)
S1数值	unit_cs:inferno-tower	damage ↔ 官方 damage_per_level	42	InfernoTower:damage_per_level = 42	ours=42 official=42	一致	coverage-enumerate.py (cards_stats_* / rarities)
S1数值	unit_cs:inferno-tower	death_aoe_radius_mt ↔ 官方 death_damage_radius	0	InfernoTower:death_damage_radius = 0	ours=0 official=0	一致	coverage-enumerate.py (cards_stats_* / rarities)
S1数值	unit_cs:inferno-tower	death_damage ↔ 官方 death_damage	0	InfernoTower:death_damage = 0	ours=0 official=0	一致	coverage-enumerate.py (cards_stats_* / rarities)
S1数值	unit_cs:inferno-tower	death_spawn_n ↔ 官方 death_spawn_count	0	InfernoTower:death_spawn_count = 0	ours=0 official=0	一致	coverage-enumerate.py (cards_stats_* / rarities)
S1数值	unit_cs:inferno-tower	deploy_ms ↔ 官方 deploy_time	1000	InfernoTower:deploy_time = 1000	ours=1000 official=1000	一致	coverage-enumerate.py (cards_stats_* / rarities)
S1数值	unit_cs:inferno-tower	flying ↔ 官方 flying_height	0	InfernoTower:flying_height = 0	ours=0 official=0	一致	coverage-enumerate.py (cards_stats_* / rarities)
S1数值	unit_cs:inferno-tower	hit_speed_ms ↔ 官方 hit_speed	400	InfernoTower:hit_speed = 400	ours=400 official=400	一致	coverage-enumerate.py (cards_stats_* / rarities)
S1数值	unit_cs:inferno-tower	hp ↔ 官方 hitpoints_per_level	1749	InfernoTower:hitpoints_per_level = 1749	ours=1749 official=1749	一致	coverage-enumerate.py (cards_stats_* / rarities)
S1数值	unit_cs:inferno-tower	id (本项目自定列)	-	本项目自定：id	ours=26020051	允许的差异(本项目自定列)	差异登记 D22 / docs/步骤文档.md §4.2
S1数值	unit_cs:inferno-tower	key (本项目自定列)	-	本项目自定：key	ours=inferno-tower	允许的差异(本项目自定列)	差异登记 D22 / docs/步骤文档.md §4.2
S1数值	unit_cs:inferno-tower	kind (本项目自定列)	-	本项目自定：kind	ours=1	允许的差异(本项目自定列)	差异登记 D22 / docs/步骤文档.md §4.2
S1数值	unit_cs:inferno-tower	life_ms ↔ 官方 life_time	30000	InfernoTower:life_time = 30000	ours=30000 official=30000	一致	coverage-enumerate.py (cards_stats_* / rarities)
S1数值	unit_cs:inferno-tower	load_time_ms ↔ 官方 load_time	1200	InfernoTower:load_time = 1200	ours=1200 official=1200	一致	coverage-enumerate.py (cards_stats_* / rarities)
S1数值	unit_cs:inferno-tower	mass ↔ 官方 mass	0	InfernoTower:mass = 0	ours=0 official=0	一致	coverage-enumerate.py (cards_stats_* / rarities)
S1数值	unit_cs:inferno-tower	name_cn (本项目自定列)	-	本项目自定：name_cn	ours=地狱之塔	允许的差异(本项目自定列)	差异登记 D22 / docs/步骤文档.md §4.2
S1数值	unit_cs:inferno-tower	only_buildings ↔ 官方 target_only_buildings	0	InfernoTower:target_only_buildings = 0	ours=0 official=0	一致	coverage-enumerate.py (cards_stats_* / rarities)
S1数值	unit_cs:inferno-tower	only_towers ↔ 官方 target_only_towers	0	InfernoTower:target_only_towers = 0	ours=0 official=0	一致	coverage-enumerate.py (cards_stats_* / rarities)
S1数值	unit_cs:inferno-tower	only_troops ↔ 官方 target_only_troops	0	InfernoTower:target_only_troops = 0	ours=0 official=0	一致	coverage-enumerate.py (cards_stats_* / rarities)
S1数值	unit_cs:inferno-tower	radius_mt ↔ 官方 collision_radius	600	InfernoTower:collision_radius = 600	ours=600 official=600	一致	coverage-enumerate.py (cards_stats_* / rarities)
S1数值	unit_cs:inferno-tower	range_mt ↔ 官方 range	6000	InfernoTower:range = 6000	ours=6000 official=6000	一致	coverage-enumerate.py (cards_stats_* / rarities)
S1数值	unit_cs:inferno-tower	sight_mt ↔ 官方 sight_range	6000	InfernoTower:sight_range = 6000	ours=6000 official=6000	一致	coverage-enumerate.py (cards_stats_* / rarities)
S1数值	unit_cs:inferno-tower	spawn_interval_ms ↔ 官方 spawn_interval/spawn_pause_time	0	InfernoTower:spawn_interval/spawn_pause_time = 0	ours=0 official=0	一致	coverage-enumerate.py (cards_stats_* / rarities)
S1数值	unit_cs:inferno-tower	spawn_limit ↔ 官方 spawn_limit	0	InfernoTower:spawn_limit = 0	ours=0 official=0	一致	coverage-enumerate.py (cards_stats_* / rarities)
S1数值	unit_cs:inferno-tower	spawn_n ↔ 官方 spawn_number	0	InfernoTower:spawn_number = 0	ours=0 official=0	一致	coverage-enumerate.py (cards_stats_* / rarities)
S1数值	unit_cs:inferno-tower	spawn_radius_mt ↔ 官方 spawn_radius	0	InfernoTower:spawn_radius = 0	ours=0 official=0	一致	coverage-enumerate.py (cards_stats_* / rarities)
S1数值	unit_cs:inferno-tower	speed ↔ 官方 speed	0	InfernoTower:speed = 0	ours=0 official=0	一致	coverage-enumerate.py (cards_stats_* / rarities)
S1数值	unit_cs:inferno-tower	sprite_dir (本项目自定列)	-	本项目自定：sprite_dir	ours=building_inferno_tower_out	允许的差异(本项目自定列)	差异登记 D22 / docs/步骤文档.md §4.2
S1数值	unit_cs:inferno-tower	summon_deploy_delay_ms (本项目自定列)	-	本项目自定：summon_deploy_delay_ms	ours=0	允许的差异(本项目自定列)	差异登记 D22 / docs/步骤文档.md §4.2
S1数值	unit_cs:inferno-tower	summon_key (本项目自定列)	-	本项目自定：summon_key	ours=	允许的差异(本项目自定列)	差异登记 D22 / docs/步骤文档.md §4.2
S1数值	unit_cs:inferno-tower	summon_n (本项目自定列)	-	本项目自定：summon_n	ours=0	允许的差异(本项目自定列)	差异登记 D22 / docs/步骤文档.md §4.2
S1数值	unit_cs:inferno-tower	summon_radius_mt (本项目自定列)	-	本项目自定：summon_radius_mt	ours=0	允许的差异(本项目自定列)	差异登记 D22 / docs/步骤文档.md §4.2
S1数值	unit_cs:knight	aoe_radius_mt ↔ 官方 area_damage_radius	0	Knight:area_damage_radius = 0	ours=0 official=0	一致	coverage-enumerate.py (cards_stats_* / rarities)
S1数值	unit_cs:knight	atk_air ↔ 官方 attacks_air	0	Knight:attacks_air = 0	ours=0 official=0	一致	coverage-enumerate.py (cards_stats_* / rarities)
S1数值	unit_cs:knight	atk_ground ↔ 官方 attacks_ground	1	Knight:attacks_ground = 1	ours=1 official=1	一致	coverage-enumerate.py (cards_stats_* / rarities)
S1数值	unit_cs:knight	damage ↔ 官方 damage_per_level	202	Knight:damage_per_level = 202	ours=202 official=202	一致	coverage-enumerate.py (cards_stats_* / rarities)
S1数值	unit_cs:knight	death_aoe_radius_mt ↔ 官方 death_damage_radius	0	Knight:death_damage_radius = 0	ours=0 official=0	一致	coverage-enumerate.py (cards_stats_* / rarities)
S1数值	unit_cs:knight	death_damage ↔ 官方 death_damage	0	Knight:death_damage = 0	ours=0 official=0	一致	coverage-enumerate.py (cards_stats_* / rarities)
S1数值	unit_cs:knight	death_spawn_n ↔ 官方 death_spawn_count	0	Knight:death_spawn_count = 0	ours=0 official=0	一致	coverage-enumerate.py (cards_stats_* / rarities)
S1数值	unit_cs:knight	deploy_ms ↔ 官方 deploy_time	1000	Knight:deploy_time = 1000	ours=1000 official=1000	一致	coverage-enumerate.py (cards_stats_* / rarities)
S1数值	unit_cs:knight	flying ↔ 官方 flying_height	0	Knight:flying_height = 0	ours=0 official=0	一致	coverage-enumerate.py (cards_stats_* / rarities)
S1数值	unit_cs:knight	hit_speed_ms ↔ 官方 hit_speed	1200	Knight:hit_speed = 1200	ours=1200 official=1200	一致	coverage-enumerate.py (cards_stats_* / rarities)
S1数值	unit_cs:knight	hp ↔ 官方 hitpoints_per_level	1766	Knight:hitpoints_per_level = 1766	ours=1766 official=1766	一致	coverage-enumerate.py (cards_stats_* / rarities)
S1数值	unit_cs:knight	id (本项目自定列)	-	本项目自定：id	ours=26020001	允许的差异(本项目自定列)	差异登记 D22 / docs/步骤文档.md §4.2
S1数值	unit_cs:knight	key (本项目自定列)	-	本项目自定：key	ours=knight	允许的差异(本项目自定列)	差异登记 D22 / docs/步骤文档.md §4.2
S1数值	unit_cs:knight	kind (本项目自定列)	-	本项目自定：kind	ours=0	允许的差异(本项目自定列)	差异登记 D22 / docs/步骤文档.md §4.2
S1数值	unit_cs:knight	life_ms ↔ 官方 life_time	0	Knight:life_time = 0	ours=0 official=0	一致	coverage-enumerate.py (cards_stats_* / rarities)
S1数值	unit_cs:knight	load_time_ms ↔ 官方 load_time	700	Knight:load_time = 700	ours=700 official=700	一致	coverage-enumerate.py (cards_stats_* / rarities)
S1数值	unit_cs:knight	mass ↔ 官方 mass	6	Knight:mass = 6	ours=6 official=6	一致	coverage-enumerate.py (cards_stats_* / rarities)
S1数值	unit_cs:knight	name_cn (本项目自定列)	-	本项目自定：name_cn	ours=骑士	允许的差异(本项目自定列)	差异登记 D22 / docs/步骤文档.md §4.2
S1数值	unit_cs:knight	only_buildings ↔ 官方 target_only_buildings	0	Knight:target_only_buildings = 0	ours=0 official=0	一致	coverage-enumerate.py (cards_stats_* / rarities)
S1数值	unit_cs:knight	only_towers ↔ 官方 target_only_towers	0	Knight:target_only_towers = 0	ours=0 official=0	一致	coverage-enumerate.py (cards_stats_* / rarities)
S1数值	unit_cs:knight	only_troops ↔ 官方 target_only_troops	0	Knight:target_only_troops = 0	ours=0 official=0	一致	coverage-enumerate.py (cards_stats_* / rarities)
S1数值	unit_cs:knight	radius_mt ↔ 官方 collision_radius	500	Knight:collision_radius = 500	ours=500 official=500	一致	coverage-enumerate.py (cards_stats_* / rarities)
S1数值	unit_cs:knight	range_mt ↔ 官方 range	1200	Knight:range = 1200	ours=1200 official=1200	一致	coverage-enumerate.py (cards_stats_* / rarities)
S1数值	unit_cs:knight	sight_mt ↔ 官方 sight_range	5500	Knight:sight_range = 5500	ours=5500 official=5500	一致	coverage-enumerate.py (cards_stats_* / rarities)
S1数值	unit_cs:knight	spawn_interval_ms ↔ 官方 spawn_interval/spawn_pause_time	0	Knight:spawn_interval/spawn_pause_time = 0	ours=0 official=0	一致	coverage-enumerate.py (cards_stats_* / rarities)
S1数值	unit_cs:knight	spawn_limit ↔ 官方 spawn_limit	0	Knight:spawn_limit = 0	ours=0 official=0	一致	coverage-enumerate.py (cards_stats_* / rarities)
S1数值	unit_cs:knight	spawn_n ↔ 官方 spawn_number	0	Knight:spawn_number = 0	ours=0 official=0	一致	coverage-enumerate.py (cards_stats_* / rarities)
S1数值	unit_cs:knight	spawn_radius_mt ↔ 官方 spawn_radius	0	Knight:spawn_radius = 0	ours=0 official=0	一致	coverage-enumerate.py (cards_stats_* / rarities)
S1数值	unit_cs:knight	speed ↔ 官方 speed	60	Knight:speed = 60	ours=60 official=60	一致	coverage-enumerate.py (cards_stats_* / rarities)
S1数值	unit_cs:knight	sprite_dir (本项目自定列)	-	本项目自定：sprite_dir	ours=chr_knight_out	允许的差异(本项目自定列)	差异登记 D22 / docs/步骤文档.md §4.2
S1数值	unit_cs:knight	summon_deploy_delay_ms (本项目自定列)	-	本项目自定：summon_deploy_delay_ms	ours=0	允许的差异(本项目自定列)	差异登记 D22 / docs/步骤文档.md §4.2
S1数值	unit_cs:knight	summon_key (本项目自定列)	-	本项目自定：summon_key	ours=knight	允许的差异(本项目自定列)	差异登记 D22 / docs/步骤文档.md §4.2
S1数值	unit_cs:knight	summon_n (本项目自定列)	-	本项目自定：summon_n	ours=1	允许的差异(本项目自定列)	差异登记 D22 / docs/步骤文档.md §4.2
S1数值	unit_cs:knight	summon_radius_mt (本项目自定列)	-	本项目自定：summon_radius_mt	ours=0	允许的差异(本项目自定列)	差异登记 D22 / docs/步骤文档.md §4.2
S1数值	unit_cs:lava-hound	aoe_radius_mt ↔ 官方 area_damage_radius	0	LavaHound:area_damage_radius = 0	ours=0 official=0	一致	coverage-enumerate.py (cards_stats_* / rarities)
S1数值	unit_cs:lava-hound	atk_air ↔ 官方 attacks_air	1	LavaHound:attacks_air = 1	ours=1 official=1	一致	coverage-enumerate.py (cards_stats_* / rarities)
S1数值	unit_cs:lava-hound	atk_ground ↔ 官方 attacks_ground	1	LavaHound:attacks_ground = 1	ours=1 official=1	一致	coverage-enumerate.py (cards_stats_* / rarities)
S1数值	unit_cs:lava-hound	damage ↔ 官方 damage_per_level	54	LavaHound:damage_per_level = 54	ours=54 official=54	一致	coverage-enumerate.py (cards_stats_* / rarities)
S1数值	unit_cs:lava-hound	death_aoe_radius_mt ↔ 官方 death_damage_radius	0	LavaHound:death_damage_radius = 0	ours=0 official=0	一致	coverage-enumerate.py (cards_stats_* / rarities)
S1数值	unit_cs:lava-hound	death_damage ↔ 官方 death_damage	0	LavaHound:death_damage = 0	ours=0 official=0	一致	coverage-enumerate.py (cards_stats_* / rarities)
S1数值	unit_cs:lava-hound	death_spawn_key ↔ 官方 death_spawn_character	LavaPups	LavaHound:death_spawn_character = LavaPups	ours=LavaPups official=LavaPups	一致	coverage-enumerate.py (cards_stats_* / rarities)
S1数值	unit_cs:lava-hound	death_spawn_n ↔ 官方 death_spawn_count	6	LavaHound:death_spawn_count = 6	ours=6 official=6	一致	coverage-enumerate.py (cards_stats_* / rarities)
S1数值	unit_cs:lava-hound	deploy_ms ↔ 官方 deploy_time	1000	LavaHound:deploy_time = 1000	ours=1000 official=1000	一致	coverage-enumerate.py (cards_stats_* / rarities)
S1数值	unit_cs:lava-hound	flying ↔ 官方 flying_height	1	LavaHound:flying_height = 1	ours=1 official=1	一致	coverage-enumerate.py (cards_stats_* / rarities)
S1数值	unit_cs:lava-hound	hit_speed_ms ↔ 官方 hit_speed	1300	LavaHound:hit_speed = 1300	ours=1300 official=1300	一致	coverage-enumerate.py (cards_stats_* / rarities)
S1数值	unit_cs:lava-hound	hp ↔ 官方 hitpoints_per_level	3811	LavaHound:hitpoints_per_level = 3811	ours=3811 official=3811	一致	coverage-enumerate.py (cards_stats_* / rarities)
S1数值	unit_cs:lava-hound	id (本项目自定列)	-	本项目自定：id	ours=26020033	允许的差异(本项目自定列)	差异登记 D22 / docs/步骤文档.md §4.2
S1数值	unit_cs:lava-hound	key (本项目自定列)	-	本项目自定：key	ours=lava-hound	允许的差异(本项目自定列)	差异登记 D22 / docs/步骤文档.md §4.2
S1数值	unit_cs:lava-hound	kind (本项目自定列)	-	本项目自定：kind	ours=0	允许的差异(本项目自定列)	差异登记 D22 / docs/步骤文档.md §4.2
S1数值	unit_cs:lava-hound	life_ms ↔ 官方 life_time	0	LavaHound:life_time = 0	ours=0 official=0	一致	coverage-enumerate.py (cards_stats_* / rarities)
S1数值	unit_cs:lava-hound	load_time_ms ↔ 官方 load_time	300	LavaHound:load_time = 300	ours=300 official=300	一致	coverage-enumerate.py (cards_stats_* / rarities)
S1数值	unit_cs:lava-hound	mass ↔ 官方 mass	5	LavaHound:mass = 5	ours=5 official=5	一致	coverage-enumerate.py (cards_stats_* / rarities)
S1数值	unit_cs:lava-hound	name_cn (本项目自定列)	-	本项目自定：name_cn	ours=熔岩猎犬	允许的差异(本项目自定列)	差异登记 D22 / docs/步骤文档.md §4.2
S1数值	unit_cs:lava-hound	only_buildings ↔ 官方 target_only_buildings	1	LavaHound:target_only_buildings = 1	ours=1 official=1	一致	coverage-enumerate.py (cards_stats_* / rarities)
S1数值	unit_cs:lava-hound	only_towers ↔ 官方 target_only_towers	0	LavaHound:target_only_towers = 0	ours=0 official=0	一致	coverage-enumerate.py (cards_stats_* / rarities)
S1数值	unit_cs:lava-hound	only_troops ↔ 官方 target_only_troops	0	LavaHound:target_only_troops = 0	ours=0 official=0	一致	coverage-enumerate.py (cards_stats_* / rarities)
S1数值	unit_cs:lava-hound	projectile_key ↔ 官方 custom_first_projectile/projectile	LavaHoundProjectile	LavaHound:custom_first_projectile/projectile = LavaHoundProjectile	ours=LavaHoundProjectile official=LavaHoundProjectile	一致	coverage-enumerate.py (cards_stats_* / rarities)
S1数值	unit_cs:lava-hound	radius_mt ↔ 官方 collision_radius	750	LavaHound:collision_radius = 750	ours=750 official=750	一致	coverage-enumerate.py (cards_stats_* / rarities)
S1数值	unit_cs:lava-hound	range_mt ↔ 官方 range	3500	LavaHound:range = 3500	ours=3500 official=3500	一致	coverage-enumerate.py (cards_stats_* / rarities)
S1数值	unit_cs:lava-hound	sight_mt ↔ 官方 sight_range	5500	LavaHound:sight_range = 5500	ours=5500 official=5500	一致	coverage-enumerate.py (cards_stats_* / rarities)
S1数值	unit_cs:lava-hound	spawn_interval_ms ↔ 官方 spawn_interval/spawn_pause_time	0	LavaHound:spawn_interval/spawn_pause_time = 0	ours=0 official=0	一致	coverage-enumerate.py (cards_stats_* / rarities)
S1数值	unit_cs:lava-hound	spawn_limit ↔ 官方 spawn_limit	0	LavaHound:spawn_limit = 0	ours=0 official=0	一致	coverage-enumerate.py (cards_stats_* / rarities)
S1数值	unit_cs:lava-hound	spawn_n ↔ 官方 spawn_number	0	LavaHound:spawn_number = 0	ours=0 official=0	一致	coverage-enumerate.py (cards_stats_* / rarities)
S1数值	unit_cs:lava-hound	spawn_radius_mt ↔ 官方 spawn_radius	0	LavaHound:spawn_radius = 0	ours=0 official=0	一致	coverage-enumerate.py (cards_stats_* / rarities)
S1数值	unit_cs:lava-hound	speed ↔ 官方 speed	45	LavaHound:speed = 45	ours=45 official=45	一致	coverage-enumerate.py (cards_stats_* / rarities)
S1数值	unit_cs:lava-hound	sprite_dir (本项目自定列)	-	本项目自定：sprite_dir	ours=chr_lava_hound_out;chr_lava_pups_out	允许的差异(本项目自定列)	差异登记 D22 / docs/步骤文档.md §4.2
S1数值	unit_cs:lava-hound	summon_deploy_delay_ms (本项目自定列)	-	本项目自定：summon_deploy_delay_ms	ours=0	允许的差异(本项目自定列)	差异登记 D22 / docs/步骤文档.md §4.2
S1数值	unit_cs:lava-hound	summon_key (本项目自定列)	-	本项目自定：summon_key	ours=lava-hound	允许的差异(本项目自定列)	差异登记 D22 / docs/步骤文档.md §4.2
S1数值	unit_cs:lava-hound	summon_n (本项目自定列)	-	本项目自定：summon_n	ours=1	允许的差异(本项目自定列)	差异登记 D22 / docs/步骤文档.md §4.2
S1数值	unit_cs:lava-hound	summon_radius_mt (本项目自定列)	-	本项目自定：summon_radius_mt	ours=0	允许的差异(本项目自定列)	差异登记 D22 / docs/步骤文档.md §4.2
S1数值	unit_cs:mega-knight	aoe_radius_mt ↔ 官方 area_damage_radius	1300	MegaKnight:area_damage_radius = 1300	ours=1300 official=1300	一致	coverage-enumerate.py (cards_stats_* / rarities)
S1数值	unit_cs:mega-knight	atk_air ↔ 官方 attacks_air	0	MegaKnight:attacks_air = 0	ours=0 official=0	一致	coverage-enumerate.py (cards_stats_* / rarities)
S1数值	unit_cs:mega-knight	atk_ground ↔ 官方 attacks_ground	1	MegaKnight:attacks_ground = 1	ours=1 official=1	一致	coverage-enumerate.py (cards_stats_* / rarities)
S1数值	unit_cs:mega-knight	damage ↔ 官方 damage_per_level	268	MegaKnight:damage_per_level = 268	ours=268 official=268	一致	coverage-enumerate.py (cards_stats_* / rarities)
S1数值	unit_cs:mega-knight	death_aoe_radius_mt ↔ 官方 death_damage_radius	0	MegaKnight:death_damage_radius = 0	ours=0 official=0	一致	coverage-enumerate.py (cards_stats_* / rarities)
S1数值	unit_cs:mega-knight	death_damage ↔ 官方 death_damage	0	MegaKnight:death_damage = 0	ours=0 official=0	一致	coverage-enumerate.py (cards_stats_* / rarities)
S1数值	unit_cs:mega-knight	death_spawn_n ↔ 官方 death_spawn_count	0	MegaKnight:death_spawn_count = 0	ours=0 official=0	一致	coverage-enumerate.py (cards_stats_* / rarities)
S1数值	unit_cs:mega-knight	deploy_ms ↔ 官方 deploy_time	1000	MegaKnight:deploy_time = 1000	ours=1000 official=1000	一致	coverage-enumerate.py (cards_stats_* / rarities)
S1数值	unit_cs:mega-knight	flying ↔ 官方 flying_height	0	MegaKnight:flying_height = 0	ours=0 official=0	一致	coverage-enumerate.py (cards_stats_* / rarities)
S1数值	unit_cs:mega-knight	hit_speed_ms ↔ 官方 hit_speed	1700	MegaKnight:hit_speed = 1700	ours=1700 official=1700	一致	coverage-enumerate.py (cards_stats_* / rarities)
S1数值	unit_cs:mega-knight	hp ↔ 官方 hitpoints_per_level	3993	MegaKnight:hitpoints_per_level = 3993	ours=3993 official=3993	一致	coverage-enumerate.py (cards_stats_* / rarities)
S1数值	unit_cs:mega-knight	id (本项目自定列)	-	本项目自定：id	ours=26020046	允许的差异(本项目自定列)	差异登记 D22 / docs/步骤文档.md §4.2
S1数值	unit_cs:mega-knight	key (本项目自定列)	-	本项目自定：key	ours=mega-knight	允许的差异(本项目自定列)	差异登记 D22 / docs/步骤文档.md §4.2
S1数值	unit_cs:mega-knight	kind (本项目自定列)	-	本项目自定：kind	ours=0	允许的差异(本项目自定列)	差异登记 D22 / docs/步骤文档.md §4.2
S1数值	unit_cs:mega-knight	life_ms ↔ 官方 life_time	0	MegaKnight:life_time = 0	ours=0 official=0	一致	coverage-enumerate.py (cards_stats_* / rarities)
S1数值	unit_cs:mega-knight	load_time_ms ↔ 官方 load_time	1200	MegaKnight:load_time = 1200	ours=1200 official=1200	一致	coverage-enumerate.py (cards_stats_* / rarities)
S1数值	unit_cs:mega-knight	mass ↔ 官方 mass	18	MegaKnight:mass = 18	ours=18 official=18	一致	coverage-enumerate.py (cards_stats_* / rarities)
S1数值	unit_cs:mega-knight	name_cn (本项目自定列)	-	本项目自定：name_cn	ours=超级骑士	允许的差异(本项目自定列)	差异登记 D22 / docs/步骤文档.md §4.2
S1数值	unit_cs:mega-knight	only_buildings ↔ 官方 target_only_buildings	0	MegaKnight:target_only_buildings = 0	ours=0 official=0	一致	coverage-enumerate.py (cards_stats_* / rarities)
S1数值	unit_cs:mega-knight	only_towers ↔ 官方 target_only_towers	0	MegaKnight:target_only_towers = 0	ours=0 official=0	一致	coverage-enumerate.py (cards_stats_* / rarities)
S1数值	unit_cs:mega-knight	only_troops ↔ 官方 target_only_troops	0	MegaKnight:target_only_troops = 0	ours=0 official=0	一致	coverage-enumerate.py (cards_stats_* / rarities)
S1数值	unit_cs:mega-knight	radius_mt ↔ 官方 collision_radius	750	MegaKnight:collision_radius = 750	ours=750 official=750	一致	coverage-enumerate.py (cards_stats_* / rarities)
S1数值	unit_cs:mega-knight	range_mt ↔ 官方 range	1200	MegaKnight:range = 1200	ours=1200 official=1200	一致	coverage-enumerate.py (cards_stats_* / rarities)
S1数值	unit_cs:mega-knight	sight_mt ↔ 官方 sight_range	5500	MegaKnight:sight_range = 5500	ours=5500 official=5500	一致	coverage-enumerate.py (cards_stats_* / rarities)
S1数值	unit_cs:mega-knight	spawn_interval_ms ↔ 官方 spawn_interval/spawn_pause_time	1	MegaKnight:spawn_interval/spawn_pause_time = 1	ours=1 official=1	一致	coverage-enumerate.py (cards_stats_* / rarities)
S1数值	unit_cs:mega-knight	spawn_limit ↔ 官方 spawn_limit	1	MegaKnight:spawn_limit = 1	ours=1 official=1	一致	coverage-enumerate.py (cards_stats_* / rarities)
S1数值	unit_cs:mega-knight	spawn_n ↔ 官方 spawn_number	1	MegaKnight:spawn_number = 1	ours=1 official=1	一致	coverage-enumerate.py (cards_stats_* / rarities)
S1数值	unit_cs:mega-knight	spawn_radius_mt ↔ 官方 spawn_radius	0	MegaKnight:spawn_radius = 0	ours=0 official=0	一致	coverage-enumerate.py (cards_stats_* / rarities)
S1数值	unit_cs:mega-knight	speed ↔ 官方 speed	60	MegaKnight:speed = 60	ours=60 official=60	一致	coverage-enumerate.py (cards_stats_* / rarities)
S1数值	unit_cs:mega-knight	sprite_dir (本项目自定列)	-	本项目自定：sprite_dir	ours=chr_mega_knight_out	允许的差异(本项目自定列)	差异登记 D22 / docs/步骤文档.md §4.2
S1数值	unit_cs:mega-knight	summon_deploy_delay_ms (本项目自定列)	-	本项目自定：summon_deploy_delay_ms	ours=0	允许的差异(本项目自定列)	差异登记 D22 / docs/步骤文档.md §4.2
S1数值	unit_cs:mega-knight	summon_key (本项目自定列)	-	本项目自定：summon_key	ours=mega-knight	允许的差异(本项目自定列)	差异登记 D22 / docs/步骤文档.md §4.2
S1数值	unit_cs:mega-knight	summon_n (本项目自定列)	-	本项目自定：summon_n	ours=1	允许的差异(本项目自定列)	差异登记 D22 / docs/步骤文档.md §4.2
S1数值	unit_cs:mega-knight	summon_radius_mt (本项目自定列)	-	本项目自定：summon_radius_mt	ours=0	允许的差异(本项目自定列)	差异登记 D22 / docs/步骤文档.md §4.2
S1数值	unit_cs:mega-minion	aoe_radius_mt ↔ 官方 area_damage_radius	0	MegaMinion:area_damage_radius = 0	ours=0 official=0	一致	coverage-enumerate.py (cards_stats_* / rarities)
S1数值	unit_cs:mega-minion	atk_air ↔ 官方 attacks_air	1	MegaMinion:attacks_air = 1	ours=1 official=1	一致	coverage-enumerate.py (cards_stats_* / rarities)
S1数值	unit_cs:mega-minion	atk_ground ↔ 官方 attacks_ground	1	MegaMinion:attacks_ground = 1	ours=1 official=1	一致	coverage-enumerate.py (cards_stats_* / rarities)
S1数值	unit_cs:mega-minion	damage ↔ 官方 damage_per_level	311	MegaMinion:damage_per_level = 311	ours=311 official=311	一致	coverage-enumerate.py (cards_stats_* / rarities)
S1数值	unit_cs:mega-minion	death_aoe_radius_mt ↔ 官方 death_damage_radius	0	MegaMinion:death_damage_radius = 0	ours=0 official=0	一致	coverage-enumerate.py (cards_stats_* / rarities)
S1数值	unit_cs:mega-minion	death_damage ↔ 官方 death_damage	0	MegaMinion:death_damage = 0	ours=0 official=0	一致	coverage-enumerate.py (cards_stats_* / rarities)
S1数值	unit_cs:mega-minion	death_spawn_n ↔ 官方 death_spawn_count	0	MegaMinion:death_spawn_count = 0	ours=0 official=0	一致	coverage-enumerate.py (cards_stats_* / rarities)
S1数值	unit_cs:mega-minion	deploy_ms ↔ 官方 deploy_time	1000	MegaMinion:deploy_time = 1000	ours=1000 official=1000	一致	coverage-enumerate.py (cards_stats_* / rarities)
S1数值	unit_cs:mega-minion	flying ↔ 官方 flying_height	1	MegaMinion:flying_height = 1	ours=1 official=1	一致	coverage-enumerate.py (cards_stats_* / rarities)
S1数值	unit_cs:mega-minion	hit_speed_ms ↔ 官方 hit_speed	1500	MegaMinion:hit_speed = 1500	ours=1500 official=1500	一致	coverage-enumerate.py (cards_stats_* / rarities)
S1数值	unit_cs:mega-minion	hp ↔ 官方 hitpoints_per_level	837	MegaMinion:hitpoints_per_level = 837	ours=837 official=837	一致	coverage-enumerate.py (cards_stats_* / rarities)
S1数值	unit_cs:mega-minion	id (本项目自定列)	-	本项目自定：id	ours=26020039	允许的差异(本项目自定列)	差异登记 D22 / docs/步骤文档.md §4.2
S1数值	unit_cs:mega-minion	key (本项目自定列)	-	本项目自定：key	ours=mega-minion	允许的差异(本项目自定列)	差异登记 D22 / docs/步骤文档.md §4.2
S1数值	unit_cs:mega-minion	kind (本项目自定列)	-	本项目自定：kind	ours=0	允许的差异(本项目自定列)	差异登记 D22 / docs/步骤文档.md §4.2
S1数值	unit_cs:mega-minion	life_ms ↔ 官方 life_time	0	MegaMinion:life_time = 0	ours=0 official=0	一致	coverage-enumerate.py (cards_stats_* / rarities)
S1数值	unit_cs:mega-minion	load_time_ms ↔ 官方 load_time	1100	MegaMinion:load_time = 1100	ours=1100 official=1100	一致	coverage-enumerate.py (cards_stats_* / rarities)
S1数值	unit_cs:mega-minion	mass ↔ 官方 mass	6	MegaMinion:mass = 6	ours=6 official=6	一致	coverage-enumerate.py (cards_stats_* / rarities)
S1数值	unit_cs:mega-minion	name_cn (本项目自定列)	-	本项目自定：name_cn	ours=重甲亡灵	允许的差异(本项目自定列)	差异登记 D22 / docs/步骤文档.md §4.2
S1数值	unit_cs:mega-minion	only_buildings ↔ 官方 target_only_buildings	0	MegaMinion:target_only_buildings = 0	ours=0 official=0	一致	coverage-enumerate.py (cards_stats_* / rarities)
S1数值	unit_cs:mega-minion	only_towers ↔ 官方 target_only_towers	0	MegaMinion:target_only_towers = 0	ours=0 official=0	一致	coverage-enumerate.py (cards_stats_* / rarities)
S1数值	unit_cs:mega-minion	only_troops ↔ 官方 target_only_troops	0	MegaMinion:target_only_troops = 0	ours=0 official=0	一致	coverage-enumerate.py (cards_stats_* / rarities)
S1数值	unit_cs:mega-minion	projectile_key ↔ 官方 custom_first_projectile/projectile	MegaMinionSpit	MegaMinion:custom_first_projectile/projectile = MegaMinionSpit	ours=MegaMinionSpit official=MegaMinionSpit	一致	coverage-enumerate.py (cards_stats_* / rarities)
S1数值	unit_cs:mega-minion	radius_mt ↔ 官方 collision_radius	600	MegaMinion:collision_radius = 600	ours=600 official=600	一致	coverage-enumerate.py (cards_stats_* / rarities)
S1数值	unit_cs:mega-minion	range_mt ↔ 官方 range	1600	MegaMinion:range = 1600	ours=1600 official=1600	一致	coverage-enumerate.py (cards_stats_* / rarities)
S1数值	unit_cs:mega-minion	sight_mt ↔ 官方 sight_range	5500	MegaMinion:sight_range = 5500	ours=5500 official=5500	一致	coverage-enumerate.py (cards_stats_* / rarities)
S1数值	unit_cs:mega-minion	spawn_interval_ms ↔ 官方 spawn_interval/spawn_pause_time	0	MegaMinion:spawn_interval/spawn_pause_time = 0	ours=0 official=0	一致	coverage-enumerate.py (cards_stats_* / rarities)
S1数值	unit_cs:mega-minion	spawn_limit ↔ 官方 spawn_limit	0	MegaMinion:spawn_limit = 0	ours=0 official=0	一致	coverage-enumerate.py (cards_stats_* / rarities)
S1数值	unit_cs:mega-minion	spawn_n ↔ 官方 spawn_number	0	MegaMinion:spawn_number = 0	ours=0 official=0	一致	coverage-enumerate.py (cards_stats_* / rarities)
S1数值	unit_cs:mega-minion	spawn_radius_mt ↔ 官方 spawn_radius	0	MegaMinion:spawn_radius = 0	ours=0 official=0	一致	coverage-enumerate.py (cards_stats_* / rarities)
S1数值	unit_cs:mega-minion	speed ↔ 官方 speed	60	MegaMinion:speed = 60	ours=60 official=60	一致	coverage-enumerate.py (cards_stats_* / rarities)
S1数值	unit_cs:mega-minion	sprite_dir (本项目自定列)	-	本项目自定：sprite_dir	ours=chr_mega_minion_out	允许的差异(本项目自定列)	差异登记 D22 / docs/步骤文档.md §4.2
S1数值	unit_cs:mega-minion	summon_deploy_delay_ms (本项目自定列)	-	本项目自定：summon_deploy_delay_ms	ours=0	允许的差异(本项目自定列)	差异登记 D22 / docs/步骤文档.md §4.2
S1数值	unit_cs:mega-minion	summon_key (本项目自定列)	-	本项目自定：summon_key	ours=mega-minion	允许的差异(本项目自定列)	差异登记 D22 / docs/步骤文档.md §4.2
S1数值	unit_cs:mega-minion	summon_n (本项目自定列)	-	本项目自定：summon_n	ours=1	允许的差异(本项目自定列)	差异登记 D22 / docs/步骤文档.md §4.2
S1数值	unit_cs:mega-minion	summon_radius_mt (本项目自定列)	-	本项目自定：summon_radius_mt	ours=0	允许的差异(本项目自定列)	差异登记 D22 / docs/步骤文档.md §4.2
S1数值	unit_cs:miner	aoe_radius_mt ↔ 官方 area_damage_radius	0	Miner:area_damage_radius = 0	ours=0 official=0	一致	coverage-enumerate.py (cards_stats_* / rarities)
S1数值	unit_cs:miner	atk_air ↔ 官方 attacks_air	0	Miner:attacks_air = 0	ours=0 official=0	一致	coverage-enumerate.py (cards_stats_* / rarities)
S1数值	unit_cs:miner	atk_ground ↔ 官方 attacks_ground	1	Miner:attacks_ground = 1	ours=1 official=1	一致	coverage-enumerate.py (cards_stats_* / rarities)
S1数值	unit_cs:miner	damage ↔ 官方 damage_per_level	193	Miner:damage_per_level = 193	ours=193 official=193	一致	coverage-enumerate.py (cards_stats_* / rarities)
S1数值	unit_cs:miner	death_aoe_radius_mt ↔ 官方 death_damage_radius	0	Miner:death_damage_radius = 0	ours=0 official=0	一致	coverage-enumerate.py (cards_stats_* / rarities)
S1数值	unit_cs:miner	death_damage ↔ 官方 death_damage	0	Miner:death_damage = 0	ours=0 official=0	一致	coverage-enumerate.py (cards_stats_* / rarities)
S1数值	unit_cs:miner	death_spawn_n ↔ 官方 death_spawn_count	0	Miner:death_spawn_count = 0	ours=0 official=0	一致	coverage-enumerate.py (cards_stats_* / rarities)
S1数值	unit_cs:miner	deploy_ms ↔ 官方 deploy_time	1000	Miner:deploy_time = 1000	ours=1000 official=1000	一致	coverage-enumerate.py (cards_stats_* / rarities)
S1数值	unit_cs:miner	flying ↔ 官方 flying_height	0	Miner:flying_height = 0	ours=0 official=0	一致	coverage-enumerate.py (cards_stats_* / rarities)
S1数值	unit_cs:miner	hit_speed_ms ↔ 官方 hit_speed	1200	Miner:hit_speed = 1200	ours=1200 official=1200	一致	coverage-enumerate.py (cards_stats_* / rarities)
S1数值	unit_cs:miner	hp ↔ 官方 hitpoints_per_level	1210	Miner:hitpoints_per_level = 1210	ours=1210 official=1210	一致	coverage-enumerate.py (cards_stats_* / rarities)
S1数值	unit_cs:miner	id (本项目自定列)	-	本项目自定：id	ours=26020036	允许的差异(本项目自定列)	差异登记 D22 / docs/步骤文档.md §4.2
S1数值	unit_cs:miner	key (本项目自定列)	-	本项目自定：key	ours=miner	允许的差异(本项目自定列)	差异登记 D22 / docs/步骤文档.md §4.2
S1数值	unit_cs:miner	kind (本项目自定列)	-	本项目自定：kind	ours=0	允许的差异(本项目自定列)	差异登记 D22 / docs/步骤文档.md §4.2
S1数值	unit_cs:miner	life_ms ↔ 官方 life_time	0	Miner:life_time = 0	ours=0 official=0	一致	coverage-enumerate.py (cards_stats_* / rarities)
S1数值	unit_cs:miner	load_time_ms ↔ 官方 load_time	700	Miner:load_time = 700	ours=700 official=700	一致	coverage-enumerate.py (cards_stats_* / rarities)
S1数值	unit_cs:miner	mass ↔ 官方 mass	6	Miner:mass = 6	ours=6 official=6	一致	coverage-enumerate.py (cards_stats_* / rarities)
S1数值	unit_cs:miner	name_cn (本项目自定列)	-	本项目自定：name_cn	ours=掘地矿工	允许的差异(本项目自定列)	差异登记 D22 / docs/步骤文档.md §4.2
S1数值	unit_cs:miner	only_buildings ↔ 官方 target_only_buildings	0	Miner:target_only_buildings = 0	ours=0 official=0	一致	coverage-enumerate.py (cards_stats_* / rarities)
S1数值	unit_cs:miner	only_towers ↔ 官方 target_only_towers	0	Miner:target_only_towers = 0	ours=0 official=0	一致	coverage-enumerate.py (cards_stats_* / rarities)
S1数值	unit_cs:miner	only_troops ↔ 官方 target_only_troops	0	Miner:target_only_troops = 0	ours=0 official=0	一致	coverage-enumerate.py (cards_stats_* / rarities)
S1数值	unit_cs:miner	radius_mt ↔ 官方 collision_radius	500	Miner:collision_radius = 500	ours=500 official=500	一致	coverage-enumerate.py (cards_stats_* / rarities)
S1数值	unit_cs:miner	range_mt ↔ 官方 range	1200	Miner:range = 1200	ours=1200 official=1200	一致	coverage-enumerate.py (cards_stats_* / rarities)
S1数值	unit_cs:miner	sight_mt ↔ 官方 sight_range	5500	Miner:sight_range = 5500	ours=5500 official=5500	一致	coverage-enumerate.py (cards_stats_* / rarities)
S1数值	unit_cs:miner	spawn_interval_ms ↔ 官方 spawn_interval/spawn_pause_time	0	Miner:spawn_interval/spawn_pause_time = 0	ours=0 official=0	一致	coverage-enumerate.py (cards_stats_* / rarities)
S1数值	unit_cs:miner	spawn_limit ↔ 官方 spawn_limit	0	Miner:spawn_limit = 0	ours=0 official=0	一致	coverage-enumerate.py (cards_stats_* / rarities)
S1数值	unit_cs:miner	spawn_n ↔ 官方 spawn_number	0	Miner:spawn_number = 0	ours=0 official=0	一致	coverage-enumerate.py (cards_stats_* / rarities)
S1数值	unit_cs:miner	spawn_radius_mt ↔ 官方 spawn_radius	0	Miner:spawn_radius = 0	ours=0 official=0	一致	coverage-enumerate.py (cards_stats_* / rarities)
S1数值	unit_cs:miner	speed ↔ 官方 speed	90	Miner:speed = 90	ours=90 official=90	一致	coverage-enumerate.py (cards_stats_* / rarities)
S1数值	unit_cs:miner	sprite_dir (本项目自定列)	-	本项目自定：sprite_dir	ours=chr_miner_out	允许的差异(本项目自定列)	差异登记 D22 / docs/步骤文档.md §4.2
S1数值	unit_cs:miner	summon_deploy_delay_ms (本项目自定列)	-	本项目自定：summon_deploy_delay_ms	ours=0	允许的差异(本项目自定列)	差异登记 D22 / docs/步骤文档.md §4.2
S1数值	unit_cs:miner	summon_key (本项目自定列)	-	本项目自定：summon_key	ours=miner	允许的差异(本项目自定列)	差异登记 D22 / docs/步骤文档.md §4.2
S1数值	unit_cs:miner	summon_n (本项目自定列)	-	本项目自定：summon_n	ours=1	允许的差异(本项目自定列)	差异登记 D22 / docs/步骤文档.md §4.2
S1数值	unit_cs:miner	summon_radius_mt (本项目自定列)	-	本项目自定：summon_radius_mt	ours=0	允许的差异(本项目自定列)	差异登记 D22 / docs/步骤文档.md §4.2
S1数值	unit_cs:mini-pekka	aoe_radius_mt ↔ 官方 area_damage_radius	0	MiniPekka:area_damage_radius = 0	ours=0 official=0	一致	coverage-enumerate.py (cards_stats_* / rarities)
S1数值	unit_cs:mini-pekka	atk_air ↔ 官方 attacks_air	0	MiniPekka:attacks_air = 0	ours=0 official=0	一致	coverage-enumerate.py (cards_stats_* / rarities)
S1数值	unit_cs:mini-pekka	atk_ground ↔ 官方 attacks_ground	1	MiniPekka:attacks_ground = 1	ours=1 official=1	一致	coverage-enumerate.py (cards_stats_* / rarities)
S1数值	unit_cs:mini-pekka	damage ↔ 官方 damage_per_level	720	MiniPekka:damage_per_level = 720	ours=720 official=720	一致	coverage-enumerate.py (cards_stats_* / rarities)
S1数值	unit_cs:mini-pekka	death_aoe_radius_mt ↔ 官方 death_damage_radius	0	MiniPekka:death_damage_radius = 0	ours=0 official=0	一致	coverage-enumerate.py (cards_stats_* / rarities)
S1数值	unit_cs:mini-pekka	death_damage ↔ 官方 death_damage	0	MiniPekka:death_damage = 0	ours=0 official=0	一致	coverage-enumerate.py (cards_stats_* / rarities)
S1数值	unit_cs:mini-pekka	death_spawn_n ↔ 官方 death_spawn_count	0	MiniPekka:death_spawn_count = 0	ours=0 official=0	一致	coverage-enumerate.py (cards_stats_* / rarities)
S1数值	unit_cs:mini-pekka	deploy_ms ↔ 官方 deploy_time	1000	MiniPekka:deploy_time = 1000	ours=1000 official=1000	一致	coverage-enumerate.py (cards_stats_* / rarities)
S1数值	unit_cs:mini-pekka	flying ↔ 官方 flying_height	0	MiniPekka:flying_height = 0	ours=0 official=0	一致	coverage-enumerate.py (cards_stats_* / rarities)
S1数值	unit_cs:mini-pekka	hit_speed_ms ↔ 官方 hit_speed	1600	MiniPekka:hit_speed = 1600	ours=1600 official=1600	一致	coverage-enumerate.py (cards_stats_* / rarities)
S1数值	unit_cs:mini-pekka	hp ↔ 官方 hitpoints_per_level	1361	MiniPekka:hitpoints_per_level = 1361	ours=1361 official=1361	一致	coverage-enumerate.py (cards_stats_* / rarities)
S1数值	unit_cs:mini-pekka	id (本项目自定列)	-	本项目自定：id	ours=26020026	允许的差异(本项目自定列)	差异登记 D22 / docs/步骤文档.md §4.2
S1数值	unit_cs:mini-pekka	key (本项目自定列)	-	本项目自定：key	ours=mini-pekka	允许的差异(本项目自定列)	差异登记 D22 / docs/步骤文档.md §4.2
S1数值	unit_cs:mini-pekka	kind (本项目自定列)	-	本项目自定：kind	ours=0	允许的差异(本项目自定列)	差异登记 D22 / docs/步骤文档.md §4.2
S1数值	unit_cs:mini-pekka	life_ms ↔ 官方 life_time	0	MiniPekka:life_time = 0	ours=0 official=0	一致	coverage-enumerate.py (cards_stats_* / rarities)
S1数值	unit_cs:mini-pekka	load_time_ms ↔ 官方 load_time	1100	MiniPekka:load_time = 1100	ours=1100 official=1100	一致	coverage-enumerate.py (cards_stats_* / rarities)
S1数值	unit_cs:mini-pekka	mass ↔ 官方 mass	4	MiniPekka:mass = 4	ours=4 official=4	一致	coverage-enumerate.py (cards_stats_* / rarities)
S1数值	unit_cs:mini-pekka	name_cn (本项目自定列)	-	本项目自定：name_cn	ours=迷你皮卡	允许的差异(本项目自定列)	差异登记 D22 / docs/步骤文档.md §4.2
S1数值	unit_cs:mini-pekka	only_buildings ↔ 官方 target_only_buildings	0	MiniPekka:target_only_buildings = 0	ours=0 official=0	一致	coverage-enumerate.py (cards_stats_* / rarities)
S1数值	unit_cs:mini-pekka	only_towers ↔ 官方 target_only_towers	0	MiniPekka:target_only_towers = 0	ours=0 official=0	一致	coverage-enumerate.py (cards_stats_* / rarities)
S1数值	unit_cs:mini-pekka	only_troops ↔ 官方 target_only_troops	0	MiniPekka:target_only_troops = 0	ours=0 official=0	一致	coverage-enumerate.py (cards_stats_* / rarities)
S1数值	unit_cs:mini-pekka	radius_mt ↔ 官方 collision_radius	450	MiniPekka:collision_radius = 450	ours=450 official=450	一致	coverage-enumerate.py (cards_stats_* / rarities)
S1数值	unit_cs:mini-pekka	range_mt ↔ 官方 range	800	MiniPekka:range = 800	ours=800 official=800	一致	coverage-enumerate.py (cards_stats_* / rarities)
S1数值	unit_cs:mini-pekka	sight_mt ↔ 官方 sight_range	5500	MiniPekka:sight_range = 5500	ours=5500 official=5500	一致	coverage-enumerate.py (cards_stats_* / rarities)
S1数值	unit_cs:mini-pekka	spawn_interval_ms ↔ 官方 spawn_interval/spawn_pause_time	0	MiniPekka:spawn_interval/spawn_pause_time = 0	ours=0 official=0	一致	coverage-enumerate.py (cards_stats_* / rarities)
S1数值	unit_cs:mini-pekka	spawn_limit ↔ 官方 spawn_limit	0	MiniPekka:spawn_limit = 0	ours=0 official=0	一致	coverage-enumerate.py (cards_stats_* / rarities)
S1数值	unit_cs:mini-pekka	spawn_n ↔ 官方 spawn_number	0	MiniPekka:spawn_number = 0	ours=0 official=0	一致	coverage-enumerate.py (cards_stats_* / rarities)
S1数值	unit_cs:mini-pekka	spawn_radius_mt ↔ 官方 spawn_radius	0	MiniPekka:spawn_radius = 0	ours=0 official=0	一致	coverage-enumerate.py (cards_stats_* / rarities)
S1数值	unit_cs:mini-pekka	speed ↔ 官方 speed	90	MiniPekka:speed = 90	ours=90 official=90	一致	coverage-enumerate.py (cards_stats_* / rarities)
S1数值	unit_cs:mini-pekka	sprite_dir (本项目自定列)	-	本项目自定：sprite_dir	ours=chr_mini_pekka_out	允许的差异(本项目自定列)	差异登记 D22 / docs/步骤文档.md §4.2
S1数值	unit_cs:mini-pekka	summon_deploy_delay_ms (本项目自定列)	-	本项目自定：summon_deploy_delay_ms	ours=0	允许的差异(本项目自定列)	差异登记 D22 / docs/步骤文档.md §4.2
S1数值	unit_cs:mini-pekka	summon_key (本项目自定列)	-	本项目自定：summon_key	ours=mini-pekka	允许的差异(本项目自定列)	差异登记 D22 / docs/步骤文档.md §4.2
S1数值	unit_cs:mini-pekka	summon_n (本项目自定列)	-	本项目自定：summon_n	ours=1	允许的差异(本项目自定列)	差异登记 D22 / docs/步骤文档.md §4.2
S1数值	unit_cs:mini-pekka	summon_radius_mt (本项目自定列)	-	本项目自定：summon_radius_mt	ours=0	允许的差异(本项目自定列)	差异登记 D22 / docs/步骤文档.md §4.2
S1数值	unit_cs:minion-horde	aoe_radius_mt ↔ 官方 area_damage_radius	0	Minion:area_damage_radius = 0	ours=0 official=0	一致	coverage-enumerate.py (cards_stats_* / rarities)
S1数值	unit_cs:minion-horde	atk_air ↔ 官方 attacks_air	1	Minion:attacks_air = 1	ours=1 official=1	一致	coverage-enumerate.py (cards_stats_* / rarities)
S1数值	unit_cs:minion-horde	atk_ground ↔ 官方 attacks_ground	1	Minion:attacks_ground = 1	ours=1 official=1	一致	coverage-enumerate.py (cards_stats_* / rarities)
S1数值	unit_cs:minion-horde	damage ↔ 官方 damage_per_level	117	Minion:damage_per_level = 117	ours=117 official=117	一致	coverage-enumerate.py (cards_stats_* / rarities)
S1数值	unit_cs:minion-horde	death_aoe_radius_mt ↔ 官方 death_damage_radius	0	Minion:death_damage_radius = 0	ours=0 official=0	一致	coverage-enumerate.py (cards_stats_* / rarities)
S1数值	unit_cs:minion-horde	death_damage ↔ 官方 death_damage	0	Minion:death_damage = 0	ours=0 official=0	一致	coverage-enumerate.py (cards_stats_* / rarities)
S1数值	unit_cs:minion-horde	death_spawn_n ↔ 官方 death_spawn_count	0	Minion:death_spawn_count = 0	ours=0 official=0	一致	coverage-enumerate.py (cards_stats_* / rarities)
S1数值	unit_cs:minion-horde	deploy_ms ↔ 官方 deploy_time	1000	Minion:deploy_time = 1000	ours=1000 official=1000	一致	coverage-enumerate.py (cards_stats_* / rarities)
S1数值	unit_cs:minion-horde	flying ↔ 官方 flying_height	1	Minion:flying_height = 1	ours=1 official=1	一致	coverage-enumerate.py (cards_stats_* / rarities)
S1数值	unit_cs:minion-horde	hit_speed_ms ↔ 官方 hit_speed	1000	Minion:hit_speed = 1000	ours=1000 official=1000	一致	coverage-enumerate.py (cards_stats_* / rarities)
S1数值	unit_cs:minion-horde	hp ↔ 官方 hitpoints_per_level	230	Minion:hitpoints_per_level = 230	ours=230 official=230	一致	coverage-enumerate.py (cards_stats_* / rarities)
S1数值	unit_cs:minion-horde	id (本项目自定列)	-	本项目自定：id	ours=26020012	允许的差异(本项目自定列)	差异登记 D22 / docs/步骤文档.md §4.2
S1数值	unit_cs:minion-horde	key (本项目自定列)	-	本项目自定：key	ours=minion-horde	允许的差异(本项目自定列)	差异登记 D22 / docs/步骤文档.md §4.2
S1数值	unit_cs:minion-horde	kind (本项目自定列)	-	本项目自定：kind	ours=0	允许的差异(本项目自定列)	差异登记 D22 / docs/步骤文档.md §4.2
S1数值	unit_cs:minion-horde	life_ms ↔ 官方 life_time	0	Minion:life_time = 0	ours=0 official=0	一致	coverage-enumerate.py (cards_stats_* / rarities)
S1数值	unit_cs:minion-horde	load_time_ms ↔ 官方 load_time	500	Minion:load_time = 500	ours=500 official=500	一致	coverage-enumerate.py (cards_stats_* / rarities)
S1数值	unit_cs:minion-horde	mass ↔ 官方 mass	2	Minion:mass = 2	ours=2 official=2	一致	coverage-enumerate.py (cards_stats_* / rarities)
S1数值	unit_cs:minion-horde	name_cn (本项目自定列)	-	本项目自定：name_cn	ours=亡灵大军	允许的差异(本项目自定列)	差异登记 D22 / docs/步骤文档.md §4.2
S1数值	unit_cs:minion-horde	only_buildings ↔ 官方 target_only_buildings	0	Minion:target_only_buildings = 0	ours=0 official=0	一致	coverage-enumerate.py (cards_stats_* / rarities)
S1数值	unit_cs:minion-horde	only_towers ↔ 官方 target_only_towers	0	Minion:target_only_towers = 0	ours=0 official=0	一致	coverage-enumerate.py (cards_stats_* / rarities)
S1数值	unit_cs:minion-horde	only_troops ↔ 官方 target_only_troops	0	Minion:target_only_troops = 0	ours=0 official=0	一致	coverage-enumerate.py (cards_stats_* / rarities)
S1数值	unit_cs:minion-horde	projectile_key ↔ 官方 custom_first_projectile/projectile	MinionSpit	Minion:custom_first_projectile/projectile = MinionSpit	ours=MinionSpit official=MinionSpit	一致	coverage-enumerate.py (cards_stats_* / rarities)
S1数值	unit_cs:minion-horde	radius_mt ↔ 官方 collision_radius	500	Minion:collision_radius = 500	ours=500 official=500	一致	coverage-enumerate.py (cards_stats_* / rarities)
S1数值	unit_cs:minion-horde	range_mt ↔ 官方 range	1600	Minion:range = 1600	ours=1600 official=1600	一致	coverage-enumerate.py (cards_stats_* / rarities)
S1数值	unit_cs:minion-horde	sight_mt ↔ 官方 sight_range	5500	Minion:sight_range = 5500	ours=5500 official=5500	一致	coverage-enumerate.py (cards_stats_* / rarities)
S1数值	unit_cs:minion-horde	spawn_interval_ms ↔ 官方 spawn_interval/spawn_pause_time	0	Minion:spawn_interval/spawn_pause_time = 0	ours=0 official=0	一致	coverage-enumerate.py (cards_stats_* / rarities)
S1数值	unit_cs:minion-horde	spawn_limit ↔ 官方 spawn_limit	0	Minion:spawn_limit = 0	ours=0 official=0	一致	coverage-enumerate.py (cards_stats_* / rarities)
S1数值	unit_cs:minion-horde	spawn_n ↔ 官方 spawn_number	0	Minion:spawn_number = 0	ours=0 official=0	一致	coverage-enumerate.py (cards_stats_* / rarities)
S1数值	unit_cs:minion-horde	spawn_radius_mt ↔ 官方 spawn_radius	0	Minion:spawn_radius = 0	ours=0 official=0	一致	coverage-enumerate.py (cards_stats_* / rarities)
S1数值	unit_cs:minion-horde	speed ↔ 官方 speed	90	Minion:speed = 90	ours=90 official=90	一致	coverage-enumerate.py (cards_stats_* / rarities)
S1数值	unit_cs:minion-horde	sprite_dir (本项目自定列)	-	本项目自定：sprite_dir	ours=chr_minion_out	允许的差异(本项目自定列)	差异登记 D22 / docs/步骤文档.md §4.2
S1数值	unit_cs:minion-horde	summon_deploy_delay_ms (本项目自定列)	-	本项目自定：summon_deploy_delay_ms	ours=100	允许的差异(本项目自定列)	差异登记 D22 / docs/步骤文档.md §4.2
S1数值	unit_cs:minion-horde	summon_key (本项目自定列)	-	本项目自定：summon_key	ours=Minion	允许的差异(本项目自定列)	差异登记 D22 / docs/步骤文档.md §4.2
S1数值	unit_cs:minion-horde	summon_n (本项目自定列)	-	本项目自定：summon_n	ours=6	允许的差异(本项目自定列)	差异登记 D22 / docs/步骤文档.md §4.2
S1数值	unit_cs:minion-horde	summon_radius_mt (本项目自定列)	-	本项目自定：summon_radius_mt	ours=600	允许的差异(本项目自定列)	差异登记 D22 / docs/步骤文档.md §4.2
S1数值	unit_cs:minions	aoe_radius_mt ↔ 官方 area_damage_radius	0	Minion:area_damage_radius = 0	ours=0 official=0	一致	coverage-enumerate.py (cards_stats_* / rarities)
S1数值	unit_cs:minions	atk_air ↔ 官方 attacks_air	1	Minion:attacks_air = 1	ours=1 official=1	一致	coverage-enumerate.py (cards_stats_* / rarities)
S1数值	unit_cs:minions	atk_ground ↔ 官方 attacks_ground	1	Minion:attacks_ground = 1	ours=1 official=1	一致	coverage-enumerate.py (cards_stats_* / rarities)
S1数值	unit_cs:minions	damage ↔ 官方 damage_per_level	117	Minion:damage_per_level = 117	ours=117 official=117	一致	coverage-enumerate.py (cards_stats_* / rarities)
S1数值	unit_cs:minions	death_aoe_radius_mt ↔ 官方 death_damage_radius	0	Minion:death_damage_radius = 0	ours=0 official=0	一致	coverage-enumerate.py (cards_stats_* / rarities)
S1数值	unit_cs:minions	death_damage ↔ 官方 death_damage	0	Minion:death_damage = 0	ours=0 official=0	一致	coverage-enumerate.py (cards_stats_* / rarities)
S1数值	unit_cs:minions	death_spawn_n ↔ 官方 death_spawn_count	0	Minion:death_spawn_count = 0	ours=0 official=0	一致	coverage-enumerate.py (cards_stats_* / rarities)
S1数值	unit_cs:minions	deploy_ms ↔ 官方 deploy_time	1000	Minion:deploy_time = 1000	ours=1000 official=1000	一致	coverage-enumerate.py (cards_stats_* / rarities)
S1数值	unit_cs:minions	flying ↔ 官方 flying_height	1	Minion:flying_height = 1	ours=1 official=1	一致	coverage-enumerate.py (cards_stats_* / rarities)
S1数值	unit_cs:minions	hit_speed_ms ↔ 官方 hit_speed	1000	Minion:hit_speed = 1000	ours=1000 official=1000	一致	coverage-enumerate.py (cards_stats_* / rarities)
S1数值	unit_cs:minions	hp ↔ 官方 hitpoints_per_level	230	Minion:hitpoints_per_level = 230	ours=230 official=230	一致	coverage-enumerate.py (cards_stats_* / rarities)
S1数值	unit_cs:minions	id (本项目自定列)	-	本项目自定：id	ours=26020010	允许的差异(本项目自定列)	差异登记 D22 / docs/步骤文档.md §4.2
S1数值	unit_cs:minions	key (本项目自定列)	-	本项目自定：key	ours=minions	允许的差异(本项目自定列)	差异登记 D22 / docs/步骤文档.md §4.2
S1数值	unit_cs:minions	kind (本项目自定列)	-	本项目自定：kind	ours=0	允许的差异(本项目自定列)	差异登记 D22 / docs/步骤文档.md §4.2
S1数值	unit_cs:minions	life_ms ↔ 官方 life_time	0	Minion:life_time = 0	ours=0 official=0	一致	coverage-enumerate.py (cards_stats_* / rarities)
S1数值	unit_cs:minions	load_time_ms ↔ 官方 load_time	500	Minion:load_time = 500	ours=500 official=500	一致	coverage-enumerate.py (cards_stats_* / rarities)
S1数值	unit_cs:minions	mass ↔ 官方 mass	2	Minion:mass = 2	ours=2 official=2	一致	coverage-enumerate.py (cards_stats_* / rarities)
S1数值	unit_cs:minions	name_cn (本项目自定列)	-	本项目自定：name_cn	ours=亡灵	允许的差异(本项目自定列)	差异登记 D22 / docs/步骤文档.md §4.2
S1数值	unit_cs:minions	only_buildings ↔ 官方 target_only_buildings	0	Minion:target_only_buildings = 0	ours=0 official=0	一致	coverage-enumerate.py (cards_stats_* / rarities)
S1数值	unit_cs:minions	only_towers ↔ 官方 target_only_towers	0	Minion:target_only_towers = 0	ours=0 official=0	一致	coverage-enumerate.py (cards_stats_* / rarities)
S1数值	unit_cs:minions	only_troops ↔ 官方 target_only_troops	0	Minion:target_only_troops = 0	ours=0 official=0	一致	coverage-enumerate.py (cards_stats_* / rarities)
S1数值	unit_cs:minions	projectile_key ↔ 官方 custom_first_projectile/projectile	MinionSpit	Minion:custom_first_projectile/projectile = MinionSpit	ours=MinionSpit official=MinionSpit	一致	coverage-enumerate.py (cards_stats_* / rarities)
S1数值	unit_cs:minions	radius_mt ↔ 官方 collision_radius	500	Minion:collision_radius = 500	ours=500 official=500	一致	coverage-enumerate.py (cards_stats_* / rarities)
S1数值	unit_cs:minions	range_mt ↔ 官方 range	1600	Minion:range = 1600	ours=1600 official=1600	一致	coverage-enumerate.py (cards_stats_* / rarities)
S1数值	unit_cs:minions	sight_mt ↔ 官方 sight_range	5500	Minion:sight_range = 5500	ours=5500 official=5500	一致	coverage-enumerate.py (cards_stats_* / rarities)
S1数值	unit_cs:minions	spawn_interval_ms ↔ 官方 spawn_interval/spawn_pause_time	0	Minion:spawn_interval/spawn_pause_time = 0	ours=0 official=0	一致	coverage-enumerate.py (cards_stats_* / rarities)
S1数值	unit_cs:minions	spawn_limit ↔ 官方 spawn_limit	0	Minion:spawn_limit = 0	ours=0 official=0	一致	coverage-enumerate.py (cards_stats_* / rarities)
S1数值	unit_cs:minions	spawn_n ↔ 官方 spawn_number	0	Minion:spawn_number = 0	ours=0 official=0	一致	coverage-enumerate.py (cards_stats_* / rarities)
S1数值	unit_cs:minions	spawn_radius_mt ↔ 官方 spawn_radius	0	Minion:spawn_radius = 0	ours=0 official=0	一致	coverage-enumerate.py (cards_stats_* / rarities)
S1数值	unit_cs:minions	speed ↔ 官方 speed	90	Minion:speed = 90	ours=90 official=90	一致	coverage-enumerate.py (cards_stats_* / rarities)
S1数值	unit_cs:minions	sprite_dir (本项目自定列)	-	本项目自定：sprite_dir	ours=chr_minion_out	允许的差异(本项目自定列)	差异登记 D22 / docs/步骤文档.md §4.2
S1数值	unit_cs:minions	summon_deploy_delay_ms (本项目自定列)	-	本项目自定：summon_deploy_delay_ms	ours=100	允许的差异(本项目自定列)	差异登记 D22 / docs/步骤文档.md §4.2
S1数值	unit_cs:minions	summon_key (本项目自定列)	-	本项目自定：summon_key	ours=Minion	允许的差异(本项目自定列)	差异登记 D22 / docs/步骤文档.md §4.2
S1数值	unit_cs:minions	summon_n (本项目自定列)	-	本项目自定：summon_n	ours=3	允许的差异(本项目自定列)	差异登记 D22 / docs/步骤文档.md §4.2
S1数值	unit_cs:minions	summon_radius_mt (本项目自定列)	-	本项目自定：summon_radius_mt	ours=0	允许的差异(本项目自定列)	差异登记 D22 / docs/步骤文档.md §4.2
S1数值	unit_cs:mortar	aoe_radius_mt ↔ 官方 area_damage_radius	0	Mortar:area_damage_radius = 0	ours=0 official=0	一致	coverage-enumerate.py (cards_stats_* / rarities)
S1数值	unit_cs:mortar	atk_air ↔ 官方 attacks_air	0	Mortar:attacks_air = 0	ours=0 official=0	一致	coverage-enumerate.py (cards_stats_* / rarities)
S1数值	unit_cs:mortar	atk_ground ↔ 官方 attacks_ground	1	Mortar:attacks_ground = 1	ours=1 official=1	一致	coverage-enumerate.py (cards_stats_* / rarities)
S1数值	unit_cs:mortar	damage ↔ 官方 damage_per_level	266	Mortar:damage_per_level = 266	ours=266 official=266	一致	coverage-enumerate.py (cards_stats_* / rarities)
S1数值	unit_cs:mortar	death_aoe_radius_mt ↔ 官方 death_damage_radius	0	Mortar:death_damage_radius = 0	ours=0 official=0	一致	coverage-enumerate.py (cards_stats_* / rarities)
S1数值	unit_cs:mortar	death_damage ↔ 官方 death_damage	0	Mortar:death_damage = 0	ours=0 official=0	一致	coverage-enumerate.py (cards_stats_* / rarities)
S1数值	unit_cs:mortar	death_spawn_n ↔ 官方 death_spawn_count	0	Mortar:death_spawn_count = 0	ours=0 official=0	一致	coverage-enumerate.py (cards_stats_* / rarities)
S1数值	unit_cs:mortar	deploy_ms ↔ 官方 deploy_time	3500	Mortar:deploy_time = 3500	ours=3500 official=3500	一致	coverage-enumerate.py (cards_stats_* / rarities)
S1数值	unit_cs:mortar	flying ↔ 官方 flying_height	0	Mortar:flying_height = 0	ours=0 official=0	一致	coverage-enumerate.py (cards_stats_* / rarities)
S1数值	unit_cs:mortar	hit_speed_ms ↔ 官方 hit_speed	5000	Mortar:hit_speed = 5000	ours=5000 official=5000	一致	coverage-enumerate.py (cards_stats_* / rarities)
S1数值	unit_cs:mortar	hp ↔ 官方 hitpoints_per_level	1369	Mortar:hitpoints_per_level = 1369	ours=1369 official=1369	一致	coverage-enumerate.py (cards_stats_* / rarities)
S1数值	unit_cs:mortar	id (本项目自定列)	-	本项目自定：id	ours=26020050	允许的差异(本项目自定列)	差异登记 D22 / docs/步骤文档.md §4.2
S1数值	unit_cs:mortar	key (本项目自定列)	-	本项目自定：key	ours=mortar	允许的差异(本项目自定列)	差异登记 D22 / docs/步骤文档.md §4.2
S1数值	unit_cs:mortar	kind (本项目自定列)	-	本项目自定：kind	ours=1	允许的差异(本项目自定列)	差异登记 D22 / docs/步骤文档.md §4.2
S1数值	unit_cs:mortar	life_ms ↔ 官方 life_time	30000	Mortar:life_time = 30000	ours=30000 official=30000	一致	coverage-enumerate.py (cards_stats_* / rarities)
S1数值	unit_cs:mortar	load_time_ms ↔ 官方 load_time	4000	Mortar:load_time = 4000	ours=4000 official=4000	一致	coverage-enumerate.py (cards_stats_* / rarities)
S1数值	unit_cs:mortar	mass ↔ 官方 mass	0	Mortar:mass = 0	ours=0 official=0	一致	coverage-enumerate.py (cards_stats_* / rarities)
S1数值	unit_cs:mortar	name_cn (本项目自定列)	-	本项目自定：name_cn	ours=迫击炮	允许的差异(本项目自定列)	差异登记 D22 / docs/步骤文档.md §4.2
S1数值	unit_cs:mortar	only_buildings ↔ 官方 target_only_buildings	0	Mortar:target_only_buildings = 0	ours=0 official=0	一致	coverage-enumerate.py (cards_stats_* / rarities)
S1数值	unit_cs:mortar	only_towers ↔ 官方 target_only_towers	0	Mortar:target_only_towers = 0	ours=0 official=0	一致	coverage-enumerate.py (cards_stats_* / rarities)
S1数值	unit_cs:mortar	only_troops ↔ 官方 target_only_troops	0	Mortar:target_only_troops = 0	ours=0 official=0	一致	coverage-enumerate.py (cards_stats_* / rarities)
S1数值	unit_cs:mortar	projectile_key ↔ 官方 custom_first_projectile/projectile	MortarProjectile	Mortar:custom_first_projectile/projectile = MortarProjectile	ours=MortarProjectile official=MortarProjectile	一致	coverage-enumerate.py (cards_stats_* / rarities)
S1数值	unit_cs:mortar	radius_mt ↔ 官方 collision_radius	600	Mortar:collision_radius = 600	ours=600 official=600	一致	coverage-enumerate.py (cards_stats_* / rarities)
S1数值	unit_cs:mortar	range_mt ↔ 官方 range	11500	Mortar:range = 11500	ours=11500 official=11500	一致	coverage-enumerate.py (cards_stats_* / rarities)
S1数值	unit_cs:mortar	sight_mt ↔ 官方 sight_range	11500	Mortar:sight_range = 11500	ours=11500 official=11500	一致	coverage-enumerate.py (cards_stats_* / rarities)
S1数值	unit_cs:mortar	spawn_interval_ms ↔ 官方 spawn_interval/spawn_pause_time	0	Mortar:spawn_interval/spawn_pause_time = 0	ours=0 official=0	一致	coverage-enumerate.py (cards_stats_* / rarities)
S1数值	unit_cs:mortar	spawn_limit ↔ 官方 spawn_limit	0	Mortar:spawn_limit = 0	ours=0 official=0	一致	coverage-enumerate.py (cards_stats_* / rarities)
S1数值	unit_cs:mortar	spawn_n ↔ 官方 spawn_number	0	Mortar:spawn_number = 0	ours=0 official=0	一致	coverage-enumerate.py (cards_stats_* / rarities)
S1数值	unit_cs:mortar	spawn_radius_mt ↔ 官方 spawn_radius	0	Mortar:spawn_radius = 0	ours=0 official=0	一致	coverage-enumerate.py (cards_stats_* / rarities)
S1数值	unit_cs:mortar	speed ↔ 官方 speed	0	Mortar:speed = 0	ours=0 official=0	一致	coverage-enumerate.py (cards_stats_* / rarities)
S1数值	unit_cs:mortar	sprite_dir (本项目自定列)	-	本项目自定：sprite_dir	ours=building_mortar_out	允许的差异(本项目自定列)	差异登记 D22 / docs/步骤文档.md §4.2
S1数值	unit_cs:mortar	summon_deploy_delay_ms (本项目自定列)	-	本项目自定：summon_deploy_delay_ms	ours=0	允许的差异(本项目自定列)	差异登记 D22 / docs/步骤文档.md §4.2
S1数值	unit_cs:mortar	summon_key (本项目自定列)	-	本项目自定：summon_key	ours=	允许的差异(本项目自定列)	差异登记 D22 / docs/步骤文档.md §4.2
S1数值	unit_cs:mortar	summon_n (本项目自定列)	-	本项目自定：summon_n	ours=0	允许的差异(本项目自定列)	差异登记 D22 / docs/步骤文档.md §4.2
S1数值	unit_cs:mortar	summon_radius_mt (本项目自定列)	-	本项目自定：summon_radius_mt	ours=0	允许的差异(本项目自定列)	差异登记 D22 / docs/步骤文档.md §4.2
S1数值	unit_cs:musketeer	aoe_radius_mt ↔ 官方 area_damage_radius	0	Musketeer:area_damage_radius = 0	ours=0 official=0	一致	coverage-enumerate.py (cards_stats_* / rarities)
S1数值	unit_cs:musketeer	atk_air ↔ 官方 attacks_air	1	Musketeer:attacks_air = 1	ours=1 official=1	一致	coverage-enumerate.py (cards_stats_* / rarities)
S1数值	unit_cs:musketeer	atk_ground ↔ 官方 attacks_ground	1	Musketeer:attacks_ground = 1	ours=1 official=1	一致	coverage-enumerate.py (cards_stats_* / rarities)
S1数值	unit_cs:musketeer	damage ↔ 官方 damage_per_level	218	Musketeer:damage_per_level = 218	ours=218 official=218	一致	coverage-enumerate.py (cards_stats_* / rarities)
S1数值	unit_cs:musketeer	death_aoe_radius_mt ↔ 官方 death_damage_radius	0	Musketeer:death_damage_radius = 0	ours=0 official=0	一致	coverage-enumerate.py (cards_stats_* / rarities)
S1数值	unit_cs:musketeer	death_damage ↔ 官方 death_damage	0	Musketeer:death_damage = 0	ours=0 official=0	一致	coverage-enumerate.py (cards_stats_* / rarities)
S1数值	unit_cs:musketeer	death_spawn_n ↔ 官方 death_spawn_count	0	Musketeer:death_spawn_count = 0	ours=0 official=0	一致	coverage-enumerate.py (cards_stats_* / rarities)
S1数值	unit_cs:musketeer	deploy_ms ↔ 官方 deploy_time	1000	Musketeer:deploy_time = 1000	ours=1000 official=1000	一致	coverage-enumerate.py (cards_stats_* / rarities)
S1数值	unit_cs:musketeer	flying ↔ 官方 flying_height	0	Musketeer:flying_height = 0	ours=0 official=0	一致	coverage-enumerate.py (cards_stats_* / rarities)
S1数值	unit_cs:musketeer	hit_speed_ms ↔ 官方 hit_speed	1000	Musketeer:hit_speed = 1000	ours=1000 official=1000	一致	coverage-enumerate.py (cards_stats_* / rarities)
S1数值	unit_cs:musketeer	hp ↔ 官方 hitpoints_per_level	720	Musketeer:hitpoints_per_level = 720	ours=720 official=720	一致	coverage-enumerate.py (cards_stats_* / rarities)
S1数值	unit_cs:musketeer	id (本项目自定列)	-	本项目自定：id	ours=26020022	允许的差异(本项目自定列)	差异登记 D22 / docs/步骤文档.md §4.2
S1数值	unit_cs:musketeer	key (本项目自定列)	-	本项目自定：key	ours=musketeer	允许的差异(本项目自定列)	差异登记 D22 / docs/步骤文档.md §4.2
S1数值	unit_cs:musketeer	kind (本项目自定列)	-	本项目自定：kind	ours=0	允许的差异(本项目自定列)	差异登记 D22 / docs/步骤文档.md §4.2
S1数值	unit_cs:musketeer	life_ms ↔ 官方 life_time	0	Musketeer:life_time = 0	ours=0 official=0	一致	coverage-enumerate.py (cards_stats_* / rarities)
S1数值	unit_cs:musketeer	load_time_ms ↔ 官方 load_time	200	Musketeer:load_time = 200	ours=200 official=200	一致	coverage-enumerate.py (cards_stats_* / rarities)
S1数值	unit_cs:musketeer	mass ↔ 官方 mass	5	Musketeer:mass = 5	ours=5 official=5	一致	coverage-enumerate.py (cards_stats_* / rarities)
S1数值	unit_cs:musketeer	name_cn (本项目自定列)	-	本项目自定：name_cn	ours=火枪手	允许的差异(本项目自定列)	差异登记 D22 / docs/步骤文档.md §4.2
S1数值	unit_cs:musketeer	only_buildings ↔ 官方 target_only_buildings	0	Musketeer:target_only_buildings = 0	ours=0 official=0	一致	coverage-enumerate.py (cards_stats_* / rarities)
S1数值	unit_cs:musketeer	only_towers ↔ 官方 target_only_towers	0	Musketeer:target_only_towers = 0	ours=0 official=0	一致	coverage-enumerate.py (cards_stats_* / rarities)
S1数值	unit_cs:musketeer	only_troops ↔ 官方 target_only_troops	0	Musketeer:target_only_troops = 0	ours=0 official=0	一致	coverage-enumerate.py (cards_stats_* / rarities)
S1数值	unit_cs:musketeer	projectile_key ↔ 官方 custom_first_projectile/projectile	MusketeerProjectile	Musketeer:custom_first_projectile/projectile = MusketeerProjectile	ours=MusketeerProjectile official=MusketeerProjectile	一致	coverage-enumerate.py (cards_stats_* / rarities)
S1数值	unit_cs:musketeer	radius_mt ↔ 官方 collision_radius	500	Musketeer:collision_radius = 500	ours=500 official=500	一致	coverage-enumerate.py (cards_stats_* / rarities)
S1数值	unit_cs:musketeer	range_mt ↔ 官方 range	6000	Musketeer:range = 6000	ours=6000 official=6000	一致	coverage-enumerate.py (cards_stats_* / rarities)
S1数值	unit_cs:musketeer	sight_mt ↔ 官方 sight_range	6000	Musketeer:sight_range = 6000	ours=6000 official=6000	一致	coverage-enumerate.py (cards_stats_* / rarities)
S1数值	unit_cs:musketeer	spawn_interval_ms ↔ 官方 spawn_interval/spawn_pause_time	0	Musketeer:spawn_interval/spawn_pause_time = 0	ours=0 official=0	一致	coverage-enumerate.py (cards_stats_* / rarities)
S1数值	unit_cs:musketeer	spawn_limit ↔ 官方 spawn_limit	0	Musketeer:spawn_limit = 0	ours=0 official=0	一致	coverage-enumerate.py (cards_stats_* / rarities)
S1数值	unit_cs:musketeer	spawn_n ↔ 官方 spawn_number	0	Musketeer:spawn_number = 0	ours=0 official=0	一致	coverage-enumerate.py (cards_stats_* / rarities)
S1数值	unit_cs:musketeer	spawn_radius_mt ↔ 官方 spawn_radius	800	Musketeer:spawn_radius = 800	ours=800 official=800	一致	coverage-enumerate.py (cards_stats_* / rarities)
S1数值	unit_cs:musketeer	speed ↔ 官方 speed	60	Musketeer:speed = 60	ours=60 official=60	一致	coverage-enumerate.py (cards_stats_* / rarities)
S1数值	unit_cs:musketeer	sprite_dir (本项目自定列)	-	本项目自定：sprite_dir	ours=chr_musketeer_out	允许的差异(本项目自定列)	差异登记 D22 / docs/步骤文档.md §4.2
S1数值	unit_cs:musketeer	summon_deploy_delay_ms (本项目自定列)	-	本项目自定：summon_deploy_delay_ms	ours=0	允许的差异(本项目自定列)	差异登记 D22 / docs/步骤文档.md §4.2
S1数值	unit_cs:musketeer	summon_key (本项目自定列)	-	本项目自定：summon_key	ours=musketeer	允许的差异(本项目自定列)	差异登记 D22 / docs/步骤文档.md §4.2
S1数值	unit_cs:musketeer	summon_n (本项目自定列)	-	本项目自定：summon_n	ours=1	允许的差异(本项目自定列)	差异登记 D22 / docs/步骤文档.md §4.2
S1数值	unit_cs:musketeer	summon_radius_mt (本项目自定列)	-	本项目自定：summon_radius_mt	ours=0	允许的差异(本项目自定列)	差异登记 D22 / docs/步骤文档.md §4.2
S1数值	unit_cs:pekka	aoe_radius_mt ↔ 官方 area_damage_radius	0	Pekka:area_damage_radius = 0	ours=0 official=0	一致	coverage-enumerate.py (cards_stats_* / rarities)
S1数值	unit_cs:pekka	atk_air ↔ 官方 attacks_air	0	Pekka:attacks_air = 0	ours=0 official=0	一致	coverage-enumerate.py (cards_stats_* / rarities)
S1数值	unit_cs:pekka	atk_ground ↔ 官方 attacks_ground	1	Pekka:attacks_ground = 1	ours=1 official=1	一致	coverage-enumerate.py (cards_stats_* / rarities)
S1数值	unit_cs:pekka	damage ↔ 官方 damage_per_level	816	Pekka:damage_per_level = 816	ours=816 official=816	一致	coverage-enumerate.py (cards_stats_* / rarities)
S1数值	unit_cs:pekka	death_aoe_radius_mt ↔ 官方 death_damage_radius	0	Pekka:death_damage_radius = 0	ours=0 official=0	一致	coverage-enumerate.py (cards_stats_* / rarities)
S1数值	unit_cs:pekka	death_damage ↔ 官方 death_damage	0	Pekka:death_damage = 0	ours=0 official=0	一致	coverage-enumerate.py (cards_stats_* / rarities)
S1数值	unit_cs:pekka	death_spawn_n ↔ 官方 death_spawn_count	0	Pekka:death_spawn_count = 0	ours=0 official=0	一致	coverage-enumerate.py (cards_stats_* / rarities)
S1数值	unit_cs:pekka	deploy_ms ↔ 官方 deploy_time	1000	Pekka:deploy_time = 1000	ours=1000 official=1000	一致	coverage-enumerate.py (cards_stats_* / rarities)
S1数值	unit_cs:pekka	flying ↔ 官方 flying_height	0	Pekka:flying_height = 0	ours=0 official=0	一致	coverage-enumerate.py (cards_stats_* / rarities)
S1数值	unit_cs:pekka	hit_speed_ms ↔ 官方 hit_speed	1800	Pekka:hit_speed = 1800	ours=1800 official=1800	一致	coverage-enumerate.py (cards_stats_* / rarities)
S1数值	unit_cs:pekka	hp ↔ 官方 hitpoints_per_level	3760	Pekka:hitpoints_per_level = 3760	ours=3760 official=3760	一致	coverage-enumerate.py (cards_stats_* / rarities)
S1数值	unit_cs:pekka	id (本项目自定列)	-	本项目自定：id	ours=26020009	允许的差异(本项目自定列)	差异登记 D22 / docs/步骤文档.md §4.2
S1数值	unit_cs:pekka	key (本项目自定列)	-	本项目自定：key	ours=pekka	允许的差异(本项目自定列)	差异登记 D22 / docs/步骤文档.md §4.2
S1数值	unit_cs:pekka	kind (本项目自定列)	-	本项目自定：kind	ours=0	允许的差异(本项目自定列)	差异登记 D22 / docs/步骤文档.md §4.2
S1数值	unit_cs:pekka	life_ms ↔ 官方 life_time	0	Pekka:life_time = 0	ours=0 official=0	一致	coverage-enumerate.py (cards_stats_* / rarities)
S1数值	unit_cs:pekka	load_time_ms ↔ 官方 load_time	1300	Pekka:load_time = 1300	ours=1300 official=1300	一致	coverage-enumerate.py (cards_stats_* / rarities)
S1数值	unit_cs:pekka	mass ↔ 官方 mass	18	Pekka:mass = 18	ours=18 official=18	一致	coverage-enumerate.py (cards_stats_* / rarities)
S1数值	unit_cs:pekka	name_cn (本项目自定列)	-	本项目自定：name_cn	ours=皮卡超人	允许的差异(本项目自定列)	差异登记 D22 / docs/步骤文档.md §4.2
S1数值	unit_cs:pekka	only_buildings ↔ 官方 target_only_buildings	0	Pekka:target_only_buildings = 0	ours=0 official=0	一致	coverage-enumerate.py (cards_stats_* / rarities)
S1数值	unit_cs:pekka	only_towers ↔ 官方 target_only_towers	0	Pekka:target_only_towers = 0	ours=0 official=0	一致	coverage-enumerate.py (cards_stats_* / rarities)
S1数值	unit_cs:pekka	only_troops ↔ 官方 target_only_troops	0	Pekka:target_only_troops = 0	ours=0 official=0	一致	coverage-enumerate.py (cards_stats_* / rarities)
S1数值	unit_cs:pekka	radius_mt ↔ 官方 collision_radius	750	Pekka:collision_radius = 750	ours=750 official=750	一致	coverage-enumerate.py (cards_stats_* / rarities)
S1数值	unit_cs:pekka	range_mt ↔ 官方 range	1200	Pekka:range = 1200	ours=1200 official=1200	一致	coverage-enumerate.py (cards_stats_* / rarities)
S1数值	unit_cs:pekka	sight_mt ↔ 官方 sight_range	5000	Pekka:sight_range = 5000	ours=5000 official=5000	一致	coverage-enumerate.py (cards_stats_* / rarities)
S1数值	unit_cs:pekka	spawn_interval_ms ↔ 官方 spawn_interval/spawn_pause_time	0	Pekka:spawn_interval/spawn_pause_time = 0	ours=0 official=0	一致	coverage-enumerate.py (cards_stats_* / rarities)
S1数值	unit_cs:pekka	spawn_limit ↔ 官方 spawn_limit	0	Pekka:spawn_limit = 0	ours=0 official=0	一致	coverage-enumerate.py (cards_stats_* / rarities)
S1数值	unit_cs:pekka	spawn_n ↔ 官方 spawn_number	0	Pekka:spawn_number = 0	ours=0 official=0	一致	coverage-enumerate.py (cards_stats_* / rarities)
S1数值	unit_cs:pekka	spawn_radius_mt ↔ 官方 spawn_radius	0	Pekka:spawn_radius = 0	ours=0 official=0	一致	coverage-enumerate.py (cards_stats_* / rarities)
S1数值	unit_cs:pekka	speed ↔ 官方 speed	45	Pekka:speed = 45	ours=45 official=45	一致	coverage-enumerate.py (cards_stats_* / rarities)
S1数值	unit_cs:pekka	sprite_dir (本项目自定列)	-	本项目自定：sprite_dir	ours=chr_pekka_out	允许的差异(本项目自定列)	差异登记 D22 / docs/步骤文档.md §4.2
S1数值	unit_cs:pekka	summon_deploy_delay_ms (本项目自定列)	-	本项目自定：summon_deploy_delay_ms	ours=0	允许的差异(本项目自定列)	差异登记 D22 / docs/步骤文档.md §4.2
S1数值	unit_cs:pekka	summon_key (本项目自定列)	-	本项目自定：summon_key	ours=pekka	允许的差异(本项目自定列)	差异登记 D22 / docs/步骤文档.md §4.2
S1数值	unit_cs:pekka	summon_n (本项目自定列)	-	本项目自定：summon_n	ours=1	允许的差异(本项目自定列)	差异登记 D22 / docs/步骤文档.md §4.2
S1数值	unit_cs:pekka	summon_radius_mt (本项目自定列)	-	本项目自定：summon_radius_mt	ours=0	允许的差异(本项目自定列)	差异登记 D22 / docs/步骤文档.md §4.2
S1数值	unit_cs:prince	aoe_radius_mt ↔ 官方 area_damage_radius	0	Prince:area_damage_radius = 0	ours=0 official=0	一致	coverage-enumerate.py (cards_stats_* / rarities)
S1数值	unit_cs:prince	atk_air ↔ 官方 attacks_air	0	Prince:attacks_air = 0	ours=0 official=0	一致	coverage-enumerate.py (cards_stats_* / rarities)
S1数值	unit_cs:prince	atk_ground ↔ 官方 attacks_ground	1	Prince:attacks_ground = 1	ours=1 official=1	一致	coverage-enumerate.py (cards_stats_* / rarities)
S1数值	unit_cs:prince	damage ↔ 官方 damage_per_level	392	Prince:damage_per_level = 392	ours=392 official=392	一致	coverage-enumerate.py (cards_stats_* / rarities)
S1数值	unit_cs:prince	death_aoe_radius_mt ↔ 官方 death_damage_radius	0	Prince:death_damage_radius = 0	ours=0 official=0	一致	coverage-enumerate.py (cards_stats_* / rarities)
S1数值	unit_cs:prince	death_damage ↔ 官方 death_damage	0	Prince:death_damage = 0	ours=0 official=0	一致	coverage-enumerate.py (cards_stats_* / rarities)
S1数值	unit_cs:prince	death_spawn_n ↔ 官方 death_spawn_count	0	Prince:death_spawn_count = 0	ours=0 official=0	一致	coverage-enumerate.py (cards_stats_* / rarities)
S1数值	unit_cs:prince	deploy_ms ↔ 官方 deploy_time	1000	Prince:deploy_time = 1000	ours=1000 official=1000	一致	coverage-enumerate.py (cards_stats_* / rarities)
S1数值	unit_cs:prince	flying ↔ 官方 flying_height	0	Prince:flying_height = 0	ours=0 official=0	一致	coverage-enumerate.py (cards_stats_* / rarities)
S1数值	unit_cs:prince	hit_speed_ms ↔ 官方 hit_speed	1400	Prince:hit_speed = 1400	ours=1400 official=1400	一致	coverage-enumerate.py (cards_stats_* / rarities)
S1数值	unit_cs:prince	hp ↔ 官方 hitpoints_per_level	1920	Prince:hitpoints_per_level = 1920	ours=1920 official=1920	一致	coverage-enumerate.py (cards_stats_* / rarities)
S1数值	unit_cs:prince	id (本项目自定列)	-	本项目自定：id	ours=26020024	允许的差异(本项目自定列)	差异登记 D22 / docs/步骤文档.md §4.2
S1数值	unit_cs:prince	key (本项目自定列)	-	本项目自定：key	ours=prince	允许的差异(本项目自定列)	差异登记 D22 / docs/步骤文档.md §4.2
S1数值	unit_cs:prince	kind (本项目自定列)	-	本项目自定：kind	ours=0	允许的差异(本项目自定列)	差异登记 D22 / docs/步骤文档.md §4.2
S1数值	unit_cs:prince	life_ms ↔ 官方 life_time	0	Prince:life_time = 0	ours=0 official=0	一致	coverage-enumerate.py (cards_stats_* / rarities)
S1数值	unit_cs:prince	load_time_ms ↔ 官方 load_time	900	Prince:load_time = 900	ours=900 official=900	一致	coverage-enumerate.py (cards_stats_* / rarities)
S1数值	unit_cs:prince	mass ↔ 官方 mass	6	Prince:mass = 6	ours=6 official=6	一致	coverage-enumerate.py (cards_stats_* / rarities)
S1数值	unit_cs:prince	name_cn (本项目自定列)	-	本项目自定：name_cn	ours=王子	允许的差异(本项目自定列)	差异登记 D22 / docs/步骤文档.md §4.2
S1数值	unit_cs:prince	only_buildings ↔ 官方 target_only_buildings	0	Prince:target_only_buildings = 0	ours=0 official=0	一致	coverage-enumerate.py (cards_stats_* / rarities)
S1数值	unit_cs:prince	only_towers ↔ 官方 target_only_towers	0	Prince:target_only_towers = 0	ours=0 official=0	一致	coverage-enumerate.py (cards_stats_* / rarities)
S1数值	unit_cs:prince	only_troops ↔ 官方 target_only_troops	0	Prince:target_only_troops = 0	ours=0 official=0	一致	coverage-enumerate.py (cards_stats_* / rarities)
S1数值	unit_cs:prince	radius_mt ↔ 官方 collision_radius	600	Prince:collision_radius = 600	ours=600 official=600	一致	coverage-enumerate.py (cards_stats_* / rarities)
S1数值	unit_cs:prince	range_mt ↔ 官方 range	1600	Prince:range = 1600	ours=1600 official=1600	一致	coverage-enumerate.py (cards_stats_* / rarities)
S1数值	unit_cs:prince	sight_mt ↔ 官方 sight_range	5500	Prince:sight_range = 5500	ours=5500 official=5500	一致	coverage-enumerate.py (cards_stats_* / rarities)
S1数值	unit_cs:prince	spawn_interval_ms ↔ 官方 spawn_interval/spawn_pause_time	0	Prince:spawn_interval/spawn_pause_time = 0	ours=0 official=0	一致	coverage-enumerate.py (cards_stats_* / rarities)
S1数值	unit_cs:prince	spawn_limit ↔ 官方 spawn_limit	0	Prince:spawn_limit = 0	ours=0 official=0	一致	coverage-enumerate.py (cards_stats_* / rarities)
S1数值	unit_cs:prince	spawn_n ↔ 官方 spawn_number	0	Prince:spawn_number = 0	ours=0 official=0	一致	coverage-enumerate.py (cards_stats_* / rarities)
S1数值	unit_cs:prince	spawn_radius_mt ↔ 官方 spawn_radius	0	Prince:spawn_radius = 0	ours=0 official=0	一致	coverage-enumerate.py (cards_stats_* / rarities)
S1数值	unit_cs:prince	speed ↔ 官方 speed	60	Prince:speed = 60	ours=60 official=60	一致	coverage-enumerate.py (cards_stats_* / rarities)
S1数值	unit_cs:prince	sprite_dir (本项目自定列)	-	本项目自定：sprite_dir	ours=chr_prince_out	允许的差异(本项目自定列)	差异登记 D22 / docs/步骤文档.md §4.2
S1数值	unit_cs:prince	summon_deploy_delay_ms (本项目自定列)	-	本项目自定：summon_deploy_delay_ms	ours=0	允许的差异(本项目自定列)	差异登记 D22 / docs/步骤文档.md §4.2
S1数值	unit_cs:prince	summon_key (本项目自定列)	-	本项目自定：summon_key	ours=prince	允许的差异(本项目自定列)	差异登记 D22 / docs/步骤文档.md §4.2
S1数值	unit_cs:prince	summon_n (本项目自定列)	-	本项目自定：summon_n	ours=1	允许的差异(本项目自定列)	差异登记 D22 / docs/步骤文档.md §4.2
S1数值	unit_cs:prince	summon_radius_mt (本项目自定列)	-	本项目自定：summon_radius_mt	ours=0	允许的差异(本项目自定列)	差异登记 D22 / docs/步骤文档.md §4.2
S1数值	unit_cs:princess	aoe_radius_mt ↔ 官方 area_damage_radius	2500	Princess:area_damage_radius = 2500	ours=2500 official=2500	一致	coverage-enumerate.py (cards_stats_* / rarities)
S1数值	unit_cs:princess	atk_air ↔ 官方 attacks_air	1	Princess:attacks_air = 1	ours=1 official=1	一致	coverage-enumerate.py (cards_stats_* / rarities)
S1数值	unit_cs:princess	atk_ground ↔ 官方 attacks_ground	1	Princess:attacks_ground = 1	ours=1 official=1	一致	coverage-enumerate.py (cards_stats_* / rarities)
S1数值	unit_cs:princess	death_aoe_radius_mt ↔ 官方 death_damage_radius	0	Princess:death_damage_radius = 0	ours=0 official=0	一致	coverage-enumerate.py (cards_stats_* / rarities)
S1数值	unit_cs:princess	death_damage ↔ 官方 death_damage	0	Princess:death_damage = 0	ours=0 official=0	一致	coverage-enumerate.py (cards_stats_* / rarities)
S1数值	unit_cs:princess	death_spawn_n ↔ 官方 death_spawn_count	0	Princess:death_spawn_count = 0	ours=0 official=0	一致	coverage-enumerate.py (cards_stats_* / rarities)
S1数值	unit_cs:princess	deploy_ms ↔ 官方 deploy_time	1000	Princess:deploy_time = 1000	ours=1000 official=1000	一致	coverage-enumerate.py (cards_stats_* / rarities)
S1数值	unit_cs:princess	flying ↔ 官方 flying_height	0	Princess:flying_height = 0	ours=0 official=0	一致	coverage-enumerate.py (cards_stats_* / rarities)
S1数值	unit_cs:princess	hit_speed_ms ↔ 官方 hit_speed	3000	Princess:hit_speed = 3000	ours=3000 official=3000	一致	coverage-enumerate.py (cards_stats_* / rarities)
S1数值	unit_cs:princess	hp ↔ 官方 hitpoints_per_level	261	Princess:hitpoints_per_level = 261	ours=261 official=261	一致	coverage-enumerate.py (cards_stats_* / rarities)
S1数值	unit_cs:princess	id (本项目自定列)	-	本项目自定：id	ours=26020031	允许的差异(本项目自定列)	差异登记 D22 / docs/步骤文档.md §4.2
S1数值	unit_cs:princess	key (本项目自定列)	-	本项目自定：key	ours=princess	允许的差异(本项目自定列)	差异登记 D22 / docs/步骤文档.md §4.2
S1数值	unit_cs:princess	kind (本项目自定列)	-	本项目自定：kind	ours=0	允许的差异(本项目自定列)	差异登记 D22 / docs/步骤文档.md §4.2
S1数值	unit_cs:princess	life_ms ↔ 官方 life_time	0	Princess:life_time = 0	ours=0 official=0	一致	coverage-enumerate.py (cards_stats_* / rarities)
S1数值	unit_cs:princess	load_time_ms ↔ 官方 load_time	2500	Princess:load_time = 2500	ours=2500 official=2500	一致	coverage-enumerate.py (cards_stats_* / rarities)
S1数值	unit_cs:princess	mass ↔ 官方 mass	3	Princess:mass = 3	ours=3 official=3	一致	coverage-enumerate.py (cards_stats_* / rarities)
S1数值	unit_cs:princess	name_cn (本项目自定列)	-	本项目自定：name_cn	ours=公主	允许的差异(本项目自定列)	差异登记 D22 / docs/步骤文档.md §4.2
S1数值	unit_cs:princess	only_buildings ↔ 官方 target_only_buildings	0	Princess:target_only_buildings = 0	ours=0 official=0	一致	coverage-enumerate.py (cards_stats_* / rarities)
S1数值	unit_cs:princess	only_towers ↔ 官方 target_only_towers	0	Princess:target_only_towers = 0	ours=0 official=0	一致	coverage-enumerate.py (cards_stats_* / rarities)
S1数值	unit_cs:princess	only_troops ↔ 官方 target_only_troops	0	Princess:target_only_troops = 0	ours=0 official=0	一致	coverage-enumerate.py (cards_stats_* / rarities)
S1数值	unit_cs:princess	projectile_key ↔ 官方 custom_first_projectile/projectile	PrincessProjectile	Princess:custom_first_projectile/projectile = PrincessProjectile	ours=PrincessProjectile official=PrincessProjectile	一致	coverage-enumerate.py (cards_stats_* / rarities)
S1数值	unit_cs:princess	radius_mt ↔ 官方 collision_radius	500	Princess:collision_radius = 500	ours=500 official=500	一致	coverage-enumerate.py (cards_stats_* / rarities)
S1数值	unit_cs:princess	range_mt ↔ 官方 range	9000	Princess:range = 9000	ours=9000 official=9000	一致	coverage-enumerate.py (cards_stats_* / rarities)
S1数值	unit_cs:princess	sight_mt ↔ 官方 sight_range	9500	Princess:sight_range = 9500	ours=9500 official=9500	一致	coverage-enumerate.py (cards_stats_* / rarities)
S1数值	unit_cs:princess	spawn_interval_ms ↔ 官方 spawn_interval/spawn_pause_time	0	Princess:spawn_interval/spawn_pause_time = 0	ours=0 official=0	一致	coverage-enumerate.py (cards_stats_* / rarities)
S1数值	unit_cs:princess	spawn_limit ↔ 官方 spawn_limit	0	Princess:spawn_limit = 0	ours=0 official=0	一致	coverage-enumerate.py (cards_stats_* / rarities)
S1数值	unit_cs:princess	spawn_n ↔ 官方 spawn_number	0	Princess:spawn_number = 0	ours=0 official=0	一致	coverage-enumerate.py (cards_stats_* / rarities)
S1数值	unit_cs:princess	spawn_radius_mt ↔ 官方 spawn_radius	0	Princess:spawn_radius = 0	ours=0 official=0	一致	coverage-enumerate.py (cards_stats_* / rarities)
S1数值	unit_cs:princess	speed ↔ 官方 speed	60	Princess:speed = 60	ours=60 official=60	一致	coverage-enumerate.py (cards_stats_* / rarities)
S1数值	unit_cs:princess	sprite_dir (本项目自定列)	-	本项目自定：sprite_dir	ours=chr_princess_out	允许的差异(本项目自定列)	差异登记 D22 / docs/步骤文档.md §4.2
S1数值	unit_cs:princess	summon_deploy_delay_ms (本项目自定列)	-	本项目自定：summon_deploy_delay_ms	ours=0	允许的差异(本项目自定列)	差异登记 D22 / docs/步骤文档.md §4.2
S1数值	unit_cs:princess	summon_key (本项目自定列)	-	本项目自定：summon_key	ours=princess	允许的差异(本项目自定列)	差异登记 D22 / docs/步骤文档.md §4.2
S1数值	unit_cs:princess	summon_n (本项目自定列)	-	本项目自定：summon_n	ours=1	允许的差异(本项目自定列)	差异登记 D22 / docs/步骤文档.md §4.2
S1数值	unit_cs:princess	summon_radius_mt (本项目自定列)	-	本项目自定：summon_radius_mt	ours=0	允许的差异(本项目自定列)	差异登记 D22 / docs/步骤文档.md §4.2
S1数值	unit_cs:royal-giant	aoe_radius_mt ↔ 官方 area_damage_radius	0	RoyalGiant:area_damage_radius = 0	ours=0 official=0	一致	coverage-enumerate.py (cards_stats_* / rarities)
S1数值	unit_cs:royal-giant	atk_air ↔ 官方 attacks_air	0	RoyalGiant:attacks_air = 0	ours=0 official=0	一致	coverage-enumerate.py (cards_stats_* / rarities)
S1数值	unit_cs:royal-giant	atk_ground ↔ 官方 attacks_ground	1	RoyalGiant:attacks_ground = 1	ours=1 official=1	一致	coverage-enumerate.py (cards_stats_* / rarities)
S1数值	unit_cs:royal-giant	damage ↔ 官方 damage_per_level	307	RoyalGiant:damage_per_level = 307	ours=307 official=307	一致	coverage-enumerate.py (cards_stats_* / rarities)
S1数值	unit_cs:royal-giant	death_aoe_radius_mt ↔ 官方 death_damage_radius	0	RoyalGiant:death_damage_radius = 0	ours=0 official=0	一致	coverage-enumerate.py (cards_stats_* / rarities)
S1数值	unit_cs:royal-giant	death_damage ↔ 官方 death_damage	0	RoyalGiant:death_damage = 0	ours=0 official=0	一致	coverage-enumerate.py (cards_stats_* / rarities)
S1数值	unit_cs:royal-giant	death_spawn_n ↔ 官方 death_spawn_count	0	RoyalGiant:death_spawn_count = 0	ours=0 official=0	一致	coverage-enumerate.py (cards_stats_* / rarities)
S1数值	unit_cs:royal-giant	deploy_ms ↔ 官方 deploy_time	1000	RoyalGiant:deploy_time = 1000	ours=1000 official=1000	一致	coverage-enumerate.py (cards_stats_* / rarities)
S1数值	unit_cs:royal-giant	flying ↔ 官方 flying_height	0	RoyalGiant:flying_height = 0	ours=0 official=0	一致	coverage-enumerate.py (cards_stats_* / rarities)
S1数值	unit_cs:royal-giant	hit_speed_ms ↔ 官方 hit_speed	1700	RoyalGiant:hit_speed = 1700	ours=1700 official=1700	一致	coverage-enumerate.py (cards_stats_* / rarities)
S1数值	unit_cs:royal-giant	hp ↔ 官方 hitpoints_per_level	3072	RoyalGiant:hitpoints_per_level = 3072	ours=3072 official=3072	一致	coverage-enumerate.py (cards_stats_* / rarities)
S1数值	unit_cs:royal-giant	id (本项目自定列)	-	本项目自定：id	ours=26020030	允许的差异(本项目自定列)	差异登记 D22 / docs/步骤文档.md §4.2
S1数值	unit_cs:royal-giant	key (本项目自定列)	-	本项目自定：key	ours=royal-giant	允许的差异(本项目自定列)	差异登记 D22 / docs/步骤文档.md §4.2
S1数值	unit_cs:royal-giant	kind (本项目自定列)	-	本项目自定：kind	ours=0	允许的差异(本项目自定列)	差异登记 D22 / docs/步骤文档.md §4.2
S1数值	unit_cs:royal-giant	life_ms ↔ 官方 life_time	0	RoyalGiant:life_time = 0	ours=0 official=0	一致	coverage-enumerate.py (cards_stats_* / rarities)
S1数值	unit_cs:royal-giant	load_time_ms ↔ 官方 load_time	800	RoyalGiant:load_time = 800	ours=800 official=800	一致	coverage-enumerate.py (cards_stats_* / rarities)
S1数值	unit_cs:royal-giant	mass ↔ 官方 mass	18	RoyalGiant:mass = 18	ours=18 official=18	一致	coverage-enumerate.py (cards_stats_* / rarities)
S1数值	unit_cs:royal-giant	name_cn (本项目自定列)	-	本项目自定：name_cn	ours=皇家巨人	允许的差异(本项目自定列)	差异登记 D22 / docs/步骤文档.md §4.2
S1数值	unit_cs:royal-giant	only_buildings ↔ 官方 target_only_buildings	1	RoyalGiant:target_only_buildings = 1	ours=1 official=1	一致	coverage-enumerate.py (cards_stats_* / rarities)
S1数值	unit_cs:royal-giant	only_towers ↔ 官方 target_only_towers	0	RoyalGiant:target_only_towers = 0	ours=0 official=0	一致	coverage-enumerate.py (cards_stats_* / rarities)
S1数值	unit_cs:royal-giant	only_troops ↔ 官方 target_only_troops	0	RoyalGiant:target_only_troops = 0	ours=0 official=0	一致	coverage-enumerate.py (cards_stats_* / rarities)
S1数值	unit_cs:royal-giant	projectile_key ↔ 官方 custom_first_projectile/projectile	RoyalGiantProjectile	RoyalGiant:custom_first_projectile/projectile = RoyalGiantProjectile	ours=RoyalGiantProjectile official=RoyalGiantProjectile	一致	coverage-enumerate.py (cards_stats_* / rarities)
S1数值	unit_cs:royal-giant	radius_mt ↔ 官方 collision_radius	750	RoyalGiant:collision_radius = 750	ours=750 official=750	一致	coverage-enumerate.py (cards_stats_* / rarities)
S1数值	unit_cs:royal-giant	range_mt ↔ 官方 range	5000	RoyalGiant:range = 5000	ours=5000 official=5000	一致	coverage-enumerate.py (cards_stats_* / rarities)
S1数值	unit_cs:royal-giant	sight_mt ↔ 官方 sight_range	7500	RoyalGiant:sight_range = 7500	ours=7500 official=7500	一致	coverage-enumerate.py (cards_stats_* / rarities)
S1数值	unit_cs:royal-giant	spawn_interval_ms ↔ 官方 spawn_interval/spawn_pause_time	0	RoyalGiant:spawn_interval/spawn_pause_time = 0	ours=0 official=0	一致	coverage-enumerate.py (cards_stats_* / rarities)
S1数值	unit_cs:royal-giant	spawn_limit ↔ 官方 spawn_limit	0	RoyalGiant:spawn_limit = 0	ours=0 official=0	一致	coverage-enumerate.py (cards_stats_* / rarities)
S1数值	unit_cs:royal-giant	spawn_n ↔ 官方 spawn_number	0	RoyalGiant:spawn_number = 0	ours=0 official=0	一致	coverage-enumerate.py (cards_stats_* / rarities)
S1数值	unit_cs:royal-giant	spawn_radius_mt ↔ 官方 spawn_radius	0	RoyalGiant:spawn_radius = 0	ours=0 official=0	一致	coverage-enumerate.py (cards_stats_* / rarities)
S1数值	unit_cs:royal-giant	speed ↔ 官方 speed	45	RoyalGiant:speed = 45	ours=45 official=45	一致	coverage-enumerate.py (cards_stats_* / rarities)
S1数值	unit_cs:royal-giant	sprite_dir (本项目自定列)	-	本项目自定：sprite_dir	ours=chr_royal_giant_out	允许的差异(本项目自定列)	差异登记 D22 / docs/步骤文档.md §4.2
S1数值	unit_cs:royal-giant	summon_deploy_delay_ms (本项目自定列)	-	本项目自定：summon_deploy_delay_ms	ours=0	允许的差异(本项目自定列)	差异登记 D22 / docs/步骤文档.md §4.2
S1数值	unit_cs:royal-giant	summon_key (本项目自定列)	-	本项目自定：summon_key	ours=royal-giant	允许的差异(本项目自定列)	差异登记 D22 / docs/步骤文档.md §4.2
S1数值	unit_cs:royal-giant	summon_n (本项目自定列)	-	本项目自定：summon_n	ours=1	允许的差异(本项目自定列)	差异登记 D22 / docs/步骤文档.md §4.2
S1数值	unit_cs:royal-giant	summon_radius_mt (本项目自定列)	-	本项目自定：summon_radius_mt	ours=0	允许的差异(本项目自定列)	差异登记 D22 / docs/步骤文档.md §4.2
S1数值	unit_cs:skeleton-army	aoe_radius_mt ↔ 官方 area_damage_radius	0	Skeleton:area_damage_radius = 0	ours=0 official=0	一致	coverage-enumerate.py (cards_stats_* / rarities)
S1数值	unit_cs:skeleton-army	atk_air ↔ 官方 attacks_air	0	Skeleton:attacks_air = 0	ours=0 official=0	一致	coverage-enumerate.py (cards_stats_* / rarities)
S1数值	unit_cs:skeleton-army	atk_ground ↔ 官方 attacks_ground	1	Skeleton:attacks_ground = 1	ours=1 official=1	一致	coverage-enumerate.py (cards_stats_* / rarities)
S1数值	unit_cs:skeleton-army	damage ↔ 官方 damage_per_level	81	Skeleton:damage_per_level = 81	ours=81 official=81	一致	coverage-enumerate.py (cards_stats_* / rarities)
S1数值	unit_cs:skeleton-army	death_aoe_radius_mt ↔ 官方 death_damage_radius	0	Skeleton:death_damage_radius = 0	ours=0 official=0	一致	coverage-enumerate.py (cards_stats_* / rarities)
S1数值	unit_cs:skeleton-army	death_damage ↔ 官方 death_damage	0	Skeleton:death_damage = 0	ours=0 official=0	一致	coverage-enumerate.py (cards_stats_* / rarities)
S1数值	unit_cs:skeleton-army	death_spawn_n ↔ 官方 death_spawn_count	0	Skeleton:death_spawn_count = 0	ours=0 official=0	一致	coverage-enumerate.py (cards_stats_* / rarities)
S1数值	unit_cs:skeleton-army	deploy_ms ↔ 官方 deploy_time	1000	Skeleton:deploy_time = 1000	ours=1000 official=1000	一致	coverage-enumerate.py (cards_stats_* / rarities)
S1数值	unit_cs:skeleton-army	flying ↔ 官方 flying_height	0	Skeleton:flying_height = 0	ours=0 official=0	一致	coverage-enumerate.py (cards_stats_* / rarities)
S1数值	unit_cs:skeleton-army	hit_speed_ms ↔ 官方 hit_speed	1000	Skeleton:hit_speed = 1000	ours=1000 official=1000	一致	coverage-enumerate.py (cards_stats_* / rarities)
S1数值	unit_cs:skeleton-army	hp ↔ 官方 hitpoints_per_level	81	Skeleton:hitpoints_per_level = 81	ours=81 official=81	一致	coverage-enumerate.py (cards_stats_* / rarities)
S1数值	unit_cs:skeleton-army	id (本项目自定列)	-	本项目自定：id	ours=26020019	允许的差异(本项目自定列)	差异登记 D22 / docs/步骤文档.md §4.2
S1数值	unit_cs:skeleton-army	key (本项目自定列)	-	本项目自定：key	ours=skeleton-army	允许的差异(本项目自定列)	差异登记 D22 / docs/步骤文档.md §4.2
S1数值	unit_cs:skeleton-army	kind (本项目自定列)	-	本项目自定：kind	ours=0	允许的差异(本项目自定列)	差异登记 D22 / docs/步骤文档.md §4.2
S1数值	unit_cs:skeleton-army	life_ms ↔ 官方 life_time	0	Skeleton:life_time = 0	ours=0 official=0	一致	coverage-enumerate.py (cards_stats_* / rarities)
S1数值	unit_cs:skeleton-army	load_time_ms ↔ 官方 load_time	500	Skeleton:load_time = 500	ours=500 official=500	一致	coverage-enumerate.py (cards_stats_* / rarities)
S1数值	unit_cs:skeleton-army	mass ↔ 官方 mass	1	Skeleton:mass = 1	ours=1 official=1	一致	coverage-enumerate.py (cards_stats_* / rarities)
S1数值	unit_cs:skeleton-army	name_cn (本项目自定列)	-	本项目自定：name_cn	ours=骷髅军团	允许的差异(本项目自定列)	差异登记 D22 / docs/步骤文档.md §4.2
S1数值	unit_cs:skeleton-army	only_buildings ↔ 官方 target_only_buildings	0	Skeleton:target_only_buildings = 0	ours=0 official=0	一致	coverage-enumerate.py (cards_stats_* / rarities)
S1数值	unit_cs:skeleton-army	only_towers ↔ 官方 target_only_towers	0	Skeleton:target_only_towers = 0	ours=0 official=0	一致	coverage-enumerate.py (cards_stats_* / rarities)
S1数值	unit_cs:skeleton-army	only_troops ↔ 官方 target_only_troops	0	Skeleton:target_only_troops = 0	ours=0 official=0	一致	coverage-enumerate.py (cards_stats_* / rarities)
S1数值	unit_cs:skeleton-army	radius_mt ↔ 官方 collision_radius	500	Skeleton:collision_radius = 500	ours=500 official=500	一致	coverage-enumerate.py (cards_stats_* / rarities)
S1数值	unit_cs:skeleton-army	range_mt ↔ 官方 range	500	Skeleton:range = 500	ours=500 official=500	一致	coverage-enumerate.py (cards_stats_* / rarities)
S1数值	unit_cs:skeleton-army	sight_mt ↔ 官方 sight_range	5500	Skeleton:sight_range = 5500	ours=5500 official=5500	一致	coverage-enumerate.py (cards_stats_* / rarities)
S1数值	unit_cs:skeleton-army	spawn_interval_ms ↔ 官方 spawn_interval/spawn_pause_time	0	Skeleton:spawn_interval/spawn_pause_time = 0	ours=0 official=0	一致	coverage-enumerate.py (cards_stats_* / rarities)
S1数值	unit_cs:skeleton-army	spawn_limit ↔ 官方 spawn_limit	0	Skeleton:spawn_limit = 0	ours=0 official=0	一致	coverage-enumerate.py (cards_stats_* / rarities)
S1数值	unit_cs:skeleton-army	spawn_n ↔ 官方 spawn_number	0	Skeleton:spawn_number = 0	ours=0 official=0	一致	coverage-enumerate.py (cards_stats_* / rarities)
S1数值	unit_cs:skeleton-army	spawn_radius_mt ↔ 官方 spawn_radius	0	Skeleton:spawn_radius = 0	ours=0 official=0	一致	coverage-enumerate.py (cards_stats_* / rarities)
S1数值	unit_cs:skeleton-army	speed ↔ 官方 speed	90	Skeleton:speed = 90	ours=90 official=90	一致	coverage-enumerate.py (cards_stats_* / rarities)
S1数值	unit_cs:skeleton-army	sprite_dir (本项目自定列)	-	本项目自定：sprite_dir	ours=chr_skeleton_out	允许的差异(本项目自定列)	差异登记 D22 / docs/步骤文档.md §4.2
S1数值	unit_cs:skeleton-army	summon_deploy_delay_ms (本项目自定列)	-	本项目自定：summon_deploy_delay_ms	ours=0	允许的差异(本项目自定列)	差异登记 D22 / docs/步骤文档.md §4.2
S1数值	unit_cs:skeleton-army	summon_key (本项目自定列)	-	本项目自定：summon_key	ours=Skeleton	允许的差异(本项目自定列)	差异登记 D22 / docs/步骤文档.md §4.2
S1数值	unit_cs:skeleton-army	summon_n (本项目自定列)	-	本项目自定：summon_n	ours=15	允许的差异(本项目自定列)	差异登记 D22 / docs/步骤文档.md §4.2
S1数值	unit_cs:skeleton-army	summon_radius_mt (本项目自定列)	-	本项目自定：summon_radius_mt	ours=0	允许的差异(本项目自定列)	差异登记 D22 / docs/步骤文档.md §4.2
S1数值	unit_cs:skeletons	aoe_radius_mt ↔ 官方 area_damage_radius	0	Skeleton:area_damage_radius = 0	ours=0 official=0	一致	coverage-enumerate.py (cards_stats_* / rarities)
S1数值	unit_cs:skeletons	atk_air ↔ 官方 attacks_air	0	Skeleton:attacks_air = 0	ours=0 official=0	一致	coverage-enumerate.py (cards_stats_* / rarities)
S1数值	unit_cs:skeletons	atk_ground ↔ 官方 attacks_ground	1	Skeleton:attacks_ground = 1	ours=1 official=1	一致	coverage-enumerate.py (cards_stats_* / rarities)
S1数值	unit_cs:skeletons	damage ↔ 官方 damage_per_level	81	Skeleton:damage_per_level = 81	ours=81 official=81	一致	coverage-enumerate.py (cards_stats_* / rarities)
S1数值	unit_cs:skeletons	death_aoe_radius_mt ↔ 官方 death_damage_radius	0	Skeleton:death_damage_radius = 0	ours=0 official=0	一致	coverage-enumerate.py (cards_stats_* / rarities)
S1数值	unit_cs:skeletons	death_damage ↔ 官方 death_damage	0	Skeleton:death_damage = 0	ours=0 official=0	一致	coverage-enumerate.py (cards_stats_* / rarities)
S1数值	unit_cs:skeletons	death_spawn_n ↔ 官方 death_spawn_count	0	Skeleton:death_spawn_count = 0	ours=0 official=0	一致	coverage-enumerate.py (cards_stats_* / rarities)
S1数值	unit_cs:skeletons	deploy_ms ↔ 官方 deploy_time	1000	Skeleton:deploy_time = 1000	ours=1000 official=1000	一致	coverage-enumerate.py (cards_stats_* / rarities)
S1数值	unit_cs:skeletons	flying ↔ 官方 flying_height	0	Skeleton:flying_height = 0	ours=0 official=0	一致	coverage-enumerate.py (cards_stats_* / rarities)
S1数值	unit_cs:skeletons	hit_speed_ms ↔ 官方 hit_speed	1000	Skeleton:hit_speed = 1000	ours=1000 official=1000	一致	coverage-enumerate.py (cards_stats_* / rarities)
S1数值	unit_cs:skeletons	hp ↔ 官方 hitpoints_per_level	81	Skeleton:hitpoints_per_level = 81	ours=81 official=81	一致	coverage-enumerate.py (cards_stats_* / rarities)
S1数值	unit_cs:skeletons	id (本项目自定列)	-	本项目自定：id	ours=26020017	允许的差异(本项目自定列)	差异登记 D22 / docs/步骤文档.md §4.2
S1数值	unit_cs:skeletons	key (本项目自定列)	-	本项目自定：key	ours=skeletons	允许的差异(本项目自定列)	差异登记 D22 / docs/步骤文档.md §4.2
S1数值	unit_cs:skeletons	kind (本项目自定列)	-	本项目自定：kind	ours=0	允许的差异(本项目自定列)	差异登记 D22 / docs/步骤文档.md §4.2
S1数值	unit_cs:skeletons	life_ms ↔ 官方 life_time	0	Skeleton:life_time = 0	ours=0 official=0	一致	coverage-enumerate.py (cards_stats_* / rarities)
S1数值	unit_cs:skeletons	load_time_ms ↔ 官方 load_time	500	Skeleton:load_time = 500	ours=500 official=500	一致	coverage-enumerate.py (cards_stats_* / rarities)
S1数值	unit_cs:skeletons	mass ↔ 官方 mass	1	Skeleton:mass = 1	ours=1 official=1	一致	coverage-enumerate.py (cards_stats_* / rarities)
S1数值	unit_cs:skeletons	name_cn (本项目自定列)	-	本项目自定：name_cn	ours=骷髅兵	允许的差异(本项目自定列)	差异登记 D22 / docs/步骤文档.md §4.2
S1数值	unit_cs:skeletons	only_buildings ↔ 官方 target_only_buildings	0	Skeleton:target_only_buildings = 0	ours=0 official=0	一致	coverage-enumerate.py (cards_stats_* / rarities)
S1数值	unit_cs:skeletons	only_towers ↔ 官方 target_only_towers	0	Skeleton:target_only_towers = 0	ours=0 official=0	一致	coverage-enumerate.py (cards_stats_* / rarities)
S1数值	unit_cs:skeletons	only_troops ↔ 官方 target_only_troops	0	Skeleton:target_only_troops = 0	ours=0 official=0	一致	coverage-enumerate.py (cards_stats_* / rarities)
S1数值	unit_cs:skeletons	radius_mt ↔ 官方 collision_radius	500	Skeleton:collision_radius = 500	ours=500 official=500	一致	coverage-enumerate.py (cards_stats_* / rarities)
S1数值	unit_cs:skeletons	range_mt ↔ 官方 range	500	Skeleton:range = 500	ours=500 official=500	一致	coverage-enumerate.py (cards_stats_* / rarities)
S1数值	unit_cs:skeletons	sight_mt ↔ 官方 sight_range	5500	Skeleton:sight_range = 5500	ours=5500 official=5500	一致	coverage-enumerate.py (cards_stats_* / rarities)
S1数值	unit_cs:skeletons	spawn_interval_ms ↔ 官方 spawn_interval/spawn_pause_time	0	Skeleton:spawn_interval/spawn_pause_time = 0	ours=0 official=0	一致	coverage-enumerate.py (cards_stats_* / rarities)
S1数值	unit_cs:skeletons	spawn_limit ↔ 官方 spawn_limit	0	Skeleton:spawn_limit = 0	ours=0 official=0	一致	coverage-enumerate.py (cards_stats_* / rarities)
S1数值	unit_cs:skeletons	spawn_n ↔ 官方 spawn_number	0	Skeleton:spawn_number = 0	ours=0 official=0	一致	coverage-enumerate.py (cards_stats_* / rarities)
S1数值	unit_cs:skeletons	spawn_radius_mt ↔ 官方 spawn_radius	0	Skeleton:spawn_radius = 0	ours=0 official=0	一致	coverage-enumerate.py (cards_stats_* / rarities)
S1数值	unit_cs:skeletons	speed ↔ 官方 speed	90	Skeleton:speed = 90	ours=90 official=90	一致	coverage-enumerate.py (cards_stats_* / rarities)
S1数值	unit_cs:skeletons	sprite_dir (本项目自定列)	-	本项目自定：sprite_dir	ours=chr_skeleton_out	允许的差异(本项目自定列)	差异登记 D22 / docs/步骤文档.md §4.2
S1数值	unit_cs:skeletons	summon_deploy_delay_ms (本项目自定列)	-	本项目自定：summon_deploy_delay_ms	ours=0	允许的差异(本项目自定列)	差异登记 D22 / docs/步骤文档.md §4.2
S1数值	unit_cs:skeletons	summon_key (本项目自定列)	-	本项目自定：summon_key	ours=Skeleton	允许的差异(本项目自定列)	差异登记 D22 / docs/步骤文档.md §4.2
S1数值	unit_cs:skeletons	summon_n (本项目自定列)	-	本项目自定：summon_n	ours=3	允许的差异(本项目自定列)	差异登记 D22 / docs/步骤文档.md §4.2
S1数值	unit_cs:skeletons	summon_radius_mt (本项目自定列)	-	本项目自定：summon_radius_mt	ours=700	允许的差异(本项目自定列)	差异登记 D22 / docs/步骤文档.md §4.2
S1数值	unit_cs:spear-goblins	aoe_radius_mt ↔ 官方 area_damage_radius	0	SpearGoblin:area_damage_radius = 0	ours=0 official=0	一致	coverage-enumerate.py (cards_stats_* / rarities)
S1数值	unit_cs:spear-goblins	atk_air ↔ 官方 attacks_air	1	SpearGoblin:attacks_air = 1	ours=1 official=1	一致	coverage-enumerate.py (cards_stats_* / rarities)
S1数值	unit_cs:spear-goblins	atk_ground ↔ 官方 attacks_ground	1	SpearGoblin:attacks_ground = 1	ours=1 official=1	一致	coverage-enumerate.py (cards_stats_* / rarities)
S1数值	unit_cs:spear-goblins	damage ↔ 官方 damage_per_level	81	SpearGoblin:damage_per_level = 81	ours=81 official=81	一致	coverage-enumerate.py (cards_stats_* / rarities)
S1数值	unit_cs:spear-goblins	death_aoe_radius_mt ↔ 官方 death_damage_radius	0	SpearGoblin:death_damage_radius = 0	ours=0 official=0	一致	coverage-enumerate.py (cards_stats_* / rarities)
S1数值	unit_cs:spear-goblins	death_damage ↔ 官方 death_damage	0	SpearGoblin:death_damage = 0	ours=0 official=0	一致	coverage-enumerate.py (cards_stats_* / rarities)
S1数值	unit_cs:spear-goblins	death_spawn_n ↔ 官方 death_spawn_count	0	SpearGoblin:death_spawn_count = 0	ours=0 official=0	一致	coverage-enumerate.py (cards_stats_* / rarities)
S1数值	unit_cs:spear-goblins	deploy_ms ↔ 官方 deploy_time	1000	SpearGoblin:deploy_time = 1000	ours=1000 official=1000	一致	coverage-enumerate.py (cards_stats_* / rarities)
S1数值	unit_cs:spear-goblins	flying ↔ 官方 flying_height	0	SpearGoblin:flying_height = 0	ours=0 official=0	一致	coverage-enumerate.py (cards_stats_* / rarities)
S1数值	unit_cs:spear-goblins	hit_speed_ms ↔ 官方 hit_speed	1700	SpearGoblin:hit_speed = 1700	ours=1700 official=1700	一致	coverage-enumerate.py (cards_stats_* / rarities)
S1数值	unit_cs:spear-goblins	hp ↔ 官方 hitpoints_per_level	133	SpearGoblin:hitpoints_per_level = 133	ours=133 official=133	一致	coverage-enumerate.py (cards_stats_* / rarities)
S1数值	unit_cs:spear-goblins	id (本项目自定列)	-	本项目自定：id	ours=26020006	允许的差异(本项目自定列)	差异登记 D22 / docs/步骤文档.md §4.2
S1数值	unit_cs:spear-goblins	key (本项目自定列)	-	本项目自定：key	ours=spear-goblins	允许的差异(本项目自定列)	差异登记 D22 / docs/步骤文档.md §4.2
S1数值	unit_cs:spear-goblins	kind (本项目自定列)	-	本项目自定：kind	ours=0	允许的差异(本项目自定列)	差异登记 D22 / docs/步骤文档.md §4.2
S1数值	unit_cs:spear-goblins	life_ms ↔ 官方 life_time	0	SpearGoblin:life_time = 0	ours=0 official=0	一致	coverage-enumerate.py (cards_stats_* / rarities)
S1数值	unit_cs:spear-goblins	load_time_ms ↔ 官方 load_time	1200	SpearGoblin:load_time = 1200	ours=1200 official=1200	一致	coverage-enumerate.py (cards_stats_* / rarities)
S1数值	unit_cs:spear-goblins	mass ↔ 官方 mass	1	SpearGoblin:mass = 1	ours=1 official=1	一致	coverage-enumerate.py (cards_stats_* / rarities)
S1数值	unit_cs:spear-goblins	name_cn (本项目自定列)	-	本项目自定：name_cn	ours=哥布林投矛手	允许的差异(本项目自定列)	差异登记 D22 / docs/步骤文档.md §4.2
S1数值	unit_cs:spear-goblins	only_buildings ↔ 官方 target_only_buildings	0	SpearGoblin:target_only_buildings = 0	ours=0 official=0	一致	coverage-enumerate.py (cards_stats_* / rarities)
S1数值	unit_cs:spear-goblins	only_towers ↔ 官方 target_only_towers	0	SpearGoblin:target_only_towers = 0	ours=0 official=0	一致	coverage-enumerate.py (cards_stats_* / rarities)
S1数值	unit_cs:spear-goblins	only_troops ↔ 官方 target_only_troops	0	SpearGoblin:target_only_troops = 0	ours=0 official=0	一致	coverage-enumerate.py (cards_stats_* / rarities)
S1数值	unit_cs:spear-goblins	projectile_key ↔ 官方 custom_first_projectile/projectile	SpearGoblinProjectile	SpearGoblin:custom_first_projectile/projectile = SpearGoblinProjectile	ours=SpearGoblinProjectile official=SpearGoblinProjectile	一致	coverage-enumerate.py (cards_stats_* / rarities)
S1数值	unit_cs:spear-goblins	radius_mt ↔ 官方 collision_radius	500	SpearGoblin:collision_radius = 500	ours=500 official=500	一致	coverage-enumerate.py (cards_stats_* / rarities)
S1数值	unit_cs:spear-goblins	range_mt ↔ 官方 range	5500	SpearGoblin:range = 5500	ours=5500 official=5500	一致	coverage-enumerate.py (cards_stats_* / rarities)
S1数值	unit_cs:spear-goblins	sight_mt ↔ 官方 sight_range	5500	SpearGoblin:sight_range = 5500	ours=5500 official=5500	一致	coverage-enumerate.py (cards_stats_* / rarities)
S1数值	unit_cs:spear-goblins	spawn_interval_ms ↔ 官方 spawn_interval/spawn_pause_time	0	SpearGoblin:spawn_interval/spawn_pause_time = 0	ours=0 official=0	一致	coverage-enumerate.py (cards_stats_* / rarities)
S1数值	unit_cs:spear-goblins	spawn_limit ↔ 官方 spawn_limit	0	SpearGoblin:spawn_limit = 0	ours=0 official=0	一致	coverage-enumerate.py (cards_stats_* / rarities)
S1数值	unit_cs:spear-goblins	spawn_n ↔ 官方 spawn_number	0	SpearGoblin:spawn_number = 0	ours=0 official=0	一致	coverage-enumerate.py (cards_stats_* / rarities)
S1数值	unit_cs:spear-goblins	spawn_radius_mt ↔ 官方 spawn_radius	0	SpearGoblin:spawn_radius = 0	ours=0 official=0	一致	coverage-enumerate.py (cards_stats_* / rarities)
S1数值	unit_cs:spear-goblins	speed ↔ 官方 speed	120	SpearGoblin:speed = 120	ours=120 official=120	一致	coverage-enumerate.py (cards_stats_* / rarities)
S1数值	unit_cs:spear-goblins	sprite_dir (本项目自定列)	-	本项目自定：sprite_dir	ours=chr_goblin_out	允许的差异(本项目自定列)	差异登记 D22 / docs/步骤文档.md §4.2
S1数值	unit_cs:spear-goblins	summon_deploy_delay_ms (本项目自定列)	-	本项目自定：summon_deploy_delay_ms	ours=100	允许的差异(本项目自定列)	差异登记 D22 / docs/步骤文档.md §4.2
S1数值	unit_cs:spear-goblins	summon_key (本项目自定列)	-	本项目自定：summon_key	ours=SpearGoblin	允许的差异(本项目自定列)	差异登记 D22 / docs/步骤文档.md §4.2
S1数值	unit_cs:spear-goblins	summon_n (本项目自定列)	-	本项目自定：summon_n	ours=3	允许的差异(本项目自定列)	差异登记 D22 / docs/步骤文档.md §4.2
S1数值	unit_cs:spear-goblins	summon_radius_mt (本项目自定列)	-	本项目自定：summon_radius_mt	ours=0	允许的差异(本项目自定列)	差异登记 D22 / docs/步骤文档.md §4.2
S1数值	unit_cs:tesla	aoe_radius_mt ↔ 官方 area_damage_radius	0	Tesla:area_damage_radius = 0	ours=0 official=0	一致	coverage-enumerate.py (cards_stats_* / rarities)
S1数值	unit_cs:tesla	atk_air ↔ 官方 attacks_air	1	Tesla:attacks_air = 1	ours=1 official=1	一致	coverage-enumerate.py (cards_stats_* / rarities)
S1数值	unit_cs:tesla	atk_ground ↔ 官方 attacks_ground	1	Tesla:attacks_ground = 1	ours=1 official=1	一致	coverage-enumerate.py (cards_stats_* / rarities)
S1数值	unit_cs:tesla	damage ↔ 官方 damage_per_level	230	Tesla:damage_per_level = 230	ours=230 official=230	一致	coverage-enumerate.py (cards_stats_* / rarities)
S1数值	unit_cs:tesla	death_aoe_radius_mt ↔ 官方 death_damage_radius	0	Tesla:death_damage_radius = 0	ours=0 official=0	一致	coverage-enumerate.py (cards_stats_* / rarities)
S1数值	unit_cs:tesla	death_damage ↔ 官方 death_damage	0	Tesla:death_damage = 0	ours=0 official=0	一致	coverage-enumerate.py (cards_stats_* / rarities)
S1数值	unit_cs:tesla	death_spawn_n ↔ 官方 death_spawn_count	0	Tesla:death_spawn_count = 0	ours=0 official=0	一致	coverage-enumerate.py (cards_stats_* / rarities)
S1数值	unit_cs:tesla	deploy_ms ↔ 官方 deploy_time	1000	Tesla:deploy_time = 1000	ours=1000 official=1000	一致	coverage-enumerate.py (cards_stats_* / rarities)
S1数值	unit_cs:tesla	flying ↔ 官方 flying_height	0	Tesla:flying_height = 0	ours=0 official=0	一致	coverage-enumerate.py (cards_stats_* / rarities)
S1数值	unit_cs:tesla	hit_speed_ms ↔ 官方 hit_speed	1100	Tesla:hit_speed = 1100	ours=1100 official=1100	一致	coverage-enumerate.py (cards_stats_* / rarities)
S1数值	unit_cs:tesla	hp ↔ 官方 hitpoints_per_level	1152	Tesla:hitpoints_per_level = 1152	ours=1152 official=1152	一致	coverage-enumerate.py (cards_stats_* / rarities)
S1数值	unit_cs:tesla	id (本项目自定列)	-	本项目自定：id	ours=26020054	允许的差异(本项目自定列)	差异登记 D22 / docs/步骤文档.md §4.2
S1数值	unit_cs:tesla	key (本项目自定列)	-	本项目自定：key	ours=tesla	允许的差异(本项目自定列)	差异登记 D22 / docs/步骤文档.md §4.2
S1数值	unit_cs:tesla	kind (本项目自定列)	-	本项目自定：kind	ours=1	允许的差异(本项目自定列)	差异登记 D22 / docs/步骤文档.md §4.2
S1数值	unit_cs:tesla	life_ms ↔ 官方 life_time	30000	Tesla:life_time = 30000	ours=30000 official=30000	一致	coverage-enumerate.py (cards_stats_* / rarities)
S1数值	unit_cs:tesla	load_time_ms ↔ 官方 load_time	700	Tesla:load_time = 700	ours=700 official=700	一致	coverage-enumerate.py (cards_stats_* / rarities)
S1数值	unit_cs:tesla	mass ↔ 官方 mass	0	Tesla:mass = 0	ours=0 official=0	一致	coverage-enumerate.py (cards_stats_* / rarities)
S1数值	unit_cs:tesla	name_cn (本项目自定列)	-	本项目自定：name_cn	ours=特斯拉电磁塔	允许的差异(本项目自定列)	差异登记 D22 / docs/步骤文档.md §4.2
S1数值	unit_cs:tesla	only_buildings ↔ 官方 target_only_buildings	0	Tesla:target_only_buildings = 0	ours=0 official=0	一致	coverage-enumerate.py (cards_stats_* / rarities)
S1数值	unit_cs:tesla	only_towers ↔ 官方 target_only_towers	0	Tesla:target_only_towers = 0	ours=0 official=0	一致	coverage-enumerate.py (cards_stats_* / rarities)
S1数值	unit_cs:tesla	only_troops ↔ 官方 target_only_troops	0	Tesla:target_only_troops = 0	ours=0 official=0	一致	coverage-enumerate.py (cards_stats_* / rarities)
S1数值	unit_cs:tesla	radius_mt ↔ 官方 collision_radius	500	Tesla:collision_radius = 500	ours=500 official=500	一致	coverage-enumerate.py (cards_stats_* / rarities)
S1数值	unit_cs:tesla	range_mt ↔ 官方 range	5500	Tesla:range = 5500	ours=5500 official=5500	一致	coverage-enumerate.py (cards_stats_* / rarities)
S1数值	unit_cs:tesla	sight_mt ↔ 官方 sight_range	5500	Tesla:sight_range = 5500	ours=5500 official=5500	一致	coverage-enumerate.py (cards_stats_* / rarities)
S1数值	unit_cs:tesla	spawn_interval_ms ↔ 官方 spawn_interval/spawn_pause_time	0	Tesla:spawn_interval/spawn_pause_time = 0	ours=0 official=0	一致	coverage-enumerate.py (cards_stats_* / rarities)
S1数值	unit_cs:tesla	spawn_limit ↔ 官方 spawn_limit	0	Tesla:spawn_limit = 0	ours=0 official=0	一致	coverage-enumerate.py (cards_stats_* / rarities)
S1数值	unit_cs:tesla	spawn_n ↔ 官方 spawn_number	0	Tesla:spawn_number = 0	ours=0 official=0	一致	coverage-enumerate.py (cards_stats_* / rarities)
S1数值	unit_cs:tesla	spawn_radius_mt ↔ 官方 spawn_radius	0	Tesla:spawn_radius = 0	ours=0 official=0	一致	coverage-enumerate.py (cards_stats_* / rarities)
S1数值	unit_cs:tesla	speed ↔ 官方 speed	0	Tesla:speed = 0	ours=0 official=0	一致	coverage-enumerate.py (cards_stats_* / rarities)
S1数值	unit_cs:tesla	sprite_dir (本项目自定列)	-	本项目自定：sprite_dir	ours=building_tesla_out	允许的差异(本项目自定列)	差异登记 D22 / docs/步骤文档.md §4.2
S1数值	unit_cs:tesla	summon_deploy_delay_ms (本项目自定列)	-	本项目自定：summon_deploy_delay_ms	ours=0	允许的差异(本项目自定列)	差异登记 D22 / docs/步骤文档.md §4.2
S1数值	unit_cs:tesla	summon_key (本项目自定列)	-	本项目自定：summon_key	ours=	允许的差异(本项目自定列)	差异登记 D22 / docs/步骤文档.md §4.2
S1数值	unit_cs:tesla	summon_n (本项目自定列)	-	本项目自定：summon_n	ours=0	允许的差异(本项目自定列)	差异登记 D22 / docs/步骤文档.md §4.2
S1数值	unit_cs:tesla	summon_radius_mt (本项目自定列)	-	本项目自定：summon_radius_mt	ours=0	允许的差异(本项目自定列)	差异登记 D22 / docs/步骤文档.md §4.2
S1数值	unit_cs:tombstone	aoe_radius_mt ↔ 官方 area_damage_radius	0	Tombstone:area_damage_radius = 0	ours=0 official=0	一致	coverage-enumerate.py (cards_stats_* / rarities)
S1数值	unit_cs:tombstone	atk_air ↔ 官方 attacks_air	0	Tombstone:attacks_air = 0	ours=0 official=0	一致	coverage-enumerate.py (cards_stats_* / rarities)
S1数值	unit_cs:tombstone	atk_ground ↔ 官方 attacks_ground	1	Tombstone:attacks_ground = 1	ours=1 official=1	一致	coverage-enumerate.py (cards_stats_* / rarities)
S1数值	unit_cs:tombstone	death_aoe_radius_mt ↔ 官方 death_damage_radius	0	Tombstone:death_damage_radius = 0	ours=0 official=0	一致	coverage-enumerate.py (cards_stats_* / rarities)
S1数值	unit_cs:tombstone	death_damage ↔ 官方 death_damage	0	Tombstone:death_damage = 0	ours=0 official=0	一致	coverage-enumerate.py (cards_stats_* / rarities)
S1数值	unit_cs:tombstone	death_spawn_key ↔ 官方 death_spawn_character	Skeleton	Tombstone:death_spawn_character = Skeleton	ours=Skeleton official=Skeleton	一致	coverage-enumerate.py (cards_stats_* / rarities)
S1数值	unit_cs:tombstone	death_spawn_n ↔ 官方 death_spawn_count	4	Tombstone:death_spawn_count = 4	ours=4 official=4	一致	coverage-enumerate.py (cards_stats_* / rarities)
S1数值	unit_cs:tombstone	deploy_ms ↔ 官方 deploy_time	1000	Tombstone:deploy_time = 1000	ours=1000 official=1000	一致	coverage-enumerate.py (cards_stats_* / rarities)
S1数值	unit_cs:tombstone	flying ↔ 官方 flying_height	0	Tombstone:flying_height = 0	ours=0 official=0	一致	coverage-enumerate.py (cards_stats_* / rarities)
S1数值	unit_cs:tombstone	hit_speed_ms ↔ 官方 hit_speed	10000	Tombstone:hit_speed = 10000	ours=10000 official=10000	一致	coverage-enumerate.py (cards_stats_* / rarities)
S1数值	unit_cs:tombstone	hp ↔ 官方 hitpoints_per_level	530	Tombstone:hitpoints_per_level = 530	ours=530 official=530	一致	coverage-enumerate.py (cards_stats_* / rarities)
S1数值	unit_cs:tombstone	id (本项目自定列)	-	本项目自定：id	ours=26020057	允许的差异(本项目自定列)	差异登记 D22 / docs/步骤文档.md §4.2
S1数值	unit_cs:tombstone	key (本项目自定列)	-	本项目自定：key	ours=tombstone	允许的差异(本项目自定列)	差异登记 D22 / docs/步骤文档.md §4.2
S1数值	unit_cs:tombstone	kind (本项目自定列)	-	本项目自定：kind	ours=1	允许的差异(本项目自定列)	差异登记 D22 / docs/步骤文档.md §4.2
S1数值	unit_cs:tombstone	life_ms ↔ 官方 life_time	30000	Tombstone:life_time = 30000	ours=30000 official=30000	一致	coverage-enumerate.py (cards_stats_* / rarities)
S1数值	unit_cs:tombstone	load_time_ms ↔ 官方 load_time	0	Tombstone:load_time = 0	ours=0 official=0	一致	coverage-enumerate.py (cards_stats_* / rarities)
S1数值	unit_cs:tombstone	mass ↔ 官方 mass	0	Tombstone:mass = 0	ours=0 official=0	一致	coverage-enumerate.py (cards_stats_* / rarities)
S1数值	unit_cs:tombstone	name_cn (本项目自定列)	-	本项目自定：name_cn	ours=骷髅墓碑	允许的差异(本项目自定列)	差异登记 D22 / docs/步骤文档.md §4.2
S1数值	unit_cs:tombstone	only_buildings ↔ 官方 target_only_buildings	0	Tombstone:target_only_buildings = 0	ours=0 official=0	一致	coverage-enumerate.py (cards_stats_* / rarities)
S1数值	unit_cs:tombstone	only_towers ↔ 官方 target_only_towers	0	Tombstone:target_only_towers = 0	ours=0 official=0	一致	coverage-enumerate.py (cards_stats_* / rarities)
S1数值	unit_cs:tombstone	only_troops ↔ 官方 target_only_troops	0	Tombstone:target_only_troops = 0	ours=0 official=0	一致	coverage-enumerate.py (cards_stats_* / rarities)
S1数值	unit_cs:tombstone	radius_mt ↔ 官方 collision_radius	1000	Tombstone:collision_radius = 1000	ours=1000 official=1000	一致	coverage-enumerate.py (cards_stats_* / rarities)
S1数值	unit_cs:tombstone	range_mt ↔ 官方 range	0	Tombstone:range = 0	ours=0 official=0	一致	coverage-enumerate.py (cards_stats_* / rarities)
S1数值	unit_cs:tombstone	sight_mt ↔ 官方 sight_range	0	Tombstone:sight_range = 0	ours=0 official=0	一致	coverage-enumerate.py (cards_stats_* / rarities)
S1数值	unit_cs:tombstone	spawn_interval_ms ↔ 官方 spawn_interval/spawn_pause_time	500	Tombstone:spawn_interval/spawn_pause_time = 500	ours=500 official=500	一致	coverage-enumerate.py (cards_stats_* / rarities)
S1数值	unit_cs:tombstone	spawn_key ↔ 官方 spawn_character	Skeleton	Tombstone:spawn_character = Skeleton	ours=Skeleton official=Skeleton	一致	coverage-enumerate.py (cards_stats_* / rarities)
S1数值	unit_cs:tombstone	spawn_limit ↔ 官方 spawn_limit	0	Tombstone:spawn_limit = 0	ours=0 official=0	一致	coverage-enumerate.py (cards_stats_* / rarities)
S1数值	unit_cs:tombstone	spawn_n ↔ 官方 spawn_number	2	Tombstone:spawn_number = 2	ours=2 official=2	一致	coverage-enumerate.py (cards_stats_* / rarities)
S1数值	unit_cs:tombstone	spawn_radius_mt ↔ 官方 spawn_radius	0	Tombstone:spawn_radius = 0	ours=0 official=0	一致	coverage-enumerate.py (cards_stats_* / rarities)
S1数值	unit_cs:tombstone	speed ↔ 官方 speed	0	Tombstone:speed = 0	ours=0 official=0	一致	coverage-enumerate.py (cards_stats_* / rarities)
S1数值	unit_cs:tombstone	sprite_dir (本项目自定列)	-	本项目自定：sprite_dir	ours=building_tombstone_out	允许的差异(本项目自定列)	差异登记 D22 / docs/步骤文档.md §4.2
S1数值	unit_cs:tombstone	summon_deploy_delay_ms (本项目自定列)	-	本项目自定：summon_deploy_delay_ms	ours=0	允许的差异(本项目自定列)	差异登记 D22 / docs/步骤文档.md §4.2
S1数值	unit_cs:tombstone	summon_key (本项目自定列)	-	本项目自定：summon_key	ours=	允许的差异(本项目自定列)	差异登记 D22 / docs/步骤文档.md §4.2
S1数值	unit_cs:tombstone	summon_n (本项目自定列)	-	本项目自定：summon_n	ours=0	允许的差异(本项目自定列)	差异登记 D22 / docs/步骤文档.md §4.2
S1数值	unit_cs:tombstone	summon_radius_mt (本项目自定列)	-	本项目自定：summon_radius_mt	ours=0	允许的差异(本项目自定列)	差异登记 D22 / docs/步骤文档.md §4.2
S1数值	unit_cs:valkyrie	aoe_radius_mt ↔ 官方 area_damage_radius	2000	Valkyrie:area_damage_radius = 2000	ours=2000 official=2000	一致	coverage-enumerate.py (cards_stats_* / rarities)
S1数值	unit_cs:valkyrie	atk_air ↔ 官方 attacks_air	0	Valkyrie:attacks_air = 0	ours=0 official=0	一致	coverage-enumerate.py (cards_stats_* / rarities)
S1数值	unit_cs:valkyrie	atk_ground ↔ 官方 attacks_ground	1	Valkyrie:attacks_ground = 1	ours=1 official=1	一致	coverage-enumerate.py (cards_stats_* / rarities)
S1数值	unit_cs:valkyrie	damage ↔ 官方 damage_per_level	267	Valkyrie:damage_per_level = 267	ours=267 official=267	一致	coverage-enumerate.py (cards_stats_* / rarities)
S1数值	unit_cs:valkyrie	death_aoe_radius_mt ↔ 官方 death_damage_radius	0	Valkyrie:death_damage_radius = 0	ours=0 official=0	一致	coverage-enumerate.py (cards_stats_* / rarities)
S1数值	unit_cs:valkyrie	death_damage ↔ 官方 death_damage	0	Valkyrie:death_damage = 0	ours=0 official=0	一致	coverage-enumerate.py (cards_stats_* / rarities)
S1数值	unit_cs:valkyrie	death_spawn_n ↔ 官方 death_spawn_count	0	Valkyrie:death_spawn_count = 0	ours=0 official=0	一致	coverage-enumerate.py (cards_stats_* / rarities)
S1数值	unit_cs:valkyrie	deploy_ms ↔ 官方 deploy_time	1000	Valkyrie:deploy_time = 1000	ours=1000 official=1000	一致	coverage-enumerate.py (cards_stats_* / rarities)
S1数值	unit_cs:valkyrie	flying ↔ 官方 flying_height	0	Valkyrie:flying_height = 0	ours=0 official=0	一致	coverage-enumerate.py (cards_stats_* / rarities)
S1数值	unit_cs:valkyrie	hit_speed_ms ↔ 官方 hit_speed	1500	Valkyrie:hit_speed = 1500	ours=1500 official=1500	一致	coverage-enumerate.py (cards_stats_* / rarities)
S1数值	unit_cs:valkyrie	hp ↔ 官方 hitpoints_per_level	1908	Valkyrie:hitpoints_per_level = 1908	ours=1908 official=1908	一致	coverage-enumerate.py (cards_stats_* / rarities)
S1数值	unit_cs:valkyrie	id (本项目自定列)	-	本项目自定：id	ours=26020020	允许的差异(本项目自定列)	差异登记 D22 / docs/步骤文档.md §4.2
S1数值	unit_cs:valkyrie	key (本项目自定列)	-	本项目自定：key	ours=valkyrie	允许的差异(本项目自定列)	差异登记 D22 / docs/步骤文档.md §4.2
S1数值	unit_cs:valkyrie	kind (本项目自定列)	-	本项目自定：kind	ours=0	允许的差异(本项目自定列)	差异登记 D22 / docs/步骤文档.md §4.2
S1数值	unit_cs:valkyrie	life_ms ↔ 官方 life_time	0	Valkyrie:life_time = 0	ours=0 official=0	一致	coverage-enumerate.py (cards_stats_* / rarities)
S1数值	unit_cs:valkyrie	load_time_ms ↔ 官方 load_time	1400	Valkyrie:load_time = 1400	ours=1400 official=1400	一致	coverage-enumerate.py (cards_stats_* / rarities)
S1数值	unit_cs:valkyrie	mass ↔ 官方 mass	5	Valkyrie:mass = 5	ours=5 official=5	一致	coverage-enumerate.py (cards_stats_* / rarities)
S1数值	unit_cs:valkyrie	name_cn (本项目自定列)	-	本项目自定：name_cn	ours=瓦基丽武神	允许的差异(本项目自定列)	差异登记 D22 / docs/步骤文档.md §4.2
S1数值	unit_cs:valkyrie	only_buildings ↔ 官方 target_only_buildings	0	Valkyrie:target_only_buildings = 0	ours=0 official=0	一致	coverage-enumerate.py (cards_stats_* / rarities)
S1数值	unit_cs:valkyrie	only_towers ↔ 官方 target_only_towers	0	Valkyrie:target_only_towers = 0	ours=0 official=0	一致	coverage-enumerate.py (cards_stats_* / rarities)
S1数值	unit_cs:valkyrie	only_troops ↔ 官方 target_only_troops	0	Valkyrie:target_only_troops = 0	ours=0 official=0	一致	coverage-enumerate.py (cards_stats_* / rarities)
S1数值	unit_cs:valkyrie	radius_mt ↔ 官方 collision_radius	500	Valkyrie:collision_radius = 500	ours=500 official=500	一致	coverage-enumerate.py (cards_stats_* / rarities)
S1数值	unit_cs:valkyrie	range_mt ↔ 官方 range	1200	Valkyrie:range = 1200	ours=1200 official=1200	一致	coverage-enumerate.py (cards_stats_* / rarities)
S1数值	unit_cs:valkyrie	sight_mt ↔ 官方 sight_range	5500	Valkyrie:sight_range = 5500	ours=5500 official=5500	一致	coverage-enumerate.py (cards_stats_* / rarities)
S1数值	unit_cs:valkyrie	spawn_interval_ms ↔ 官方 spawn_interval/spawn_pause_time	0	Valkyrie:spawn_interval/spawn_pause_time = 0	ours=0 official=0	一致	coverage-enumerate.py (cards_stats_* / rarities)
S1数值	unit_cs:valkyrie	spawn_limit ↔ 官方 spawn_limit	0	Valkyrie:spawn_limit = 0	ours=0 official=0	一致	coverage-enumerate.py (cards_stats_* / rarities)
S1数值	unit_cs:valkyrie	spawn_n ↔ 官方 spawn_number	0	Valkyrie:spawn_number = 0	ours=0 official=0	一致	coverage-enumerate.py (cards_stats_* / rarities)
S1数值	unit_cs:valkyrie	spawn_radius_mt ↔ 官方 spawn_radius	0	Valkyrie:spawn_radius = 0	ours=0 official=0	一致	coverage-enumerate.py (cards_stats_* / rarities)
S1数值	unit_cs:valkyrie	speed ↔ 官方 speed	60	Valkyrie:speed = 60	ours=60 official=60	一致	coverage-enumerate.py (cards_stats_* / rarities)
S1数值	unit_cs:valkyrie	sprite_dir (本项目自定列)	-	本项目自定：sprite_dir	ours=chr_valkyrie_out	允许的差异(本项目自定列)	差异登记 D22 / docs/步骤文档.md §4.2
S1数值	unit_cs:valkyrie	summon_deploy_delay_ms (本项目自定列)	-	本项目自定：summon_deploy_delay_ms	ours=0	允许的差异(本项目自定列)	差异登记 D22 / docs/步骤文档.md §4.2
S1数值	unit_cs:valkyrie	summon_key (本项目自定列)	-	本项目自定：summon_key	ours=valkyrie	允许的差异(本项目自定列)	差异登记 D22 / docs/步骤文档.md §4.2
S1数值	unit_cs:valkyrie	summon_n (本项目自定列)	-	本项目自定：summon_n	ours=1	允许的差异(本项目自定列)	差异登记 D22 / docs/步骤文档.md §4.2
S1数值	unit_cs:valkyrie	summon_radius_mt (本项目自定列)	-	本项目自定：summon_radius_mt	ours=0	允许的差异(本项目自定列)	差异登记 D22 / docs/步骤文档.md §4.2
S1数值	unit_cs:witch	aoe_radius_mt ↔ 官方 area_damage_radius	0	Witch:area_damage_radius = 0	ours=0 official=0	一致	coverage-enumerate.py (cards_stats_* / rarities)
S1数值	unit_cs:witch	atk_air ↔ 官方 attacks_air	1	Witch:attacks_air = 1	ours=1 official=1	一致	coverage-enumerate.py (cards_stats_* / rarities)
S1数值	unit_cs:witch	atk_ground ↔ 官方 attacks_ground	1	Witch:attacks_ground = 1	ours=1 official=1	一致	coverage-enumerate.py (cards_stats_* / rarities)
S1数值	unit_cs:witch	damage ↔ 官方 damage_per_level	134	Witch:damage_per_level = 134	ours=134 official=134	一致	coverage-enumerate.py (cards_stats_* / rarities)
S1数值	unit_cs:witch	death_aoe_radius_mt ↔ 官方 death_damage_radius	0	Witch:death_damage_radius = 0	ours=0 official=0	一致	coverage-enumerate.py (cards_stats_* / rarities)
S1数值	unit_cs:witch	death_damage ↔ 官方 death_damage	0	Witch:death_damage = 0	ours=0 official=0	一致	coverage-enumerate.py (cards_stats_* / rarities)
S1数值	unit_cs:witch	death_spawn_n ↔ 官方 death_spawn_count	0	Witch:death_spawn_count = 0	ours=0 official=0	一致	coverage-enumerate.py (cards_stats_* / rarities)
S1数值	unit_cs:witch	deploy_ms ↔ 官方 deploy_time	1000	Witch:deploy_time = 1000	ours=1000 official=1000	一致	coverage-enumerate.py (cards_stats_* / rarities)
S1数值	unit_cs:witch	flying ↔ 官方 flying_height	0	Witch:flying_height = 0	ours=0 official=0	一致	coverage-enumerate.py (cards_stats_* / rarities)
S1数值	unit_cs:witch	hit_speed_ms ↔ 官方 hit_speed	1100	Witch:hit_speed = 1100	ours=1100 official=1100	一致	coverage-enumerate.py (cards_stats_* / rarities)
S1数值	unit_cs:witch	hp ↔ 官方 hitpoints_per_level	838	Witch:hitpoints_per_level = 838	ours=838 official=838	一致	coverage-enumerate.py (cards_stats_* / rarities)
S1数值	unit_cs:witch	id (本项目自定列)	-	本项目自定：id	ours=26020014	允许的差异(本项目自定列)	差异登记 D22 / docs/步骤文档.md §4.2
S1数值	unit_cs:witch	key (本项目自定列)	-	本项目自定：key	ours=witch	允许的差异(本项目自定列)	差异登记 D22 / docs/步骤文档.md §4.2
S1数值	unit_cs:witch	kind (本项目自定列)	-	本项目自定：kind	ours=0	允许的差异(本项目自定列)	差异登记 D22 / docs/步骤文档.md §4.2
S1数值	unit_cs:witch	life_ms ↔ 官方 life_time	0	Witch:life_time = 0	ours=0 official=0	一致	coverage-enumerate.py (cards_stats_* / rarities)
S1数值	unit_cs:witch	load_time_ms ↔ 官方 load_time	400	Witch:load_time = 400	ours=400 official=400	一致	coverage-enumerate.py (cards_stats_* / rarities)
S1数值	unit_cs:witch	mass ↔ 官方 mass	8	Witch:mass = 8	ours=8 official=8	一致	coverage-enumerate.py (cards_stats_* / rarities)
S1数值	unit_cs:witch	name_cn (本项目自定列)	-	本项目自定：name_cn	ours=女巫	允许的差异(本项目自定列)	差异登记 D22 / docs/步骤文档.md §4.2
S1数值	unit_cs:witch	only_buildings ↔ 官方 target_only_buildings	0	Witch:target_only_buildings = 0	ours=0 official=0	一致	coverage-enumerate.py (cards_stats_* / rarities)
S1数值	unit_cs:witch	only_towers ↔ 官方 target_only_towers	0	Witch:target_only_towers = 0	ours=0 official=0	一致	coverage-enumerate.py (cards_stats_* / rarities)
S1数值	unit_cs:witch	only_troops ↔ 官方 target_only_troops	0	Witch:target_only_troops = 0	ours=0 official=0	一致	coverage-enumerate.py (cards_stats_* / rarities)
S1数值	unit_cs:witch	projectile_key ↔ 官方 custom_first_projectile/projectile	WitchProjectile	Witch:custom_first_projectile/projectile = WitchProjectile	ours=WitchProjectile official=WitchProjectile	一致	coverage-enumerate.py (cards_stats_* / rarities)
S1数值	unit_cs:witch	radius_mt ↔ 官方 collision_radius	500	Witch:collision_radius = 500	ours=500 official=500	一致	coverage-enumerate.py (cards_stats_* / rarities)
S1数值	unit_cs:witch	range_mt ↔ 官方 range	5500	Witch:range = 5500	ours=5500 official=5500	一致	coverage-enumerate.py (cards_stats_* / rarities)
S1数值	unit_cs:witch	sight_mt ↔ 官方 sight_range	5500	Witch:sight_range = 5500	ours=5500 official=5500	一致	coverage-enumerate.py (cards_stats_* / rarities)
S1数值	unit_cs:witch	spawn_interval_ms ↔ 官方 spawn_interval/spawn_pause_time	7000	Witch:spawn_interval/spawn_pause_time = 7000	ours=7000 official=7000	一致	coverage-enumerate.py (cards_stats_* / rarities)
S1数值	unit_cs:witch	spawn_key ↔ 官方 spawn_character	Skeleton	Witch:spawn_character = Skeleton	ours=Skeleton official=Skeleton	一致	coverage-enumerate.py (cards_stats_* / rarities)
S1数值	unit_cs:witch	spawn_limit ↔ 官方 spawn_limit	0	Witch:spawn_limit = 0	ours=0 official=0	一致	coverage-enumerate.py (cards_stats_* / rarities)
S1数值	unit_cs:witch	spawn_n ↔ 官方 spawn_number	4	Witch:spawn_number = 4	ours=4 official=4	一致	coverage-enumerate.py (cards_stats_* / rarities)
S1数值	unit_cs:witch	spawn_radius_mt ↔ 官方 spawn_radius	2000	Witch:spawn_radius = 2000	ours=2000 official=2000	一致	coverage-enumerate.py (cards_stats_* / rarities)
S1数值	unit_cs:witch	speed ↔ 官方 speed	60	Witch:speed = 60	ours=60 official=60	一致	coverage-enumerate.py (cards_stats_* / rarities)
S1数值	unit_cs:witch	sprite_dir (本项目自定列)	-	本项目自定：sprite_dir	ours=chr_witch_out	允许的差异(本项目自定列)	差异登记 D22 / docs/步骤文档.md §4.2
S1数值	unit_cs:witch	summon_deploy_delay_ms (本项目自定列)	-	本项目自定：summon_deploy_delay_ms	ours=0	允许的差异(本项目自定列)	差异登记 D22 / docs/步骤文档.md §4.2
S1数值	unit_cs:witch	summon_key (本项目自定列)	-	本项目自定：summon_key	ours=witch	允许的差异(本项目自定列)	差异登记 D22 / docs/步骤文档.md §4.2
S1数值	unit_cs:witch	summon_n (本项目自定列)	-	本项目自定：summon_n	ours=1	允许的差异(本项目自定列)	差异登记 D22 / docs/步骤文档.md §4.2
S1数值	unit_cs:witch	summon_radius_mt (本项目自定列)	-	本项目自定：summon_radius_mt	ours=0	允许的差异(本项目自定列)	差异登记 D22 / docs/步骤文档.md §4.2
S1数值	unit_cs:wizard	aoe_radius_mt ↔ 官方 area_damage_radius	0	Wizard:area_damage_radius = 0	ours=0 official=0	一致	coverage-enumerate.py (cards_stats_* / rarities)
S1数值	unit_cs:wizard	atk_air ↔ 官方 attacks_air	1	Wizard:attacks_air = 1	ours=1 official=1	一致	coverage-enumerate.py (cards_stats_* / rarities)
S1数值	unit_cs:wizard	atk_ground ↔ 官方 attacks_ground	1	Wizard:attacks_ground = 1	ours=1 official=1	一致	coverage-enumerate.py (cards_stats_* / rarities)
S1数值	unit_cs:wizard	damage ↔ 官方 damage_per_level	281	Wizard:damage_per_level = 281	ours=281 official=281	一致	coverage-enumerate.py (cards_stats_* / rarities)
S1数值	unit_cs:wizard	death_aoe_radius_mt ↔ 官方 death_damage_radius	0	Wizard:death_damage_radius = 0	ours=0 official=0	一致	coverage-enumerate.py (cards_stats_* / rarities)
S1数值	unit_cs:wizard	death_damage ↔ 官方 death_damage	0	Wizard:death_damage = 0	ours=0 official=0	一致	coverage-enumerate.py (cards_stats_* / rarities)
S1数值	unit_cs:wizard	death_spawn_n ↔ 官方 death_spawn_count	0	Wizard:death_spawn_count = 0	ours=0 official=0	一致	coverage-enumerate.py (cards_stats_* / rarities)
S1数值	unit_cs:wizard	deploy_ms ↔ 官方 deploy_time	1000	Wizard:deploy_time = 1000	ours=1000 official=1000	一致	coverage-enumerate.py (cards_stats_* / rarities)
S1数值	unit_cs:wizard	flying ↔ 官方 flying_height	0	Wizard:flying_height = 0	ours=0 official=0	一致	coverage-enumerate.py (cards_stats_* / rarities)
S1数值	unit_cs:wizard	hit_speed_ms ↔ 官方 hit_speed	1400	Wizard:hit_speed = 1400	ours=1400 official=1400	一致	coverage-enumerate.py (cards_stats_* / rarities)
S1数值	unit_cs:wizard	hp ↔ 官方 hitpoints_per_level	720	Wizard:hitpoints_per_level = 720	ours=720 official=720	一致	coverage-enumerate.py (cards_stats_* / rarities)
S1数值	unit_cs:wizard	id (本项目自定列)	-	本项目自定：id	ours=26020025	允许的差异(本项目自定列)	差异登记 D22 / docs/步骤文档.md §4.2
S1数值	unit_cs:wizard	key (本项目自定列)	-	本项目自定：key	ours=wizard	允许的差异(本项目自定列)	差异登记 D22 / docs/步骤文档.md §4.2
S1数值	unit_cs:wizard	kind (本项目自定列)	-	本项目自定：kind	ours=0	允许的差异(本项目自定列)	差异登记 D22 / docs/步骤文档.md §4.2
S1数值	unit_cs:wizard	life_ms ↔ 官方 life_time	0	Wizard:life_time = 0	ours=0 official=0	一致	coverage-enumerate.py (cards_stats_* / rarities)
S1数值	unit_cs:wizard	load_time_ms ↔ 官方 load_time	1000	Wizard:load_time = 1000	ours=1000 official=1000	一致	coverage-enumerate.py (cards_stats_* / rarities)
S1数值	unit_cs:wizard	mass ↔ 官方 mass	5	Wizard:mass = 5	ours=5 official=5	一致	coverage-enumerate.py (cards_stats_* / rarities)
S1数值	unit_cs:wizard	name_cn (本项目自定列)	-	本项目自定：name_cn	ours=法师	允许的差异(本项目自定列)	差异登记 D22 / docs/步骤文档.md §4.2
S1数值	unit_cs:wizard	only_buildings ↔ 官方 target_only_buildings	0	Wizard:target_only_buildings = 0	ours=0 official=0	一致	coverage-enumerate.py (cards_stats_* / rarities)
S1数值	unit_cs:wizard	only_towers ↔ 官方 target_only_towers	0	Wizard:target_only_towers = 0	ours=0 official=0	一致	coverage-enumerate.py (cards_stats_* / rarities)
S1数值	unit_cs:wizard	only_troops ↔ 官方 target_only_troops	0	Wizard:target_only_troops = 0	ours=0 official=0	一致	coverage-enumerate.py (cards_stats_* / rarities)
S1数值	unit_cs:wizard	projectile_key ↔ 官方 custom_first_projectile/projectile	chr_wizardProjectile	Wizard:custom_first_projectile/projectile = chr_wizardProjectile	ours=chr_wizardProjectile official=chr_wizardProjectile	一致	coverage-enumerate.py (cards_stats_* / rarities)
S1数值	unit_cs:wizard	radius_mt ↔ 官方 collision_radius	500	Wizard:collision_radius = 500	ours=500 official=500	一致	coverage-enumerate.py (cards_stats_* / rarities)
S1数值	unit_cs:wizard	range_mt ↔ 官方 range	5500	Wizard:range = 5500	ours=5500 official=5500	一致	coverage-enumerate.py (cards_stats_* / rarities)
S1数值	unit_cs:wizard	sight_mt ↔ 官方 sight_range	5500	Wizard:sight_range = 5500	ours=5500 official=5500	一致	coverage-enumerate.py (cards_stats_* / rarities)
S1数值	unit_cs:wizard	spawn_interval_ms ↔ 官方 spawn_interval/spawn_pause_time	0	Wizard:spawn_interval/spawn_pause_time = 0	ours=0 official=0	一致	coverage-enumerate.py (cards_stats_* / rarities)
S1数值	unit_cs:wizard	spawn_limit ↔ 官方 spawn_limit	0	Wizard:spawn_limit = 0	ours=0 official=0	一致	coverage-enumerate.py (cards_stats_* / rarities)
S1数值	unit_cs:wizard	spawn_n ↔ 官方 spawn_number	0	Wizard:spawn_number = 0	ours=0 official=0	一致	coverage-enumerate.py (cards_stats_* / rarities)
S1数值	unit_cs:wizard	spawn_radius_mt ↔ 官方 spawn_radius	0	Wizard:spawn_radius = 0	ours=0 official=0	一致	coverage-enumerate.py (cards_stats_* / rarities)
S1数值	unit_cs:wizard	speed ↔ 官方 speed	60	Wizard:speed = 60	ours=60 official=60	一致	coverage-enumerate.py (cards_stats_* / rarities)
S1数值	unit_cs:wizard	sprite_dir (本项目自定列)	-	本项目自定：sprite_dir	ours=chr_wizard_out	允许的差异(本项目自定列)	差异登记 D22 / docs/步骤文档.md §4.2
S1数值	unit_cs:wizard	summon_deploy_delay_ms (本项目自定列)	-	本项目自定：summon_deploy_delay_ms	ours=0	允许的差异(本项目自定列)	差异登记 D22 / docs/步骤文档.md §4.2
S1数值	unit_cs:wizard	summon_key (本项目自定列)	-	本项目自定：summon_key	ours=wizard	允许的差异(本项目自定列)	差异登记 D22 / docs/步骤文档.md §4.2
S1数值	unit_cs:wizard	summon_n (本项目自定列)	-	本项目自定：summon_n	ours=1	允许的差异(本项目自定列)	差异登记 D22 / docs/步骤文档.md §4.2
S1数值	unit_cs:wizard	summon_radius_mt (本项目自定列)	-	本项目自定：summon_radius_mt	ours=0	允许的差异(本项目自定列)	差异登记 D22 / docs/步骤文档.md §4.2
S1数值	unit_cs:x-bow	aoe_radius_mt ↔ 官方 area_damage_radius	0	Xbow:area_damage_radius = 0	ours=0 official=0	一致	coverage-enumerate.py (cards_stats_* / rarities)
S1数值	unit_cs:x-bow	atk_air ↔ 官方 attacks_air	0	Xbow:attacks_air = 0	ours=0 official=0	一致	coverage-enumerate.py (cards_stats_* / rarities)
S1数值	unit_cs:x-bow	atk_ground ↔ 官方 attacks_ground	1	Xbow:attacks_ground = 1	ours=1 official=1	一致	coverage-enumerate.py (cards_stats_* / rarities)
S1数值	unit_cs:x-bow	damage ↔ 官方 damage_per_level	41	Xbow:damage_per_level = 41	ours=41 official=41	一致	coverage-enumerate.py (cards_stats_* / rarities)
S1数值	unit_cs:x-bow	death_aoe_radius_mt ↔ 官方 death_damage_radius	0	Xbow:death_damage_radius = 0	ours=0 official=0	一致	coverage-enumerate.py (cards_stats_* / rarities)
S1数值	unit_cs:x-bow	death_damage ↔ 官方 death_damage	0	Xbow:death_damage = 0	ours=0 official=0	一致	coverage-enumerate.py (cards_stats_* / rarities)
S1数值	unit_cs:x-bow	death_spawn_n ↔ 官方 death_spawn_count	0	Xbow:death_spawn_count = 0	ours=0 official=0	一致	coverage-enumerate.py (cards_stats_* / rarities)
S1数值	unit_cs:x-bow	deploy_ms ↔ 官方 deploy_time	3500	Xbow:deploy_time = 3500	ours=3500 official=3500	一致	coverage-enumerate.py (cards_stats_* / rarities)
S1数值	unit_cs:x-bow	flying ↔ 官方 flying_height	0	Xbow:flying_height = 0	ours=0 official=0	一致	coverage-enumerate.py (cards_stats_* / rarities)
S1数值	unit_cs:x-bow	hit_speed_ms ↔ 官方 hit_speed	300	Xbow:hit_speed = 300	ours=300 official=300	一致	coverage-enumerate.py (cards_stats_* / rarities)
S1数值	unit_cs:x-bow	hp ↔ 官方 hitpoints_per_level	1600	Xbow:hitpoints_per_level = 1600	ours=1600 official=1600	一致	coverage-enumerate.py (cards_stats_* / rarities)
S1数值	unit_cs:x-bow	id (本项目自定列)	-	本项目自定：id	ours=26020056	允许的差异(本项目自定列)	差异登记 D22 / docs/步骤文档.md §4.2
S1数值	unit_cs:x-bow	key (本项目自定列)	-	本项目自定：key	ours=x-bow	允许的差异(本项目自定列)	差异登记 D22 / docs/步骤文档.md §4.2
S1数值	unit_cs:x-bow	kind (本项目自定列)	-	本项目自定：kind	ours=1	允许的差异(本项目自定列)	差异登记 D22 / docs/步骤文档.md §4.2
S1数值	unit_cs:x-bow	life_ms ↔ 官方 life_time	30000	Xbow:life_time = 30000	ours=30000 official=30000	一致	coverage-enumerate.py (cards_stats_* / rarities)
S1数值	unit_cs:x-bow	load_time_ms ↔ 官方 load_time	0	Xbow:load_time = 0	ours=0 official=0	一致	coverage-enumerate.py (cards_stats_* / rarities)
S1数值	unit_cs:x-bow	mass ↔ 官方 mass	0	Xbow:mass = 0	ours=0 official=0	一致	coverage-enumerate.py (cards_stats_* / rarities)
S1数值	unit_cs:x-bow	name_cn (本项目自定列)	-	本项目自定：name_cn	ours=十字连弩	允许的差异(本项目自定列)	差异登记 D22 / docs/步骤文档.md §4.2
S1数值	unit_cs:x-bow	only_buildings ↔ 官方 target_only_buildings	0	Xbow:target_only_buildings = 0	ours=0 official=0	一致	coverage-enumerate.py (cards_stats_* / rarities)
S1数值	unit_cs:x-bow	only_towers ↔ 官方 target_only_towers	0	Xbow:target_only_towers = 0	ours=0 official=0	一致	coverage-enumerate.py (cards_stats_* / rarities)
S1数值	unit_cs:x-bow	only_troops ↔ 官方 target_only_troops	0	Xbow:target_only_troops = 0	ours=0 official=0	一致	coverage-enumerate.py (cards_stats_* / rarities)
S1数值	unit_cs:x-bow	projectile_key ↔ 官方 custom_first_projectile/projectile	xbow_projectile	Xbow:custom_first_projectile/projectile = xbow_projectile	ours=xbow_projectile official=xbow_projectile	一致	coverage-enumerate.py (cards_stats_* / rarities)
S1数值	unit_cs:x-bow	radius_mt ↔ 官方 collision_radius	600	Xbow:collision_radius = 600	ours=600 official=600	一致	coverage-enumerate.py (cards_stats_* / rarities)
S1数值	unit_cs:x-bow	range_mt ↔ 官方 range	11500	Xbow:range = 11500	ours=11500 official=11500	一致	coverage-enumerate.py (cards_stats_* / rarities)
S1数值	unit_cs:x-bow	sight_mt ↔ 官方 sight_range	11500	Xbow:sight_range = 11500	ours=11500 official=11500	一致	coverage-enumerate.py (cards_stats_* / rarities)
S1数值	unit_cs:x-bow	spawn_interval_ms ↔ 官方 spawn_interval/spawn_pause_time	0	Xbow:spawn_interval/spawn_pause_time = 0	ours=0 official=0	一致	coverage-enumerate.py (cards_stats_* / rarities)
S1数值	unit_cs:x-bow	spawn_limit ↔ 官方 spawn_limit	0	Xbow:spawn_limit = 0	ours=0 official=0	一致	coverage-enumerate.py (cards_stats_* / rarities)
S1数值	unit_cs:x-bow	spawn_n ↔ 官方 spawn_number	0	Xbow:spawn_number = 0	ours=0 official=0	一致	coverage-enumerate.py (cards_stats_* / rarities)
S1数值	unit_cs:x-bow	spawn_radius_mt ↔ 官方 spawn_radius	0	Xbow:spawn_radius = 0	ours=0 official=0	一致	coverage-enumerate.py (cards_stats_* / rarities)
S1数值	unit_cs:x-bow	speed ↔ 官方 speed	0	Xbow:speed = 0	ours=0 official=0	一致	coverage-enumerate.py (cards_stats_* / rarities)
S1数值	unit_cs:x-bow	sprite_dir (本项目自定列)	-	本项目自定：sprite_dir	ours=building_xbow_out	允许的差异(本项目自定列)	差异登记 D22 / docs/步骤文档.md §4.2
S1数值	unit_cs:x-bow	summon_deploy_delay_ms (本项目自定列)	-	本项目自定：summon_deploy_delay_ms	ours=0	允许的差异(本项目自定列)	差异登记 D22 / docs/步骤文档.md §4.2
S1数值	unit_cs:x-bow	summon_key (本项目自定列)	-	本项目自定：summon_key	ours=	允许的差异(本项目自定列)	差异登记 D22 / docs/步骤文档.md §4.2
S1数值	unit_cs:x-bow	summon_n (本项目自定列)	-	本项目自定：summon_n	ours=0	允许的差异(本项目自定列)	差异登记 D22 / docs/步骤文档.md §4.2
S1数值	unit_cs:x-bow	summon_radius_mt (本项目自定列)	-	本项目自定：summon_radius_mt	ours=0	允许的差异(本项目自定列)	差异登记 D22 / docs/步骤文档.md §4.2
S1数值	unit_cs:xbow_projectile	damage ↔ 官方 damage_per_level	41	xbow_projectile:damage_per_level = 41	ours=41 official=41	一致	coverage-enumerate.py (cards_stats_* / rarities)
S1数值	unit_cs:xbow_projectile	id (本项目自定列)	-	本项目自定：id	ours=26020087	允许的差异(本项目自定列)	差异登记 D22 / docs/步骤文档.md §4.2
S1数值	unit_cs:xbow_projectile	key (本项目自定列)	-	本项目自定：key	ours=xbow_projectile	允许的差异(本项目自定列)	差异登记 D22 / docs/步骤文档.md §4.2
S1数值	unit_cs:xbow_projectile	kind (本项目自定列)	-	本项目自定：kind	ours=3	允许的差异(本项目自定列)	差异登记 D22 / docs/步骤文档.md §4.2
S1数值	unit_cs:xbow_projectile	name_cn (本项目自定列)	-	本项目自定：name_cn	ours=	允许的差异(本项目自定列)	差异登记 D22 / docs/步骤文档.md §4.2
S1数值	unit_cs:xbow_projectile	spawn_interval_ms ↔ 官方 spawn_interval/spawn_pause_time	0	xbow_projectile:spawn_interval/spawn_pause_time = 0	ours=0 official=0	一致	coverage-enumerate.py (cards_stats_* / rarities)
S1数值	unit_cs:xbow_projectile	speed ↔ 官方 speed	1400	xbow_projectile:speed = 1400	ours=1400 official=1400	一致	coverage-enumerate.py (cards_stats_* / rarities)
S1数值	unit_cs:xbow_projectile	sprite_dir (本项目自定列)	-	本项目自定：sprite_dir	ours=	允许的差异(本项目自定列)	差异登记 D22 / docs/步骤文档.md §4.2
S1数值	unit_cs:xbow_projectile	summon_deploy_delay_ms (本项目自定列)	-	本项目自定：summon_deploy_delay_ms	ours=0	允许的差异(本项目自定列)	差异登记 D22 / docs/步骤文档.md §4.2
S1数值	unit_cs:xbow_projectile	summon_key (本项目自定列)	-	本项目自定：summon_key	ours=	允许的差异(本项目自定列)	差异登记 D22 / docs/步骤文档.md §4.2
S1数值	unit_cs:xbow_projectile	summon_n (本项目自定列)	-	本项目自定：summon_n	ours=0	允许的差异(本项目自定列)	差异登记 D22 / docs/步骤文档.md §4.2
S1数值	unit_cs:xbow_projectile	summon_radius_mt (本项目自定列)	-	本项目自定：summon_radius_mt	ours=0	允许的差异(本项目自定列)	差异登记 D22 / docs/步骤文档.md §4.2
S1数值	打表产物 card.tsv	产物行数 vs 源表行数	60	源表数据行必须等于产物数据行	src=60 tsv=60	一致	coverage-enumerate.py (table tsv)
S1数值	打表产物 spell.tsv	产物行数 vs 源表行数	10	源表数据行必须等于产物数据行	src=10 tsv=10	一致	coverage-enumerate.py (table tsv)
S1数值	打表产物 unit.tsv	产物行数 vs 源表行数	90	源表数据行必须等于产物数据行	src=90 tsv=90	一致	coverage-enumerate.py (table tsv)
S2	分辨率	环境基线	画布分辨率	竖版须 1080x1920 (闸门0 朝向)	Play 内 Screen=1080x1920; deviceType=Direct3D12	一致	aj1-play.log(eval step0..5 screen=1080x1920)
S2	客户端内存	内存 MB	—	一次 Play 读内存占用	已采（同一 Play 会话内多次读数）：`Profiler.GetTotalAllocatedMemoryLong`=**2050~2059 MB**；`GetTotalReservedMemoryLong`=**3367 MB**；`GetMonoHeapSizeLong`=**243 MB**；`GetMonoUsedSizeLong`=**154~180 MB**。⚠️ 编辑器内读数含编辑器域，不等于 player 运行时	一致（已采到运行时读值）	AL3-evidence step0 env.baseline memAllocMB=2034 … / step19 memAllocMB=2050 memReservedMB=3367 monoHeapMB=243 monoUsedMB=166 / step25-31 同口径
S2	客户端加载时间: 进图	加载 ms	Login→MainMenu→Battle01	一次 Play 计进图时长	已采：t0 = 点 `AiBattleButton` 那一刻的 `Time.realtimeSinceStartup`（step18 写盘），t1 = 下一帧采样（step19）= **691 ms**。⚠️ 该值含一次 `unity CLI` 往返（约 0.2~0.5s）⇒ 真实进图加载 ≈ 0.2~0.5 s；口径已如实登记	一致（已采到；含 CLI 往返已登记）	AL3-evidence step18 t0 写盘 + step19: battle.loadMs(from click to now, includes ~1 CLI round-trip)=691；step19 open.Hud=True [Timer]='--:--'（对局已就位）
S2	客户端帧时间: 60 单位场景	帧时间 ms/帧	60 单位在场	任务要求的 60 单位客户端场景	未达 60 单位：本片对局存活单位峰值 = **7**（step 25..31: 0→1→7→7→7→7→7，`CR.View.BattleViewRoot.Instance.LiveUnitCount`）⇒ 60 单位场景不可达。已采的相邻事实：`Application.targetFrameRate=30`、`QualitySettings.vSyncCount=0`、渲染设备为真 GPU；`Time.deltaTime` 采样 5.54 / 9.14 / 13.27 / 14.54 / 15.04 / 32.36 / 34.00 / 34.21 / 34.39 / 34.69 / **333.33** ms（333 那几笔是编辑器窗口失焦时的节流样本，如实登记，不可用于帧率结论）	允许的差异（D89）	AL3-evidence step19/25-31 PerfLine: targetFps=30 dtMs=… units=7；step23 dtMs=9.14 units=0；关于失焦节流登记于 AL3-report.md；差异登记 D89；验收表 §3 D89
S2	客户端帧时间: 进对局(Battle01, AI 对局)	帧时间 ms/帧	实测窗口 dFrames=211/7.509s, 193/7.678s, 224/7.630s	采一次 Play 的帧时间 (须附设备名+分辨率)	msPerFrame=35.59 / 39.78 / 34.06 → fps=28.1 / 25.1 / 29.4; 稳态 dtMs≈33ms(≈30fps 上限); 窗口2 出现 dtMs=333.33 单帧卡顿(spike)	一致	aj1-play.log(eval step3/4/5 WINDOW 行); .ai-tmp/test/aj1-frames.txt
S2	服务端帧预算: 300s 对局(6000 tick)	每 tick 成本	60 单位常驻(A) / 30v30 交战(B)	两种场景各 6000 tick 均 <2s (T8 perf 断言, 复用)	TestPerfFullMatch PASS (0.80s); A/B 各 6000 tick	一致	server/game/core/battle_test.go:454 (go -C server test ./game/core/... ok)
S2	渲染设备名	环境基线(先证伪)	真 GPU vs 软光栅	必须真 GPU, 否则帧时间无意义 (SKILL §2 第7条; experience/perf-triage.md)	env-check: PASS physical-gpu AMD Radeon RX 5700 XT code=0; Unity Renderer=AMD Radeon RX 5700 XT (ID=0x731f); Play 内 SystemInfo.graphicsDeviceName=AMD Radeon RX 5700 XT, deviceType=Direct3D12	一致	tools/env-check.ps1 原文(ENV-OK); client/Logs/Editor.log 'Renderer: AMD Radeon RX 5700 XT (ID=0x731f)'; aj1-play.log step0..5 dev=
S2	环境自检(杀软/GPU/崩溃风暴)	环境闸门	exit 0/1	env-check.ps1 exit 0 ⇒ 可用 (闸门②)	ENV-OK (ENVEXIT=0); INFO OrayIddDriver(虚拟显示, 非致命)	一致	powershell -File tools/env-check.ps1
S3	BgmVolume	设置项	0/1/中间值	生效于 SoundGroup.BGM; 重启保持	Init 读 key audio.bgm 并 ApplyVolume；改动时 SetBgmVolume→SetVolume+Persist+Save	一致(脚本)	SettingsManager.cs:82/86/208-214
S3	BgmVolume	边界0	0	静音(BGM组音量0)	Clamp01 允许0；SetVolume(0)	一致(脚本)	SettingsManager.cs:265-268
S3	Fullscreen	设置项	true/false	生效于 Screen.fullScreen; 重启保持	ApplyFullscreen 直设 Screen.fullScreen；key video.fullscreen	一致(脚本)	SettingsManager.cs:112/243-247/290-294
S3	QualityTier	AF1 vs V5 矛盾	—	查清走哪条路	SettingsManager 确调 Game.Quality.SetLevel ⇒ 真接引擎(V5 对)；AF1"命中0"口径有误	一致(脚本)	SettingsManager.cs:64/287；Quality.cs
S3	QualityTier	AutoDetect首次	无键	按设备能力定档并落盘	Game.Quality.AutoDetect()→按内存/显存分级→SaveLevel(quality_level)	一致(脚本)	SettingsManager.cs:92-101；Quality.cs:123-141
S3	QualityTier	引擎自动降档联动	fps低于70%目标	降档并保存	引擎 SetLevel→SaveLevel(quality_level)；项目键 video.quality_tier 不同步⇒下次启动读旧值覆盖降档	一致	AH1 已修：SettingsManager 改用引擎键 quality_level；AH1-对照表行.md S3-R2（CORE_DOWNGRADE_SURVIVED=YES）
S3	QualityTier	真接到引擎	—	画质改档应改 Unity QualitySettings	Game.Quality.SetLevel→QualityManager.SetLevel→Apply:QualitySettings.shadows/targetFrameRate/maximumLODLevel/ResizeBuffers	一致(脚本)	SettingsManager.cs:287；Quality.cs:84-194
S3	QualityTier	设置项	0/1/2	生效于引擎画质(阴影/帧率/LOD/分辨率缩放); 重启保持	Init 读 key video.quality_tier→ApplyQuality→Game.Quality.SetLevel→引擎Apply→QualitySettings	一致	AH1 已修：AH1-对照表行.md S3-R1（engine[quality_level]=2 与项目键一致）
S3	QualityTier	重启保持(键一致)	—	项目键与引擎键应一致	项目写 video.quality_tier；引擎 SaveLevel/LoadLevel 用 quality_level ⇒ 两键不互通	一致	AH1 已修：AH1-对照表行.md S3-R3（CORE_LEGACY_MIGRATED=YES）
S3	SfxVolume	设置项	0/1/中间值	生效于 SoundGroup.SFX; 重启保持	同 BGM 路径(key audio.sfx)	一致(脚本)	SettingsManager.cs:83/217-223
S3	SfxVolume	边界0	0	静音	Clamp01	一致(脚本)	SettingsManager.cs:265-268
S3	VoiceVolume	设置项	0/1/中间值	生效于 SoundGroup.Voice; 重启保持	同 BGM 路径(key audio.voice)	一致(脚本)	SettingsManager.cs:84/226-232
S3	分辨率	设置项	—	本项目无独立分辨率项(仅全屏)	SettingsSnapshot 无分辨率字段	一致(不适用)	SettingsSnapshot.cs:17-33
S3	画质越界	>2或<0	超界	忽略并Warn	OnQualityRequest 校验 tier 范围	一致(脚本)	SettingsManager.cs:186-193
S3	设置落盘	每次改动	—	立刻落盘(不依赖退出)	Persist:Game.Setting.Set+Save	一致(脚本)	SettingsManager.cs:300-309
S3	设置面板订阅	面板改动→真改	—	*Request 有订阅者(V5修复)	SettingsManager 订阅 BgmVolumeRequest 等5条	一致(脚本)	SettingsManager.cs:130-155
S3	语言	设置项	—	本项目无语言设置项	SettingsSnapshot 无语言字段	一致(不适用)	SettingsSnapshot.cs:17-33
S3	键位设置	设置项	—	本项目无键位自定义	无键位设置字段	一致(不适用)	SettingsSnapshot.cs:17-33
S3	音量越界	>1 或 <0	超界	夹取到[0,1]	Clamp01	一致(脚本)	SettingsManager.cs:265-268
动画×逻辑状态	攻击时是否真播攻击段	-	anim=2 由 combat.go:72 setAnim(AnimAttack)	跑到 AnimRanges attack 区间	AV1 三次实时 census 实测：快照含 anim==2 的样本 73/25/34；UnitView.Anim 与快照 anim 逐帧相等（SNAP/VIEW = 19/636/73/0）；联络图 AV1-knight-3tiers-live.png 三行齐全（attack = chr_pekka_out frameNo=340 ∈ [333,395]）　｜　BC1（2026-09-22）按 AT1 口径重出帧段表：54 目录 / 149 档（idle 49 / walk 48 / attack 50 / die 2）；attack 不可用格由 61 格降至 4 格（4 = building_inferno_tower_out / chr_electro_wizard_out / chr_goblin_referee_out / ui_out，非单位目录或确无该档）⇒ D96 基本消除	一致	combat.go:72; UnitView.cs:271-282; .ai-tmp/test/AV1-census{,2,3,4}.tsv; .ai-tmp/screenshots/AV1-knight-3tiers-live.png; .ai-tmp/test/BC1-play-evidence.txt（COVERAGE tiers idle=49 walk=48 attack=50 die=2 totalKnown=149）
动画×逻辑状态	死亡时播什么	-	anim=3(setAnim(AnimDie))	-	AV1 实测 anim==3 恒 0（三次实时 + 两次离线 census）⇒ 死亡那 tick 的动画从未下发：stepDeaths()+compact() 在 Snapshot() 之前摘掉实体（battle.go:175-176,592-603 / snapshot.go:104）。**AW1 修复（2026-09-22）后**：snapshot.go 对 !alive 实体置 deathReported、compact() 改为「已下发过的尸体才回收」⇒ 每例死亡在其死掉那一 tick 的快照里带一次 anim=3（hp=0），客户端 UnitView 消费（viewDie）——离线整局 die=104（修前 0）、实时 die=10 且 viewDie=10 ⇒ .ai-tmp/test/AW1-census.tsv；die 素材/帧区间仍缺 ⇒ D50/D97；**D97 已定论**：BC1-D97 定论（2026-09-22）：原版资源/sc/ 全部 89 个 .sc 逐 export 穷举 5341 条（.ai-tmp/test/BC1-d97-exports.tsv）+ 13 英 / 5 中 die 词表（BC1-d97-words.tsv）零命中⇒ 源内不存在可用 die 帧段 / 导出名（非解析缺陷）；差异登记 D97	允许的差异（D50 / D97）	combat.go:98; battle.go:175-176,592-603; snapshot.go:104; .ai-tmp/test/AV1-report.md §1.4; 差异登记 D50/D97（D103 已消除：AW1 修复）; .ai-tmp/test/AW1-census.tsv; .ai-tmp/test/BC1-report.md §3
动画×逻辑状态	被击退时动画	-	无击退机制	-	无对应表现	一致(项目无)	-
音乐×场景转移	回主菜单是否起	-	StationChanged MainMenu	起菜单曲	Play(BgmMenu)	一致	BgmView.cs:136-141
音乐×场景转移	暂停时是否切曲	-	StationChanged Pause	原版行为未见	实机两读数一致：进 Pause **前** `bgm.currentClip=Battle/2min_loop_battle_01`，点了 HUD 的「暂停」按钮进入 `station=Pause`（`open.Pause=True`）**后**仍为 `Battle/2min_loop_battle_01` ⇒ **暂停不换曲**，与 BgmView.cs:148-150 的 `case Stations.Pause: break;` 一致	一致	AL3-evidence step22: pre.pause clip=Battle/2min_loop_battle_01 + click.PauseButton CLICKED / step23: station=Pause open.Pause=True bgm.currentClip=Battle/2min_loop_battle_01；BgmView.cs:148-150；.ai-tmp/screenshots/AL3-shots/AL3-pause.png
音乐×场景转移	进图是否停菜单曲	-	StationChanged Battle	停菜单起对局	PlayBGM 交叉淡出自动停旧(实机日志 AF1)	一致	BgmView.cs; AF1报告 B3
音效×事件×材质	kind 0..5 逐条音效	-	0出牌/1生成/2死亡/3塔毁/4圣水满/5塔激活	-	0=PlayCardRequest代,2=Hit,3=TowerDown,4=ElixirFull;1/5 无	允许的差异（D79）	AH2-report.md §2（kind==1 生成不播，其余 R2/R4 已补）
